match,home_team,away_team,market_name,player_name,player_team,line,over_price,agency,event_id,outcome_name,outcome_id,fixed_market_id,opposition_team,under_price,outcome_name_unders,outcome_id_unders,fixed_market_id_unders
Denver Nuggets v Philadelphia 76ers,Denver Nuggets,Philadelphia 76ers,Player Threes,Christian Braun,Denver Nuggets,0.5,1.33,BetRight,56799194,Christian Braun 1+,1,306249644,Philadelphia 76ers,NA,NA,NA,NA
Denver Nuggets v Philadelphia 76ers,Denver Nuggets,Philadelphia 76ers,Player Threes,Christian Braun,Denver Nuggets,1.5,2.4,BetRight,56799194,Christian Braun 2+,2,306249643,Philadelphia 76ers,NA,NA,NA,NA
Denver Nuggets v Philadelphia 76ers,Denver Nuggets,Philadelphia 76ers,Player Threes,Christian Braun,Denver Nuggets,2.5,5.75,BetRight,56799194,Christian Braun 3+,3,306249642,Philadelphia 76ers,NA,NA,NA,NA
Denver Nuggets v Philadelphia 76ers,Denver Nuggets,Philadelphia 76ers,Player Threes,Aaron Gordon,Denver Nuggets,0.5,1.18,BetRight,56799197,Aaron Gordon 1+,1,306249656,Philadelphia 76ers,NA,NA,NA,NA
Denver Nuggets v Philadelphia 76ers,Denver Nuggets,Philadelphia 76ers,Player Threes,Aaron Gordon,Denver Nuggets,1.5,1.82,BetRight,56799197,Aaron Gordon 2+,2,306249658,Philadelphia 76ers,NA,NA,NA,NA
Denver Nuggets v Philadelphia 76ers,Denver Nuggets,Philadelphia 76ers,Player Threes,Aaron Gordon,Denver Nuggets,2.5,3.5,BetRight,56799197,Aaron Gordon 3+,3,306249657,Philadelphia 76ers,NA,NA,NA,NA
Denver Nuggets v Philadelphia 76ers,Denver Nuggets,Philadelphia 76ers,Player Threes,Tim Hardaway Jr.,Denver Nuggets,1.5,1.38,BetRight,56799201,Tim Hardaway Jr. 2+,1,306249670,Philadelphia 76ers,NA,NA,NA,NA
Denver Nuggets v Philadelphia 76ers,Denver Nuggets,Philadelphia 76ers,Player Threes,Tim Hardaway Jr.,Denver Nuggets,2.5,2.1,BetRight,56799201,Tim Hardaway Jr. 3+,2,306249669,Philadelphia 76ers,NA,NA,NA,NA
Denver Nuggets v Philadelphia 76ers,Denver Nuggets,Philadelphia 76ers,Player Threes,Tim Hardaway Jr.,Denver Nuggets,3.5,3.8,BetRight,56799201,Tim Hardaway Jr. 4+,3,306249671,Philadelphia 76ers,NA,NA,NA,NA
Denver Nuggets v Philadelphia 76ers,Denver Nuggets,Philadelphia 76ers,Player Threes,Cameron Johnson,Denver Nuggets,0.5,1.15,BetRight,56799205,Cameron Johnson 1+,1,306249684,Philadelphia 76ers,NA,NA,NA,NA
Denver Nuggets v Philadelphia 76ers,Denver Nuggets,Philadelphia 76ers,Player Threes,Cameron Johnson,Denver Nuggets,1.5,1.68,BetRight,56799205,Cameron Johnson 2+,2,306249682,Philadelphia 76ers,NA,NA,NA,NA
Denver Nuggets v Philadelphia 76ers,Denver Nuggets,Philadelphia 76ers,Player Threes,Cameron Johnson,Denver Nuggets,2.5,3,BetRight,56799205,Cameron Johnson 3+,3,306249683,Philadelphia 76ers,NA,NA,NA,NA
Denver Nuggets v Philadelphia 76ers,Denver Nuggets,Philadelphia 76ers,Player Threes,Nikola Joki<c4><87>,NA,0.5,1.14,BetRight,56799209,Nikola Jokic 1+,1,306249698,NA,NA,NA,NA,NA
Denver Nuggets v Philadelphia 76ers,Denver Nuggets,Philadelphia 76ers,Player Threes,Nikola Joki<c4><87>,NA,1.5,1.68,BetRight,56799209,Nikola Jokic 2+,2,306249697,NA,NA,NA,NA,NA
Denver Nuggets v Philadelphia 76ers,Denver Nuggets,Philadelphia 76ers,Player Threes,Nikola Joki<c4><87>,NA,2.5,3,BetRight,56799209,Nikola Jokic 3+,3,306249699,NA,NA,NA,NA,NA
Denver Nuggets v Philadelphia 76ers,Denver Nuggets,Philadelphia 76ers,Player Threes,Jamal Murray,Denver Nuggets,1.5,1.22,BetRight,56799213,Jamal Murray 2+,1,306249714,Philadelphia 76ers,NA,NA,NA,NA
Denver Nuggets v Philadelphia 76ers,Denver Nuggets,Philadelphia 76ers,Player Threes,Jamal Murray,Denver Nuggets,2.5,1.7,BetRight,56799213,Jamal Murray 3+,2,306249712,Philadelphia 76ers,NA,NA,NA,NA
Denver Nuggets v Philadelphia 76ers,Denver Nuggets,Philadelphia 76ers,Player Threes,Jamal Murray,Denver Nuggets,3.5,2.63,BetRight,56799213,Jamal Murray 4+,3,306249713,Philadelphia 76ers,NA,NA,NA,NA
Denver Nuggets v Philadelphia 76ers,Denver Nuggets,Philadelphia 76ers,Player Threes,VJ Edgecombe,Philadelphia 76ers,0.5,1.11,BetRight,56799217,VJ Edgecombe 1+,1,306249723,Denver Nuggets,NA,NA,NA,NA
Denver Nuggets v Philadelphia 76ers,Denver Nuggets,Philadelphia 76ers,Player Threes,VJ Edgecombe,Philadelphia 76ers,1.5,1.57,BetRight,56799217,VJ Edgecombe 2+,2,306249725,Denver Nuggets,NA,NA,NA,NA
Denver Nuggets v Philadelphia 76ers,Denver Nuggets,Philadelphia 76ers,Player Threes,VJ Edgecombe,Philadelphia 76ers,2.5,2.63,BetRight,56799217,VJ Edgecombe 3+,3,306249724,Denver Nuggets,NA,NA,NA,NA
Denver Nuggets v Philadelphia 76ers,Denver Nuggets,Philadelphia 76ers,Player Threes,Justin Edwards,Philadelphia 76ers,0.5,1.15,BetRight,56799221,Justin Edwards 1+,1,306249751,Denver Nuggets,NA,NA,NA,NA
Denver Nuggets v Philadelphia 76ers,Denver Nuggets,Philadelphia 76ers,Player Threes,Justin Edwards,Philadelphia 76ers,1.5,1.68,BetRight,56799221,Justin Edwards 2+,2,306249752,Denver Nuggets,NA,NA,NA,NA
Denver Nuggets v Philadelphia 76ers,Denver Nuggets,Philadelphia 76ers,Player Threes,Justin Edwards,Philadelphia 76ers,2.5,3,BetRight,56799221,Justin Edwards 3+,3,306249750,Denver Nuggets,NA,NA,NA,NA
Denver Nuggets v Philadelphia 76ers,Denver Nuggets,Philadelphia 76ers,Player Threes,Quentin Grimes,Philadelphia 76ers,1.5,1.45,BetRight,56799228,Quentin Grimes 2+,1,306249766,Denver Nuggets,NA,NA,NA,NA
Denver Nuggets v Philadelphia 76ers,Denver Nuggets,Philadelphia 76ers,Player Threes,Quentin Grimes,Philadelphia 76ers,2.5,2.3,BetRight,56799228,Quentin Grimes 3+,2,306249764,Denver Nuggets,NA,NA,NA,NA
Denver Nuggets v Philadelphia 76ers,Denver Nuggets,Philadelphia 76ers,Player Threes,Quentin Grimes,Philadelphia 76ers,3.5,4.33,BetRight,56799228,Quentin Grimes 4+,3,306249765,Denver Nuggets,NA,NA,NA,NA
Denver Nuggets v Philadelphia 76ers,Denver Nuggets,Philadelphia 76ers,Player Threes,Cameron Payne,Philadelphia 76ers,0.5,1.14,BetRight,56799232,Cameron Payne 1+,1,306249778,Denver Nuggets,NA,NA,NA,NA
Denver Nuggets v Philadelphia 76ers,Denver Nuggets,Philadelphia 76ers,Player Threes,Cameron Payne,Philadelphia 76ers,1.5,1.62,BetRight,56799232,Cameron Payne 2+,2,306249780,Denver Nuggets,NA,NA,NA,NA
Denver Nuggets v Philadelphia 76ers,Denver Nuggets,Philadelphia 76ers,Player Threes,Cameron Payne,Philadelphia 76ers,2.5,2.9,BetRight,56799232,Cameron Payne 3+,3,306249779,Denver Nuggets,NA,NA,NA,NA
