match,home_team,away_team,market_name,player_name,outcome_name,player_team,line,over_price,agency,opposition_team,under_price
Milwaukee Bucks v New Orleans Pelicans,Milwaukee Bucks,New Orleans Pelicans,Player Threes,Kyle Kuzma,Player three pointers - K. Kuzma 1+ (Match),Milwaukee Bucks,0.5,1.24,Betr,New Orleans Pelicans,NA
Milwaukee Bucks v New Orleans Pelicans,Milwaukee Bucks,New Orleans Pelicans,Player Threes,Kyle Kuzma,Player three pointers - K. Kuzma 2+ (Match),Milwaukee Bucks,1.5,2.1,Betr,New Orleans Pelicans,NA
Milwaukee Bucks v New Orleans Pelicans,Milwaukee Bucks,New Orleans Pelicans,Player Threes,Brook Lopez,Player three pointers - B. Lopez 1+ (Match),Milwaukee Bucks,0.5,1.23,Betr,New Orleans Pelicans,NA
Milwaukee Bucks v New Orleans Pelicans,Milwaukee Bucks,New Orleans Pelicans,Player Threes,Brook Lopez,Player three pointers - B. Lopez 2+ (Match),Milwaukee Bucks,1.5,1.97,Betr,New Orleans Pelicans,NA
Milwaukee Bucks v New Orleans Pelicans,Milwaukee Bucks,New Orleans Pelicans,Player Threes,Brook Lopez,Player three pointers - B. Lopez 3+ (Match),Milwaukee Bucks,2.5,4.3,Betr,New Orleans Pelicans,NA
Memphis Grizzlies v Minnesota Timberwolves,Memphis Grizzlies,Minnesota Timberwolves,Player Threes,Desmond Bane,Player three pointers - D. Bane 2+ (Match),Memphis Grizzlies,1.5,1.29,Betr,Minnesota Timberwolves,NA
Memphis Grizzlies v Minnesota Timberwolves,Memphis Grizzlies,Minnesota Timberwolves,Player Threes,Desmond Bane,Player three pointers - D. Bane 3+ (Match),Memphis Grizzlies,2.5,1.87,Betr,Minnesota Timberwolves,NA
Memphis Grizzlies v Minnesota Timberwolves,Memphis Grizzlies,Minnesota Timberwolves,Player Threes,Desmond Bane,Player three pointers - D. Bane 4+ (Match),Memphis Grizzlies,3.5,3.2,Betr,Minnesota Timberwolves,NA
Memphis Grizzlies v Minnesota Timberwolves,Memphis Grizzlies,Minnesota Timberwolves,Player Threes,Jaren Jackson Jr.,Player three pointers - Jaren Jackson Jr 1+ (Match),Memphis Grizzlies,0.5,1.12,Betr,Minnesota Timberwolves,NA
Memphis Grizzlies v Minnesota Timberwolves,Memphis Grizzlies,Minnesota Timberwolves,Player Threes,Jaren Jackson Jr.,Player three pointers - Jaren Jackson Jr 2+ (Match),Memphis Grizzlies,1.5,1.61,Betr,Minnesota Timberwolves,NA
Memphis Grizzlies v Minnesota Timberwolves,Memphis Grizzlies,Minnesota Timberwolves,Player Threes,Jaren Jackson Jr.,Player three pointers - Jaren Jackson Jr 3+ (Match),Memphis Grizzlies,2.5,2.9,Betr,Minnesota Timberwolves,NA
Memphis Grizzlies v Minnesota Timberwolves,Memphis Grizzlies,Minnesota Timberwolves,Player Threes,Ja Morant,Player three pointers - J. Morant 1+ (Match),Memphis Grizzlies,0.5,1.09,Betr,Minnesota Timberwolves,NA
Memphis Grizzlies v Minnesota Timberwolves,Memphis Grizzlies,Minnesota Timberwolves,Player Threes,Ja Morant,Player three pointers - J. Morant 2+ (Match),Memphis Grizzlies,1.5,1.43,Betr,Minnesota Timberwolves,NA
Memphis Grizzlies v Minnesota Timberwolves,Memphis Grizzlies,Minnesota Timberwolves,Player Threes,Ja Morant,Player three pointers - J. Morant 3+ (Match),Memphis Grizzlies,2.5,2.35,Betr,Minnesota Timberwolves,NA
Memphis Grizzlies v Minnesota Timberwolves,Memphis Grizzlies,Minnesota Timberwolves,Player Threes,NA,Player three pointers - Scotty Pippen Jr 1+ (Match),NA,0.5,1.37,Betr,NA,NA
Memphis Grizzlies v Minnesota Timberwolves,Memphis Grizzlies,Minnesota Timberwolves,Player Threes,NA,Player three pointers - Scotty Pippen Jr 2+ (Match),NA,1.5,2.7,Betr,NA,NA
Memphis Grizzlies v Minnesota Timberwolves,Memphis Grizzlies,Minnesota Timberwolves,Player Threes,Donte DiVincenzo,Player three pointers - D. DiVincenzo 2+ (Match),Minnesota Timberwolves,1.5,1.23,Betr,Memphis Grizzlies,NA
Memphis Grizzlies v Minnesota Timberwolves,Memphis Grizzlies,Minnesota Timberwolves,Player Threes,Donte DiVincenzo,Player three pointers - D. DiVincenzo 3+ (Match),Minnesota Timberwolves,2.5,1.71,Betr,Memphis Grizzlies,NA
Memphis Grizzlies v Minnesota Timberwolves,Memphis Grizzlies,Minnesota Timberwolves,Player Threes,Donte DiVincenzo,Player three pointers - D. DiVincenzo 4+ (Match),Minnesota Timberwolves,3.5,2.7,Betr,Memphis Grizzlies,NA
Memphis Grizzlies v Minnesota Timberwolves,Memphis Grizzlies,Minnesota Timberwolves,Player Threes,Anthony Edwards,Player three pointers - Anthony Edwards 3+ (Match),Minnesota Timberwolves,2.5,1.26,Betr,Memphis Grizzlies,NA
Memphis Grizzlies v Minnesota Timberwolves,Memphis Grizzlies,Minnesota Timberwolves,Player Threes,Anthony Edwards,Player three pointers - Anthony Edwards 4+ (Match),Minnesota Timberwolves,3.5,1.65,Betr,Memphis Grizzlies,NA
Memphis Grizzlies v Minnesota Timberwolves,Memphis Grizzlies,Minnesota Timberwolves,Player Threes,Anthony Edwards,Player three pointers - Anthony Edwards 5+ (Match),Minnesota Timberwolves,4.5,2.4,Betr,Memphis Grizzlies,NA
Memphis Grizzlies v Minnesota Timberwolves,Memphis Grizzlies,Minnesota Timberwolves,Player Threes,Jaden McDaniels,Player three pointers - Jaden McDaniels 1+ (Match),Minnesota Timberwolves,0.5,1.4,Betr,Memphis Grizzlies,NA
Memphis Grizzlies v Minnesota Timberwolves,Memphis Grizzlies,Minnesota Timberwolves,Player Threes,Jaden McDaniels,Player three pointers - Jaden McDaniels 2+ (Match),Minnesota Timberwolves,1.5,2.8,Betr,Memphis Grizzlies,NA
Memphis Grizzlies v Minnesota Timberwolves,Memphis Grizzlies,Minnesota Timberwolves,Player Threes,Julius Randle,Player three pointers - J. Randle 1+ (Match),Minnesota Timberwolves,0.5,1.2,Betr,Memphis Grizzlies,NA
Memphis Grizzlies v Minnesota Timberwolves,Memphis Grizzlies,Minnesota Timberwolves,Player Threes,Julius Randle,Player three pointers - J. Randle 2+ (Match),Minnesota Timberwolves,1.5,1.91,Betr,Memphis Grizzlies,NA
Memphis Grizzlies v Minnesota Timberwolves,Memphis Grizzlies,Minnesota Timberwolves,Player Threes,Julius Randle,Player three pointers - J. Randle 3+ (Match),Minnesota Timberwolves,2.5,3.8,Betr,Memphis Grizzlies,NA
Memphis Grizzlies v Minnesota Timberwolves,Memphis Grizzlies,Minnesota Timberwolves,Player Threes,Naz Reid,Player three pointers - N. Reid 1+ (Match),Minnesota Timberwolves,0.5,1.11,Betr,Memphis Grizzlies,NA
Memphis Grizzlies v Minnesota Timberwolves,Memphis Grizzlies,Minnesota Timberwolves,Player Threes,Naz Reid,Player three pointers - N. Reid 2+ (Match),Minnesota Timberwolves,1.5,1.53,Betr,Memphis Grizzlies,NA
Memphis Grizzlies v Minnesota Timberwolves,Memphis Grizzlies,Minnesota Timberwolves,Player Threes,Naz Reid,Player three pointers - N. Reid 3+ (Match),Minnesota Timberwolves,2.5,2.55,Betr,Memphis Grizzlies,NA
Milwaukee Bucks v New Orleans Pelicans,Milwaukee Bucks,New Orleans Pelicans,Player Threes,Kyle Kuzma,NA,Milwaukee Bucks,0.5,1.24,Betr,New Orleans Pelicans,3.8
Milwaukee Bucks v New Orleans Pelicans,Milwaukee Bucks,New Orleans Pelicans,Player Threes,Kyle Kuzma,NA,Milwaukee Bucks,1.5,2.1,Betr,New Orleans Pelicans,1.67
Milwaukee Bucks v New Orleans Pelicans,Milwaukee Bucks,New Orleans Pelicans,Player Threes,Brook Lopez,NA,Milwaukee Bucks,0.5,1.23,Betr,New Orleans Pelicans,4
Milwaukee Bucks v New Orleans Pelicans,Milwaukee Bucks,New Orleans Pelicans,Player Threes,Brook Lopez,NA,Milwaukee Bucks,1.5,2,Betr,New Orleans Pelicans,1.74
Milwaukee Bucks v New Orleans Pelicans,Milwaukee Bucks,New Orleans Pelicans,Player Threes,Brook Lopez,NA,Milwaukee Bucks,2.5,4.3,Betr,New Orleans Pelicans,1.2
Memphis Grizzlies v Minnesota Timberwolves,Memphis Grizzlies,Minnesota Timberwolves,Player Threes,Desmond Bane,NA,Memphis Grizzlies,1.5,1.29,Betr,Minnesota Timberwolves,3.4
Memphis Grizzlies v Minnesota Timberwolves,Memphis Grizzlies,Minnesota Timberwolves,Player Threes,Desmond Bane,NA,Memphis Grizzlies,2.5,1.87,Betr,Minnesota Timberwolves,1.87
Memphis Grizzlies v Minnesota Timberwolves,Memphis Grizzlies,Minnesota Timberwolves,Player Threes,Desmond Bane,NA,Memphis Grizzlies,3.5,3.2,Betr,Minnesota Timberwolves,1.33
Memphis Grizzlies v Minnesota Timberwolves,Memphis Grizzlies,Minnesota Timberwolves,Player Threes,Jaren Jackson Jr.,NA,Memphis Grizzlies,0.5,1.12,Betr,Minnesota Timberwolves,5.75
Memphis Grizzlies v Minnesota Timberwolves,Memphis Grizzlies,Minnesota Timberwolves,Player Threes,Jaren Jackson Jr.,NA,Memphis Grizzlies,1.5,1.61,Betr,Minnesota Timberwolves,2.25
Memphis Grizzlies v Minnesota Timberwolves,Memphis Grizzlies,Minnesota Timberwolves,Player Threes,Jaren Jackson Jr.,NA,Memphis Grizzlies,2.5,2.9,Betr,Minnesota Timberwolves,1.38
Memphis Grizzlies v Minnesota Timberwolves,Memphis Grizzlies,Minnesota Timberwolves,Player Threes,Naz Reid,NA,Minnesota Timberwolves,2.5,2.55,Betr,Memphis Grizzlies,1.45
Memphis Grizzlies v Minnesota Timberwolves,Memphis Grizzlies,Minnesota Timberwolves,Player Threes,Jaden McDaniels,NA,Minnesota Timberwolves,1.5,2.8,Betr,Memphis Grizzlies,1.42
Memphis Grizzlies v Minnesota Timberwolves,Memphis Grizzlies,Minnesota Timberwolves,Player Threes,Julius Randle,NA,Minnesota Timberwolves,0.5,1.2,Betr,Memphis Grizzlies,4.3
Memphis Grizzlies v Minnesota Timberwolves,Memphis Grizzlies,Minnesota Timberwolves,Player Threes,Julius Randle,NA,Minnesota Timberwolves,1.5,1.91,Betr,Memphis Grizzlies,1.83
Memphis Grizzlies v Minnesota Timberwolves,Memphis Grizzlies,Minnesota Timberwolves,Player Threes,Julius Randle,NA,Minnesota Timberwolves,2.5,3.8,Betr,Memphis Grizzlies,1.25
Memphis Grizzlies v Minnesota Timberwolves,Memphis Grizzlies,Minnesota Timberwolves,Player Threes,Naz Reid,NA,Minnesota Timberwolves,0.5,1.11,Betr,Memphis Grizzlies,6
Memphis Grizzlies v Minnesota Timberwolves,Memphis Grizzlies,Minnesota Timberwolves,Player Threes,Naz Reid,NA,Minnesota Timberwolves,1.5,1.53,Betr,Memphis Grizzlies,2.45
Memphis Grizzlies v Minnesota Timberwolves,Memphis Grizzlies,Minnesota Timberwolves,Player Threes,Donte DiVincenzo,NA,Minnesota Timberwolves,2.5,1.71,Betr,Memphis Grizzlies,2.1
Memphis Grizzlies v Minnesota Timberwolves,Memphis Grizzlies,Minnesota Timberwolves,Player Threes,Donte DiVincenzo,NA,Minnesota Timberwolves,3.5,2.7,Betr,Memphis Grizzlies,1.43
Memphis Grizzlies v Minnesota Timberwolves,Memphis Grizzlies,Minnesota Timberwolves,Player Threes,Anthony Edwards,NA,Minnesota Timberwolves,2.5,1.26,Betr,Memphis Grizzlies,3.6
Memphis Grizzlies v Minnesota Timberwolves,Memphis Grizzlies,Minnesota Timberwolves,Player Threes,Anthony Edwards,NA,Minnesota Timberwolves,3.5,1.65,Betr,Memphis Grizzlies,2.15
Memphis Grizzlies v Minnesota Timberwolves,Memphis Grizzlies,Minnesota Timberwolves,Player Threes,Anthony Edwards,NA,Minnesota Timberwolves,4.5,2.4,Betr,Memphis Grizzlies,1.53
Memphis Grizzlies v Minnesota Timberwolves,Memphis Grizzlies,Minnesota Timberwolves,Player Threes,Jaden McDaniels,NA,Minnesota Timberwolves,0.5,1.4,Betr,Memphis Grizzlies,2.85
Memphis Grizzlies v Minnesota Timberwolves,Memphis Grizzlies,Minnesota Timberwolves,Player Threes,Ja Morant,NA,Memphis Grizzlies,0.5,1.09,Betr,Minnesota Timberwolves,6.75
Memphis Grizzlies v Minnesota Timberwolves,Memphis Grizzlies,Minnesota Timberwolves,Player Threes,Ja Morant,NA,Memphis Grizzlies,1.5,1.43,Betr,Minnesota Timberwolves,2.55
Memphis Grizzlies v Minnesota Timberwolves,Memphis Grizzlies,Minnesota Timberwolves,Player Threes,Ja Morant,NA,Memphis Grizzlies,2.5,2.35,Betr,Minnesota Timberwolves,1.54
Memphis Grizzlies v Minnesota Timberwolves,Memphis Grizzlies,Minnesota Timberwolves,Player Threes,NA,NA,NA,0.5,1.37,Betr,NA,3
Memphis Grizzlies v Minnesota Timberwolves,Memphis Grizzlies,Minnesota Timberwolves,Player Threes,NA,NA,NA,1.5,2.7,Betr,NA,1.43
Memphis Grizzlies v Minnesota Timberwolves,Memphis Grizzlies,Minnesota Timberwolves,Player Threes,Donte DiVincenzo,NA,Minnesota Timberwolves,1.5,1.23,Betr,Memphis Grizzlies,3.8
