match,home_team,away_team,player_name,player_team,opposition_team,market_name,line,over_price,under_price,agency
Denver Nuggets v Utah Jazz,Denver Nuggets,Utah Jazz,Nikola Joki<c4><87>,NA,NA,Player PRAs,44.5,1.24,NA,Dabble
Denver Nuggets v Utah Jazz,Denver Nuggets,Utah Jazz,Jamal Murray,Denver Nuggets,Utah Jazz,Player PRAs,44.5,5,NA,Dabble
Denver Nuggets v Utah Jazz,Denver Nuggets,Utah Jazz,Ace Bailey,Utah Jazz,Denver Nuggets,Player PRAs,44.5,8,NA,Dabble
Denver Nuggets v Utah Jazz,Denver Nuggets,Utah Jazz,Kyle Filipowski,Utah Jazz,Denver Nuggets,Player PRAs,44.5,8,NA,Dabble
Denver Nuggets v Utah Jazz,Denver Nuggets,Utah Jazz,Brice Sensabaugh,Utah Jazz,Denver Nuggets,Player PRAs,44.5,8,NA,Dabble
Denver Nuggets v Utah Jazz,Denver Nuggets,Utah Jazz,Brice Sensabaugh,Utah Jazz,Denver Nuggets,Player PRAs,19.5,1.18,NA,Dabble
Denver Nuggets v Utah Jazz,Denver Nuggets,Utah Jazz,Ace Bailey,Utah Jazz,Denver Nuggets,Player PRAs,19.5,1.18,NA,Dabble
Denver Nuggets v Utah Jazz,Denver Nuggets,Utah Jazz,Kyle Filipowski,Utah Jazz,Denver Nuggets,Player PRAs,19.5,1.24,NA,Dabble
Denver Nuggets v Utah Jazz,Denver Nuggets,Utah Jazz,Aaron Gordon,Denver Nuggets,Utah Jazz,Player PRAs,19.5,1.3,NA,Dabble
Denver Nuggets v Utah Jazz,Denver Nuggets,Utah Jazz,Kennedy Chandler,NA,NA,Player PRAs,19.5,1.3,NA,Dabble
Denver Nuggets v Utah Jazz,Denver Nuggets,Utah Jazz,Cody Williams,Utah Jazz,Denver Nuggets,Player PRAs,19.5,1.3,NA,Dabble
Denver Nuggets v Utah Jazz,Denver Nuggets,Utah Jazz,EJ Harkless,NA,NA,Player PRAs,19.5,1.8,NA,Dabble
Denver Nuggets v Utah Jazz,Denver Nuggets,Utah Jazz,Christian Braun,Denver Nuggets,Utah Jazz,Player PRAs,19.5,1.8,NA,Dabble
Denver Nuggets v Utah Jazz,Denver Nuggets,Utah Jazz,Peyton Watson,Denver Nuggets,Utah Jazz,Player PRAs,19.5,1.88,NA,Dabble
Denver Nuggets v Utah Jazz,Denver Nuggets,Utah Jazz,Cameron Johnson,Denver Nuggets,Utah Jazz,Player PRAs,19.5,2.25,NA,Dabble
Denver Nuggets v Utah Jazz,Denver Nuggets,Utah Jazz,Bez Mbeng,NA,NA,Player PRAs,19.5,2.55,NA,Dabble
Denver Nuggets v Utah Jazz,Denver Nuggets,Utah Jazz,Tim Hardaway Jr.,Denver Nuggets,Utah Jazz,Player PRAs,19.5,3.2,NA,Dabble
Denver Nuggets v Utah Jazz,Denver Nuggets,Utah Jazz,Bruce Brown,Denver Nuggets,Utah Jazz,Player PRAs,19.5,4,NA,Dabble
Denver Nuggets v Utah Jazz,Denver Nuggets,Utah Jazz,John Konchar,Utah Jazz,Denver Nuggets,Player PRAs,19.5,6,NA,Dabble
Denver Nuggets v Utah Jazz,Denver Nuggets,Utah Jazz,Nikola Joki<c4><87>,NA,NA,Player PRAs,49.5,1.64,NA,Dabble
Denver Nuggets v Utah Jazz,Denver Nuggets,Utah Jazz,Jamal Murray,Denver Nuggets,Utah Jazz,Player PRAs,49.5,7.5,NA,Dabble
Denver Nuggets v Utah Jazz,Denver Nuggets,Utah Jazz,Jamal Murray,Denver Nuggets,Utah Jazz,Player PRAs,34.5,1.95,NA,Dabble
Denver Nuggets v Utah Jazz,Denver Nuggets,Utah Jazz,Ace Bailey,Utah Jazz,Denver Nuggets,Player PRAs,34.5,3.6,NA,Dabble
Denver Nuggets v Utah Jazz,Denver Nuggets,Utah Jazz,Brice Sensabaugh,Utah Jazz,Denver Nuggets,Player PRAs,34.5,3.85,NA,Dabble
Denver Nuggets v Utah Jazz,Denver Nuggets,Utah Jazz,Kyle Filipowski,Utah Jazz,Denver Nuggets,Player PRAs,34.5,3.85,NA,Dabble
Denver Nuggets v Utah Jazz,Denver Nuggets,Utah Jazz,Aaron Gordon,Denver Nuggets,Utah Jazz,Player PRAs,34.5,5.25,NA,Dabble
Denver Nuggets v Utah Jazz,Denver Nuggets,Utah Jazz,Cody Williams,Utah Jazz,Denver Nuggets,Player PRAs,34.5,5.75,NA,Dabble
Denver Nuggets v Utah Jazz,Denver Nuggets,Utah Jazz,Kennedy Chandler,NA,NA,Player PRAs,34.5,6,NA,Dabble
Denver Nuggets v Utah Jazz,Denver Nuggets,Utah Jazz,Peyton Watson,Denver Nuggets,Utah Jazz,Player PRAs,34.5,8,NA,Dabble
Denver Nuggets v Utah Jazz,Denver Nuggets,Utah Jazz,Christian Braun,Denver Nuggets,Utah Jazz,Player PRAs,34.5,9,NA,Dabble
Denver Nuggets v Utah Jazz,Denver Nuggets,Utah Jazz,EJ Harkless,NA,NA,Player PRAs,34.5,9,NA,Dabble
Denver Nuggets v Utah Jazz,Denver Nuggets,Utah Jazz,Nikola Joki<c4><87>,NA,NA,Player PRAs,59.5,3.6,NA,Dabble
Denver Nuggets v Utah Jazz,Denver Nuggets,Utah Jazz,Nikola Joki<c4><87>,NA,NA,Player PRAs,54.5,2.25,NA,Dabble
Denver Nuggets v Utah Jazz,Denver Nuggets,Utah Jazz,Jamal Murray,Denver Nuggets,Utah Jazz,Player PRAs,54.5,10,NA,Dabble
Denver Nuggets v Utah Jazz,Denver Nuggets,Utah Jazz,Jamal Murray,Denver Nuggets,Utah Jazz,Player PRAs,24.5,1.09,NA,Dabble
Denver Nuggets v Utah Jazz,Denver Nuggets,Utah Jazz,Ace Bailey,Utah Jazz,Denver Nuggets,Player PRAs,24.5,1.55,NA,Dabble
Denver Nuggets v Utah Jazz,Denver Nuggets,Utah Jazz,Brice Sensabaugh,Utah Jazz,Denver Nuggets,Player PRAs,24.5,1.6,NA,Dabble
Denver Nuggets v Utah Jazz,Denver Nuggets,Utah Jazz,Kyle Filipowski,Utah Jazz,Denver Nuggets,Player PRAs,24.5,1.68,NA,Dabble
Denver Nuggets v Utah Jazz,Denver Nuggets,Utah Jazz,Cody Williams,Utah Jazz,Denver Nuggets,Player PRAs,24.5,1.95,NA,Dabble
Denver Nuggets v Utah Jazz,Denver Nuggets,Utah Jazz,Aaron Gordon,Denver Nuggets,Utah Jazz,Player PRAs,24.5,1.95,NA,Dabble
Denver Nuggets v Utah Jazz,Denver Nuggets,Utah Jazz,Kennedy Chandler,NA,NA,Player PRAs,24.5,2.02,NA,Dabble
Denver Nuggets v Utah Jazz,Denver Nuggets,Utah Jazz,EJ Harkless,NA,NA,Player PRAs,24.5,3,NA,Dabble
Denver Nuggets v Utah Jazz,Denver Nuggets,Utah Jazz,Peyton Watson,Denver Nuggets,Utah Jazz,Player PRAs,24.5,3.2,NA,Dabble
Denver Nuggets v Utah Jazz,Denver Nuggets,Utah Jazz,Christian Braun,Denver Nuggets,Utah Jazz,Player PRAs,24.5,3.3,NA,Dabble
Denver Nuggets v Utah Jazz,Denver Nuggets,Utah Jazz,Cameron Johnson,Denver Nuggets,Utah Jazz,Player PRAs,24.5,4.25,NA,Dabble
Denver Nuggets v Utah Jazz,Denver Nuggets,Utah Jazz,Bez Mbeng,NA,NA,Player PRAs,24.5,5,NA,Dabble
Denver Nuggets v Utah Jazz,Denver Nuggets,Utah Jazz,Tim Hardaway Jr.,Denver Nuggets,Utah Jazz,Player PRAs,24.5,6,NA,Dabble
Denver Nuggets v Utah Jazz,Denver Nuggets,Utah Jazz,Bruce Brown,Denver Nuggets,Utah Jazz,Player PRAs,24.5,7.5,NA,Dabble
Denver Nuggets v Utah Jazz,Denver Nuggets,Utah Jazz,John Konchar,Utah Jazz,Denver Nuggets,Player PRAs,24.5,10,NA,Dabble
Denver Nuggets v Utah Jazz,Denver Nuggets,Utah Jazz,Aaron Gordon,Denver Nuggets,Utah Jazz,Player PRAs,14.5,1.05,NA,Dabble
Denver Nuggets v Utah Jazz,Denver Nuggets,Utah Jazz,Kyle Filipowski,Utah Jazz,Denver Nuggets,Player PRAs,14.5,1.05,NA,Dabble
Denver Nuggets v Utah Jazz,Denver Nuggets,Utah Jazz,Cody Williams,Utah Jazz,Denver Nuggets,Player PRAs,14.5,1.05,NA,Dabble
Denver Nuggets v Utah Jazz,Denver Nuggets,Utah Jazz,Christian Braun,Denver Nuggets,Utah Jazz,Player PRAs,14.5,1.2,NA,Dabble
Denver Nuggets v Utah Jazz,Denver Nuggets,Utah Jazz,EJ Harkless,NA,NA,Player PRAs,14.5,1.2,NA,Dabble
Denver Nuggets v Utah Jazz,Denver Nuggets,Utah Jazz,Peyton Watson,Denver Nuggets,Utah Jazz,Player PRAs,14.5,1.28,NA,Dabble
Denver Nuggets v Utah Jazz,Denver Nuggets,Utah Jazz,Cameron Johnson,Denver Nuggets,Utah Jazz,Player PRAs,14.5,1.4,NA,Dabble
Denver Nuggets v Utah Jazz,Denver Nuggets,Utah Jazz,Bez Mbeng,NA,NA,Player PRAs,14.5,1.44,NA,Dabble
Denver Nuggets v Utah Jazz,Denver Nuggets,Utah Jazz,Tim Hardaway Jr.,Denver Nuggets,Utah Jazz,Player PRAs,14.5,1.82,NA,Dabble
Denver Nuggets v Utah Jazz,Denver Nuggets,Utah Jazz,Bruce Brown,Denver Nuggets,Utah Jazz,Player PRAs,14.5,2.02,NA,Dabble
Denver Nuggets v Utah Jazz,Denver Nuggets,Utah Jazz,John Konchar,Utah Jazz,Denver Nuggets,Player PRAs,14.5,3,NA,Dabble
Denver Nuggets v Utah Jazz,Denver Nuggets,Utah Jazz,Jamal Murray,Denver Nuggets,Utah Jazz,Player PRAs,29.5,1.35,NA,Dabble
Denver Nuggets v Utah Jazz,Denver Nuggets,Utah Jazz,Ace Bailey,Utah Jazz,Denver Nuggets,Player PRAs,29.5,2.3,NA,Dabble
Denver Nuggets v Utah Jazz,Denver Nuggets,Utah Jazz,Kyle Filipowski,Utah Jazz,Denver Nuggets,Player PRAs,29.5,2.4,NA,Dabble
Denver Nuggets v Utah Jazz,Denver Nuggets,Utah Jazz,Brice Sensabaugh,Utah Jazz,Denver Nuggets,Player PRAs,29.5,2.4,NA,Dabble
Denver Nuggets v Utah Jazz,Denver Nuggets,Utah Jazz,Aaron Gordon,Denver Nuggets,Utah Jazz,Player PRAs,29.5,3.2,NA,Dabble
Denver Nuggets v Utah Jazz,Denver Nuggets,Utah Jazz,Cody Williams,Utah Jazz,Denver Nuggets,Player PRAs,29.5,3.3,NA,Dabble
Denver Nuggets v Utah Jazz,Denver Nuggets,Utah Jazz,Kennedy Chandler,NA,NA,Player PRAs,29.5,3.6,NA,Dabble
Denver Nuggets v Utah Jazz,Denver Nuggets,Utah Jazz,EJ Harkless,NA,NA,Player PRAs,29.5,5.25,NA,Dabble
Denver Nuggets v Utah Jazz,Denver Nuggets,Utah Jazz,Peyton Watson,Denver Nuggets,Utah Jazz,Player PRAs,29.5,5.75,NA,Dabble
Denver Nuggets v Utah Jazz,Denver Nuggets,Utah Jazz,Christian Braun,Denver Nuggets,Utah Jazz,Player PRAs,29.5,6,NA,Dabble
Denver Nuggets v Utah Jazz,Denver Nuggets,Utah Jazz,Cameron Johnson,Denver Nuggets,Utah Jazz,Player PRAs,29.5,7.5,NA,Dabble
Denver Nuggets v Utah Jazz,Denver Nuggets,Utah Jazz,Bez Mbeng,NA,NA,Player PRAs,29.5,9,NA,Dabble
Denver Nuggets v Utah Jazz,Denver Nuggets,Utah Jazz,Tim Hardaway Jr.,Denver Nuggets,Utah Jazz,Player PRAs,29.5,9,NA,Dabble
Denver Nuggets v Utah Jazz,Denver Nuggets,Utah Jazz,Nikola Joki<c4><87>,NA,NA,Player PRAs,39.5,1.08,NA,Dabble
Denver Nuggets v Utah Jazz,Denver Nuggets,Utah Jazz,Jamal Murray,Denver Nuggets,Utah Jazz,Player PRAs,39.5,3,NA,Dabble
Denver Nuggets v Utah Jazz,Denver Nuggets,Utah Jazz,Ace Bailey,Utah Jazz,Denver Nuggets,Player PRAs,39.5,5.75,NA,Dabble
Denver Nuggets v Utah Jazz,Denver Nuggets,Utah Jazz,Brice Sensabaugh,Utah Jazz,Denver Nuggets,Player PRAs,39.5,6,NA,Dabble
Denver Nuggets v Utah Jazz,Denver Nuggets,Utah Jazz,Kyle Filipowski,Utah Jazz,Denver Nuggets,Player PRAs,39.5,6,NA,Dabble
Denver Nuggets v Utah Jazz,Denver Nuggets,Utah Jazz,Aaron Gordon,Denver Nuggets,Utah Jazz,Player PRAs,39.5,8,NA,Dabble
Denver Nuggets v Utah Jazz,Denver Nuggets,Utah Jazz,Cody Williams,Utah Jazz,Denver Nuggets,Player PRAs,39.5,8,NA,Dabble
Denver Nuggets v Utah Jazz,Denver Nuggets,Utah Jazz,Kennedy Chandler,NA,NA,Player PRAs,39.5,9,NA,Dabble
Golden State Warriors v Washington Wizards,Golden State Warriors,Washington Wizards,Brandin Podziemski,Golden State Warriors,Washington Wizards,Player PRAs,19.5,1.09,NA,Dabble
Golden State Warriors v Washington Wizards,Golden State Warriors,Washington Wizards,Gui Santos,Golden State Warriors,Washington Wizards,Player PRAs,19.5,1.15,NA,Dabble
Golden State Warriors v Washington Wizards,Golden State Warriors,Washington Wizards,Kristaps Porzi<c5><86><c4><a3>is,NA,NA,Player PRAs,19.5,1.15,NA,Dabble
Golden State Warriors v Washington Wizards,Golden State Warriors,Washington Wizards,De'Anthony Melton,Golden State Warriors,Washington Wizards,Player PRAs,19.5,1.24,NA,Dabble
Golden State Warriors v Washington Wizards,Golden State Warriors,Washington Wizards,Will Riley,Washington Wizards,Golden State Warriors,Player PRAs,19.5,1.33,NA,Dabble
Golden State Warriors v Washington Wizards,Golden State Warriors,Washington Wizards,Alex Sarr,Washington Wizards,Golden State Warriors,Player PRAs,19.5,1.46,NA,Dabble
Golden State Warriors v Washington Wizards,Golden State Warriors,Washington Wizards,Draymond Green,Golden State Warriors,Washington Wizards,Player PRAs,19.5,1.53,NA,Dabble
Golden State Warriors v Washington Wizards,Golden State Warriors,Washington Wizards,Bub Carrington,Washington Wizards,Golden State Warriors,Player PRAs,19.5,1.64,NA,Dabble
Golden State Warriors v Washington Wizards,Golden State Warriors,Washington Wizards,Bilal Coulibaly,Washington Wizards,Golden State Warriors,Player PRAs,19.5,1.72,NA,Dabble
Golden State Warriors v Washington Wizards,Golden State Warriors,Washington Wizards,Tre Johnson,Washington Wizards,Golden State Warriors,Player PRAs,19.5,2.02,NA,Dabble
Golden State Warriors v Washington Wizards,Golden State Warriors,Washington Wizards,Kristaps Porzi<c5><86><c4><a3>is,NA,NA,Player PRAs,44.5,9,NA,Dabble
Golden State Warriors v Washington Wizards,Golden State Warriors,Washington Wizards,Kristaps Porzi<c5><86><c4><a3>is,NA,NA,Player PRAs,34.5,3.75,NA,Dabble
Golden State Warriors v Washington Wizards,Golden State Warriors,Washington Wizards,Brandin Podziemski,Golden State Warriors,Washington Wizards,Player PRAs,34.5,4.25,NA,Dabble
Golden State Warriors v Washington Wizards,Golden State Warriors,Washington Wizards,Gui Santos,Golden State Warriors,Washington Wizards,Player PRAs,34.5,4.5,NA,Dabble
Golden State Warriors v Washington Wizards,Golden State Warriors,Washington Wizards,De'Anthony Melton,Golden State Warriors,Washington Wizards,Player PRAs,34.5,5,NA,Dabble
Golden State Warriors v Washington Wizards,Golden State Warriors,Washington Wizards,Will Riley,Washington Wizards,Golden State Warriors,Player PRAs,34.5,5.25,NA,Dabble
Golden State Warriors v Washington Wizards,Golden State Warriors,Washington Wizards,Bub Carrington,Washington Wizards,Golden State Warriors,Player PRAs,34.5,7.5,NA,Dabble
Golden State Warriors v Washington Wizards,Golden State Warriors,Washington Wizards,Draymond Green,Golden State Warriors,Washington Wizards,Player PRAs,34.5,8,NA,Dabble
Golden State Warriors v Washington Wizards,Golden State Warriors,Washington Wizards,Brandin Podziemski,Golden State Warriors,Washington Wizards,Player PRAs,24.5,1.44,NA,Dabble
Golden State Warriors v Washington Wizards,Golden State Warriors,Washington Wizards,Kristaps Porzi<c5><86><c4><a3>is,NA,NA,Player PRAs,24.5,1.55,NA,Dabble
Golden State Warriors v Washington Wizards,Golden State Warriors,Washington Wizards,Gui Santos,Golden State Warriors,Washington Wizards,Player PRAs,24.5,1.58,NA,Dabble
Golden State Warriors v Washington Wizards,Golden State Warriors,Washington Wizards,De'Anthony Melton,Golden State Warriors,Washington Wizards,Player PRAs,24.5,1.8,NA,Dabble
Golden State Warriors v Washington Wizards,Golden State Warriors,Washington Wizards,Will Riley,Washington Wizards,Golden State Warriors,Player PRAs,24.5,1.95,NA,Dabble
Golden State Warriors v Washington Wizards,Golden State Warriors,Washington Wizards,Alex Sarr,Washington Wizards,Golden State Warriors,Player PRAs,24.5,2.25,NA,Dabble
Golden State Warriors v Washington Wizards,Golden State Warriors,Washington Wizards,Bub Carrington,Washington Wizards,Golden State Warriors,Player PRAs,24.5,2.55,NA,Dabble
Golden State Warriors v Washington Wizards,Golden State Warriors,Washington Wizards,Draymond Green,Golden State Warriors,Washington Wizards,Player PRAs,24.5,2.65,NA,Dabble
Golden State Warriors v Washington Wizards,Golden State Warriors,Washington Wizards,Kristaps Porzi<c5><86><c4><a3>is,NA,NA,Player PRAs,39.5,6,NA,Dabble
Golden State Warriors v Washington Wizards,Golden State Warriors,Washington Wizards,Brandin Podziemski,Golden State Warriors,Washington Wizards,Player PRAs,39.5,7.5,NA,Dabble
Golden State Warriors v Washington Wizards,Golden State Warriors,Washington Wizards,Will Riley,Washington Wizards,Golden State Warriors,Player PRAs,39.5,8,NA,Dabble
Golden State Warriors v Washington Wizards,Golden State Warriors,Washington Wizards,Gui Santos,Golden State Warriors,Washington Wizards,Player PRAs,39.5,8,NA,Dabble
Golden State Warriors v Washington Wizards,Golden State Warriors,Washington Wizards,De'Anthony Melton,Golden State Warriors,Washington Wizards,Player PRAs,39.5,8,NA,Dabble
Golden State Warriors v Washington Wizards,Golden State Warriors,Washington Wizards,Kristaps Porzi<c5><86><c4><a3>is,NA,NA,Player PRAs,29.5,2.25,NA,Dabble
Golden State Warriors v Washington Wizards,Golden State Warriors,Washington Wizards,Brandin Podziemski,Golden State Warriors,Washington Wizards,Player PRAs,29.5,2.25,NA,Dabble
Golden State Warriors v Washington Wizards,Golden State Warriors,Washington Wizards,Gui Santos,Golden State Warriors,Washington Wizards,Player PRAs,29.5,2.6,NA,Dabble
Golden State Warriors v Washington Wizards,Golden State Warriors,Washington Wizards,De'Anthony Melton,Golden State Warriors,Washington Wizards,Player PRAs,29.5,2.95,NA,Dabble
Golden State Warriors v Washington Wizards,Golden State Warriors,Washington Wizards,Will Riley,Washington Wizards,Golden State Warriors,Player PRAs,29.5,3.2,NA,Dabble
Golden State Warriors v Washington Wizards,Golden State Warriors,Washington Wizards,Bub Carrington,Washington Wizards,Golden State Warriors,Player PRAs,29.5,4.5,NA,Dabble
Golden State Warriors v Washington Wizards,Golden State Warriors,Washington Wizards,Draymond Green,Golden State Warriors,Washington Wizards,Player PRAs,29.5,5,NA,Dabble
Golden State Warriors v Washington Wizards,Golden State Warriors,Washington Wizards,Will Riley,Washington Wizards,Golden State Warriors,Player PRAs,14.5,1.06,NA,Dabble
Golden State Warriors v Washington Wizards,Golden State Warriors,Washington Wizards,Draymond Green,Golden State Warriors,Washington Wizards,Player PRAs,14.5,1.08,NA,Dabble
Golden State Warriors v Washington Wizards,Golden State Warriors,Washington Wizards,Bub Carrington,Washington Wizards,Golden State Warriors,Player PRAs,14.5,1.14,NA,Dabble
Golden State Warriors v Washington Wizards,Golden State Warriors,Washington Wizards,Tre Johnson,Washington Wizards,Golden State Warriors,Player PRAs,14.5,1.3,NA,Dabble
