match,home_team,away_team,market_name,player_name,player_team,line,over_price,under_price,agency,opposition_team,EventKey,MarketKey,OutcomeKey,OutcomeKey_unders
Portland Trail Blazers v Brooklyn Nets,Portland Trail Blazers,Brooklyn Nets,Player Points,Ben Saraf,Brooklyn Nets,10.5,1.03,NA,Pointsbet,Portland Trail Blazers,2656641,105612441,342,NA
Portland Trail Blazers v Brooklyn Nets,Portland Trail Blazers,Brooklyn Nets,Player Points,Ben Saraf,Brooklyn Nets,11.5,1.09,NA,Pointsbet,Portland Trail Blazers,2656641,105612441,343,NA
Portland Trail Blazers v Brooklyn Nets,Portland Trail Blazers,Brooklyn Nets,Player Points,Ben Saraf,Brooklyn Nets,12.5,1.27,NA,Pointsbet,Portland Trail Blazers,2656641,105612441,344,NA
Portland Trail Blazers v Brooklyn Nets,Portland Trail Blazers,Brooklyn Nets,Player Points,Ben Saraf,Brooklyn Nets,13.5,1.48,NA,Pointsbet,Portland Trail Blazers,2656641,105612441,345,NA
Portland Trail Blazers v Brooklyn Nets,Portland Trail Blazers,Brooklyn Nets,Player Points,Ben Saraf,Brooklyn Nets,14.5,1.9,NA,Pointsbet,Portland Trail Blazers,2656641,105612441,346,NA
Portland Trail Blazers v Brooklyn Nets,Portland Trail Blazers,Brooklyn Nets,Player Points,Ben Saraf,Brooklyn Nets,15.5,2.35,NA,Pointsbet,Portland Trail Blazers,2656641,105612441,347,NA
Portland Trail Blazers v Brooklyn Nets,Portland Trail Blazers,Brooklyn Nets,Player Points,Ben Saraf,Brooklyn Nets,16.5,2.85,NA,Pointsbet,Portland Trail Blazers,2656641,105612441,348,NA
Portland Trail Blazers v Brooklyn Nets,Portland Trail Blazers,Brooklyn Nets,Player Points,Ben Saraf,Brooklyn Nets,17.5,4.4,NA,Pointsbet,Portland Trail Blazers,2656641,105612441,349,NA
Portland Trail Blazers v Brooklyn Nets,Portland Trail Blazers,Brooklyn Nets,Player Points,Ben Saraf,Brooklyn Nets,18.5,5.25,NA,Pointsbet,Portland Trail Blazers,2656641,105612441,350,NA
Portland Trail Blazers v Brooklyn Nets,Portland Trail Blazers,Brooklyn Nets,Player Points,Ben Saraf,Brooklyn Nets,19.5,7.5,NA,Pointsbet,Portland Trail Blazers,2656641,105612441,351,NA
Portland Trail Blazers v Brooklyn Nets,Portland Trail Blazers,Brooklyn Nets,Player Points,Ben Saraf,Brooklyn Nets,20.5,10,NA,Pointsbet,Portland Trail Blazers,2656641,105612441,352,NA
Portland Trail Blazers v Brooklyn Nets,Portland Trail Blazers,Brooklyn Nets,Player Points,Deni Avdija,Portland Trail Blazers,13.5,1.02,NA,Pointsbet,Brooklyn Nets,2656641,105612441,41,NA
Portland Trail Blazers v Brooklyn Nets,Portland Trail Blazers,Brooklyn Nets,Player Points,Deni Avdija,Portland Trail Blazers,14.5,1.04,NA,Pointsbet,Brooklyn Nets,2656641,105612441,42,NA
Portland Trail Blazers v Brooklyn Nets,Portland Trail Blazers,Brooklyn Nets,Player Points,Deni Avdija,Portland Trail Blazers,15.5,1.1,NA,Pointsbet,Brooklyn Nets,2656641,105612441,43,NA
Portland Trail Blazers v Brooklyn Nets,Portland Trail Blazers,Brooklyn Nets,Player Points,Deni Avdija,Portland Trail Blazers,16.5,1.15,NA,Pointsbet,Brooklyn Nets,2656641,105612441,44,NA
Portland Trail Blazers v Brooklyn Nets,Portland Trail Blazers,Brooklyn Nets,Player Points,Deni Avdija,Portland Trail Blazers,17.5,1.24,NA,Pointsbet,Brooklyn Nets,2656641,105612441,45,NA
Portland Trail Blazers v Brooklyn Nets,Portland Trail Blazers,Brooklyn Nets,Player Points,Deni Avdija,Portland Trail Blazers,18.5,1.42,NA,Pointsbet,Brooklyn Nets,2656641,105612441,46,NA
Portland Trail Blazers v Brooklyn Nets,Portland Trail Blazers,Brooklyn Nets,Player Points,Deni Avdija,Portland Trail Blazers,19.5,1.5,NA,Pointsbet,Brooklyn Nets,2656641,105612441,47,NA
Portland Trail Blazers v Brooklyn Nets,Portland Trail Blazers,Brooklyn Nets,Player Points,Deni Avdija,Portland Trail Blazers,20.5,1.77,NA,Pointsbet,Brooklyn Nets,2656641,105612441,48,NA
Portland Trail Blazers v Brooklyn Nets,Portland Trail Blazers,Brooklyn Nets,Player Points,Deni Avdija,Portland Trail Blazers,21.5,2.1,NA,Pointsbet,Brooklyn Nets,2656641,105612441,49,NA
Portland Trail Blazers v Brooklyn Nets,Portland Trail Blazers,Brooklyn Nets,Player Points,Deni Avdija,Portland Trail Blazers,22.5,2.4,NA,Pointsbet,Brooklyn Nets,2656641,105612441,50,NA
Portland Trail Blazers v Brooklyn Nets,Portland Trail Blazers,Brooklyn Nets,Player Points,Deni Avdija,Portland Trail Blazers,23.5,2.85,NA,Pointsbet,Brooklyn Nets,2656641,105612441,51,NA
Portland Trail Blazers v Brooklyn Nets,Portland Trail Blazers,Brooklyn Nets,Player Points,Deni Avdija,Portland Trail Blazers,24.5,3.4,NA,Pointsbet,Brooklyn Nets,2656641,105612441,52,NA
Portland Trail Blazers v Brooklyn Nets,Portland Trail Blazers,Brooklyn Nets,Player Points,Deni Avdija,Portland Trail Blazers,25.5,4.4,NA,Pointsbet,Brooklyn Nets,2656641,105612441,53,NA
Portland Trail Blazers v Brooklyn Nets,Portland Trail Blazers,Brooklyn Nets,Player Points,Deni Avdija,Portland Trail Blazers,26.5,4.75,NA,Pointsbet,Brooklyn Nets,2656641,105612441,54,NA
Portland Trail Blazers v Brooklyn Nets,Portland Trail Blazers,Brooklyn Nets,Player Points,Deni Avdija,Portland Trail Blazers,27.5,5.75,NA,Pointsbet,Brooklyn Nets,2656641,105612441,55,NA
Portland Trail Blazers v Brooklyn Nets,Portland Trail Blazers,Brooklyn Nets,Player Points,Deni Avdija,Portland Trail Blazers,28.5,9,NA,Pointsbet,Brooklyn Nets,2656641,105612441,56,NA
Portland Trail Blazers v Brooklyn Nets,Portland Trail Blazers,Brooklyn Nets,Player Points,Deni Avdija,Portland Trail Blazers,29.5,11,NA,Pointsbet,Brooklyn Nets,2656641,105612441,57,NA
Portland Trail Blazers v Brooklyn Nets,Portland Trail Blazers,Brooklyn Nets,Player Points,Donovan Clingan,Portland Trail Blazers,9.5,1.48,NA,Pointsbet,Brooklyn Nets,2656641,105612441,78,NA
Portland Trail Blazers v Brooklyn Nets,Portland Trail Blazers,Brooklyn Nets,Player Points,Donovan Clingan,Portland Trail Blazers,10.5,1.83,NA,Pointsbet,Brooklyn Nets,2656641,105612441,79,NA
Portland Trail Blazers v Brooklyn Nets,Portland Trail Blazers,Brooklyn Nets,Player Points,Donovan Clingan,Portland Trail Blazers,11.5,2.15,NA,Pointsbet,Brooklyn Nets,2656641,105612441,80,NA
Portland Trail Blazers v Brooklyn Nets,Portland Trail Blazers,Brooklyn Nets,Player Points,Donovan Clingan,Portland Trail Blazers,12.5,2.55,NA,Pointsbet,Brooklyn Nets,2656641,105612441,81,NA
Portland Trail Blazers v Brooklyn Nets,Portland Trail Blazers,Brooklyn Nets,Player Points,Donovan Clingan,Portland Trail Blazers,13.5,2.9,NA,Pointsbet,Brooklyn Nets,2656641,105612441,82,NA
Portland Trail Blazers v Brooklyn Nets,Portland Trail Blazers,Brooklyn Nets,Player Points,Donovan Clingan,Portland Trail Blazers,14.5,4.5,NA,Pointsbet,Brooklyn Nets,2656641,105612441,83,NA
Portland Trail Blazers v Brooklyn Nets,Portland Trail Blazers,Brooklyn Nets,Player Points,Donovan Clingan,Portland Trail Blazers,15.5,5.25,NA,Pointsbet,Brooklyn Nets,2656641,105612441,84,NA
Portland Trail Blazers v Brooklyn Nets,Portland Trail Blazers,Brooklyn Nets,Player Points,Donovan Clingan,Portland Trail Blazers,16.5,9,NA,Pointsbet,Brooklyn Nets,2656641,105612441,85,NA
Portland Trail Blazers v Brooklyn Nets,Portland Trail Blazers,Brooklyn Nets,Player Points,Donovan Clingan,Portland Trail Blazers,17.5,10,NA,Pointsbet,Brooklyn Nets,2656641,105612441,86,NA
Portland Trail Blazers v Brooklyn Nets,Portland Trail Blazers,Brooklyn Nets,Player Points,Donovan Clingan,Portland Trail Blazers,5.5,1.02,NA,Pointsbet,Brooklyn Nets,2656641,105612441,74,NA
Portland Trail Blazers v Brooklyn Nets,Portland Trail Blazers,Brooklyn Nets,Player Points,Donovan Clingan,Portland Trail Blazers,6.5,1.07,NA,Pointsbet,Brooklyn Nets,2656641,105612441,75,NA
Portland Trail Blazers v Brooklyn Nets,Portland Trail Blazers,Brooklyn Nets,Player Points,Donovan Clingan,Portland Trail Blazers,7.5,1.14,NA,Pointsbet,Brooklyn Nets,2656641,105612441,76,NA
Portland Trail Blazers v Brooklyn Nets,Portland Trail Blazers,Brooklyn Nets,Player Points,Donovan Clingan,Portland Trail Blazers,8.5,1.27,NA,Pointsbet,Brooklyn Nets,2656641,105612441,77,NA
Portland Trail Blazers v Brooklyn Nets,Portland Trail Blazers,Brooklyn Nets,Player Points,Jrue Holiday,Portland Trail Blazers,9.5,1.08,NA,Pointsbet,Brooklyn Nets,2656641,105612441,6,NA
Portland Trail Blazers v Brooklyn Nets,Portland Trail Blazers,Brooklyn Nets,Player Points,Jrue Holiday,Portland Trail Blazers,10.5,1.16,NA,Pointsbet,Brooklyn Nets,2656641,105612441,7,NA
Portland Trail Blazers v Brooklyn Nets,Portland Trail Blazers,Brooklyn Nets,Player Points,Jrue Holiday,Portland Trail Blazers,11.5,1.27,NA,Pointsbet,Brooklyn Nets,2656641,105612441,8,NA
Portland Trail Blazers v Brooklyn Nets,Portland Trail Blazers,Brooklyn Nets,Player Points,Jrue Holiday,Portland Trail Blazers,12.5,1.48,NA,Pointsbet,Brooklyn Nets,2656641,105612441,9,NA
Portland Trail Blazers v Brooklyn Nets,Portland Trail Blazers,Brooklyn Nets,Player Points,Jrue Holiday,Portland Trail Blazers,13.5,1.69,NA,Pointsbet,Brooklyn Nets,2656641,105612441,10,NA
Portland Trail Blazers v Brooklyn Nets,Portland Trail Blazers,Brooklyn Nets,Player Points,Jrue Holiday,Portland Trail Blazers,14.5,1.83,NA,Pointsbet,Brooklyn Nets,2656641,105612441,11,NA
Portland Trail Blazers v Brooklyn Nets,Portland Trail Blazers,Brooklyn Nets,Player Points,Jrue Holiday,Portland Trail Blazers,15.5,2.35,NA,Pointsbet,Brooklyn Nets,2656641,105612441,12,NA
Portland Trail Blazers v Brooklyn Nets,Portland Trail Blazers,Brooklyn Nets,Player Points,Jrue Holiday,Portland Trail Blazers,16.5,2.85,NA,Pointsbet,Brooklyn Nets,2656641,105612441,13,NA
Portland Trail Blazers v Brooklyn Nets,Portland Trail Blazers,Brooklyn Nets,Player Points,Jrue Holiday,Portland Trail Blazers,17.5,3.4,NA,Pointsbet,Brooklyn Nets,2656641,105612441,14,NA
Portland Trail Blazers v Brooklyn Nets,Portland Trail Blazers,Brooklyn Nets,Player Points,Jrue Holiday,Portland Trail Blazers,18.5,3.9,NA,Pointsbet,Brooklyn Nets,2656641,105612441,15,NA
Portland Trail Blazers v Brooklyn Nets,Portland Trail Blazers,Brooklyn Nets,Player Points,Jrue Holiday,Portland Trail Blazers,19.5,5.75,NA,Pointsbet,Brooklyn Nets,2656641,105612441,16,NA
Portland Trail Blazers v Brooklyn Nets,Portland Trail Blazers,Brooklyn Nets,Player Points,Jrue Holiday,Portland Trail Blazers,20.5,6.5,NA,Pointsbet,Brooklyn Nets,2656641,105612441,17,NA
Portland Trail Blazers v Brooklyn Nets,Portland Trail Blazers,Brooklyn Nets,Player Points,Jrue Holiday,Portland Trail Blazers,21.5,9,NA,Pointsbet,Brooklyn Nets,2656641,105612441,18,NA
Portland Trail Blazers v Brooklyn Nets,Portland Trail Blazers,Brooklyn Nets,Player Points,Jrue Holiday,Portland Trail Blazers,22.5,10,NA,Pointsbet,Brooklyn Nets,2656641,105612441,19,NA
Portland Trail Blazers v Brooklyn Nets,Portland Trail Blazers,Brooklyn Nets,Player Points,Jrue Holiday,Portland Trail Blazers,8.5,1.03,NA,Pointsbet,Brooklyn Nets,2656641,105612441,5,NA
Portland Trail Blazers v Brooklyn Nets,Portland Trail Blazers,Brooklyn Nets,Player Points,Nic Claxton,Brooklyn Nets,10.5,1.08,NA,Pointsbet,Portland Trail Blazers,2656641,105612441,205,NA
Portland Trail Blazers v Brooklyn Nets,Portland Trail Blazers,Brooklyn Nets,Player Points,Nic Claxton,Brooklyn Nets,11.5,1.13,NA,Pointsbet,Portland Trail Blazers,2656641,105612441,206,NA
Portland Trail Blazers v Brooklyn Nets,Portland Trail Blazers,Brooklyn Nets,Player Points,Nic Claxton,Brooklyn Nets,12.5,1.33,NA,Pointsbet,Portland Trail Blazers,2656641,105612441,207,NA
Portland Trail Blazers v Brooklyn Nets,Portland Trail Blazers,Brooklyn Nets,Player Points,Nic Claxton,Brooklyn Nets,13.5,1.5,NA,Pointsbet,Portland Trail Blazers,2656641,105612441,208,NA
Portland Trail Blazers v Brooklyn Nets,Portland Trail Blazers,Brooklyn Nets,Player Points,Nic Claxton,Brooklyn Nets,14.5,1.83,NA,Pointsbet,Portland Trail Blazers,2656641,105612441,209,NA
Portland Trail Blazers v Brooklyn Nets,Portland Trail Blazers,Brooklyn Nets,Player Points,Nic Claxton,Brooklyn Nets,15.5,2.3,NA,Pointsbet,Portland Trail Blazers,2656641,105612441,210,NA
Portland Trail Blazers v Brooklyn Nets,Portland Trail Blazers,Brooklyn Nets,Player Points,Nic Claxton,Brooklyn Nets,16.5,2.9,NA,Pointsbet,Portland Trail Blazers,2656641,105612441,211,NA
Portland Trail Blazers v Brooklyn Nets,Portland Trail Blazers,Brooklyn Nets,Player Points,Nic Claxton,Brooklyn Nets,17.5,3.6,NA,Pointsbet,Portland Trail Blazers,2656641,105612441,212,NA
Portland Trail Blazers v Brooklyn Nets,Portland Trail Blazers,Brooklyn Nets,Player Points,Nic Claxton,Brooklyn Nets,18.5,5,NA,Pointsbet,Portland Trail Blazers,2656641,105612441,213,NA
Portland Trail Blazers v Brooklyn Nets,Portland Trail Blazers,Brooklyn Nets,Player Points,Nic Claxton,Brooklyn Nets,19.5,6,NA,Pointsbet,Portland Trail Blazers,2656641,105612441,214,NA
Portland Trail Blazers v Brooklyn Nets,Portland Trail Blazers,Brooklyn Nets,Player Points,Nic Claxton,Brooklyn Nets,20.5,9,NA,Pointsbet,Portland Trail Blazers,2656641,105612441,215,NA
Portland Trail Blazers v Brooklyn Nets,Portland Trail Blazers,Brooklyn Nets,Player Points,Nic Claxton,Brooklyn Nets,21.5,11,NA,Pointsbet,Portland Trail Blazers,2656641,105612441,216,NA
Portland Trail Blazers v Brooklyn Nets,Portland Trail Blazers,Brooklyn Nets,Player Points,Toumani Camara,Portland Trail Blazers,23.5,1.09,NA,Pointsbet,Brooklyn Nets,2656641,105612441,126,NA
Portland Trail Blazers v Brooklyn Nets,Portland Trail Blazers,Brooklyn Nets,Player Points,Toumani Camara,Portland Trail Blazers,24.5,1.13,NA,Pointsbet,Brooklyn Nets,2656641,105612441,127,NA
Portland Trail Blazers v Brooklyn Nets,Portland Trail Blazers,Brooklyn Nets,Player Points,Toumani Camara,Portland Trail Blazers,25.5,1.25,NA,Pointsbet,Brooklyn Nets,2656641,105612441,128,NA
Portland Trail Blazers v Brooklyn Nets,Portland Trail Blazers,Brooklyn Nets,Player Points,Toumani Camara,Portland Trail Blazers,26.5,1.48,NA,Pointsbet,Brooklyn Nets,2656641,105612441,129,NA
Portland Trail Blazers v Brooklyn Nets,Portland Trail Blazers,Brooklyn Nets,Player Points,Toumani Camara,Portland Trail Blazers,27.5,1.67,NA,Pointsbet,Brooklyn Nets,2656641,105612441,130,NA
Portland Trail Blazers v Brooklyn Nets,Portland Trail Blazers,Brooklyn Nets,Player Points,Toumani Camara,Portland Trail Blazers,28.5,2,NA,Pointsbet,Brooklyn Nets,2656641,105612441,131,NA
Portland Trail Blazers v Brooklyn Nets,Portland Trail Blazers,Brooklyn Nets,Player Points,Toumani Camara,Portland Trail Blazers,29.5,2.6,NA,Pointsbet,Brooklyn Nets,2656641,105612441,132,NA
Portland Trail Blazers v Brooklyn Nets,Portland Trail Blazers,Brooklyn Nets,Player Points,Toumani Camara,Portland Trail Blazers,30.5,3.3,NA,Pointsbet,Brooklyn Nets,2656641,105612441,133,NA
Portland Trail Blazers v Brooklyn Nets,Portland Trail Blazers,Brooklyn Nets,Player Points,Toumani Camara,Portland Trail Blazers,31.5,3.9,NA,Pointsbet,Brooklyn Nets,2656641,105612441,134,NA
Portland Trail Blazers v Brooklyn Nets,Portland Trail Blazers,Brooklyn Nets,Player Points,Toumani Camara,Portland Trail Blazers,32.5,4.75,NA,Pointsbet,Brooklyn Nets,2656641,105612441,135,NA
Portland Trail Blazers v Brooklyn Nets,Portland Trail Blazers,Brooklyn Nets,Player Points,Toumani Camara,Portland Trail Blazers,33.5,6,NA,Pointsbet,Brooklyn Nets,2656641,105612441,281,NA
Portland Trail Blazers v Brooklyn Nets,Portland Trail Blazers,Brooklyn Nets,Player Points,Toumani Camara,Portland Trail Blazers,34.5,10,NA,Pointsbet,Brooklyn Nets,2656641,105612441,467,NA
Portland Trail Blazers v Brooklyn Nets,Portland Trail Blazers,Brooklyn Nets,Player Points,Ziaire Williams,Brooklyn Nets,10.5,1.06,NA,Pointsbet,Portland Trail Blazers,2656641,105612441,176,NA
Portland Trail Blazers v Brooklyn Nets,Portland Trail Blazers,Brooklyn Nets,Player Points,Ziaire Williams,Brooklyn Nets,11.5,1.1,NA,Pointsbet,Portland Trail Blazers,2656641,105612441,177,NA
Portland Trail Blazers v Brooklyn Nets,Portland Trail Blazers,Brooklyn Nets,Player Points,Ziaire Williams,Brooklyn Nets,12.5,1.27,NA,Pointsbet,Portland Trail Blazers,2656641,105612441,178,NA
Portland Trail Blazers v Brooklyn Nets,Portland Trail Blazers,Brooklyn Nets,Player Points,Ziaire Williams,Brooklyn Nets,13.5,1.5,NA,Pointsbet,Portland Trail Blazers,2656641,105612441,179,NA
Portland Trail Blazers v Brooklyn Nets,Portland Trail Blazers,Brooklyn Nets,Player Points,Ziaire Williams,Brooklyn Nets,14.5,1.69,NA,Pointsbet,Portland Trail Blazers,2656641,105612441,180,NA
Portland Trail Blazers v Brooklyn Nets,Portland Trail Blazers,Brooklyn Nets,Player Points,Ziaire Williams,Brooklyn Nets,15.5,1.95,NA,Pointsbet,Portland Trail Blazers,2656641,105612441,181,NA
Portland Trail Blazers v Brooklyn Nets,Portland Trail Blazers,Brooklyn Nets,Player Points,Ziaire Williams,Brooklyn Nets,16.5,2.35,NA,Pointsbet,Portland Trail Blazers,2656641,105612441,182,NA
Portland Trail Blazers v Brooklyn Nets,Portland Trail Blazers,Brooklyn Nets,Player Points,Ziaire Williams,Brooklyn Nets,17.5,2.7,NA,Pointsbet,Portland Trail Blazers,2656641,105612441,183,NA
Portland Trail Blazers v Brooklyn Nets,Portland Trail Blazers,Brooklyn Nets,Player Points,Ziaire Williams,Brooklyn Nets,18.5,3.25,NA,Pointsbet,Portland Trail Blazers,2656641,105612441,184,NA
Portland Trail Blazers v Brooklyn Nets,Portland Trail Blazers,Brooklyn Nets,Player Points,Ziaire Williams,Brooklyn Nets,19.5,3.9,NA,Pointsbet,Portland Trail Blazers,2656641,105612441,185,NA
Portland Trail Blazers v Brooklyn Nets,Portland Trail Blazers,Brooklyn Nets,Player Points,Ziaire Williams,Brooklyn Nets,20.5,5,NA,Pointsbet,Portland Trail Blazers,2656641,105612441,186,NA
Portland Trail Blazers v Brooklyn Nets,Portland Trail Blazers,Brooklyn Nets,Player Points,Ziaire Williams,Brooklyn Nets,21.5,6,NA,Pointsbet,Portland Trail Blazers,2656641,105612441,187,NA
Portland Trail Blazers v Brooklyn Nets,Portland Trail Blazers,Brooklyn Nets,Player Points,Ziaire Williams,Brooklyn Nets,22.5,8,NA,Pointsbet,Portland Trail Blazers,2656641,105612441,188,NA
Portland Trail Blazers v Brooklyn Nets,Portland Trail Blazers,Brooklyn Nets,Player Points,Ziaire Williams,Brooklyn Nets,23.5,8.5,NA,Pointsbet,Portland Trail Blazers,2656641,105612441,189,NA
Portland Trail Blazers v Brooklyn Nets,Portland Trail Blazers,Brooklyn Nets,Player Points,Ziaire Williams,Brooklyn Nets,24.5,10.5,NA,Pointsbet,Portland Trail Blazers,2656641,105612441,190,NA
Los Angeles Clippers v Milwaukee Bucks,Los Angeles Clippers,Milwaukee Bucks,Player Points,Bobby Portis,Milwaukee Bucks,10.5,1.06,NA,Pointsbet,Los Angeles Clippers,2656670,105608466,345,NA
Los Angeles Clippers v Milwaukee Bucks,Los Angeles Clippers,Milwaukee Bucks,Player Points,Bobby Portis,Milwaukee Bucks,11.5,1.11,NA,Pointsbet,Los Angeles Clippers,2656670,105608466,346,NA
Los Angeles Clippers v Milwaukee Bucks,Los Angeles Clippers,Milwaukee Bucks,Player Points,Bobby Portis,Milwaukee Bucks,12.5,1.16,NA,Pointsbet,Los Angeles Clippers,2656670,105608466,347,NA
Los Angeles Clippers v Milwaukee Bucks,Los Angeles Clippers,Milwaukee Bucks,Player Points,Bobby Portis,Milwaukee Bucks,13.5,1.33,NA,Pointsbet,Los Angeles Clippers,2656670,105608466,348,NA
Los Angeles Clippers v Milwaukee Bucks,Los Angeles Clippers,Milwaukee Bucks,Player Points,Bobby Portis,Milwaukee Bucks,14.5,1.48,NA,Pointsbet,Los Angeles Clippers,2656670,105608466,349,NA
Los Angeles Clippers v Milwaukee Bucks,Los Angeles Clippers,Milwaukee Bucks,Player Points,Bobby Portis,Milwaukee Bucks,15.5,1.74,NA,Pointsbet,Los Angeles Clippers,2656670,105608466,350,NA
Los Angeles Clippers v Milwaukee Bucks,Los Angeles Clippers,Milwaukee Bucks,Player Points,Bobby Portis,Milwaukee Bucks,16.5,2,NA,Pointsbet,Los Angeles Clippers,2656670,105608466,351,NA
Los Angeles Clippers v Milwaukee Bucks,Los Angeles Clippers,Milwaukee Bucks,Player Points,Bobby Portis,Milwaukee Bucks,17.5,2.3,NA,Pointsbet,Los Angeles Clippers,2656670,105608466,352,NA
Los Angeles Clippers v Milwaukee Bucks,Los Angeles Clippers,Milwaukee Bucks,Player Points,Bobby Portis,Milwaukee Bucks,18.5,2.85,NA,Pointsbet,Los Angeles Clippers,2656670,105608466,353,NA
Los Angeles Clippers v Milwaukee Bucks,Los Angeles Clippers,Milwaukee Bucks,Player Points,Bobby Portis,Milwaukee Bucks,19.5,3.6,NA,Pointsbet,Los Angeles Clippers,2656670,105608466,354,NA
Los Angeles Clippers v Milwaukee Bucks,Los Angeles Clippers,Milwaukee Bucks,Player Points,Bobby Portis,Milwaukee Bucks,20.5,3.9,NA,Pointsbet,Los Angeles Clippers,2656670,105608466,355,NA
Los Angeles Clippers v Milwaukee Bucks,Los Angeles Clippers,Milwaukee Bucks,Player Points,Bobby Portis,Milwaukee Bucks,21.5,5.25,NA,Pointsbet,Los Angeles Clippers,2656670,105608466,356,NA
Los Angeles Clippers v Milwaukee Bucks,Los Angeles Clippers,Milwaukee Bucks,Player Points,Bobby Portis,Milwaukee Bucks,22.5,5.75,NA,Pointsbet,Los Angeles Clippers,2656670,105608466,357,NA
Los Angeles Clippers v Milwaukee Bucks,Los Angeles Clippers,Milwaukee Bucks,Player Points,Bobby Portis,Milwaukee Bucks,23.5,8.5,NA,Pointsbet,Los Angeles Clippers,2656670,105608466,358,NA
Los Angeles Clippers v Milwaukee Bucks,Los Angeles Clippers,Milwaukee Bucks,Player Points,Bobby Portis,Milwaukee Bucks,24.5,9,NA,Pointsbet,Los Angeles Clippers,2656670,105608466,359,NA
Los Angeles Clippers v Milwaukee Bucks,Los Angeles Clippers,Milwaukee Bucks,Player Points,Darius Garland,Los Angeles Clippers,17.5,1.03,NA,Pointsbet,Milwaukee Bucks,2656670,105608466,84,NA
Los Angeles Clippers v Milwaukee Bucks,Los Angeles Clippers,Milwaukee Bucks,Player Points,Darius Garland,Los Angeles Clippers,18.5,1.07,NA,Pointsbet,Milwaukee Bucks,2656670,105608466,85,NA
Los Angeles Clippers v Milwaukee Bucks,Los Angeles Clippers,Milwaukee Bucks,Player Points,Darius Garland,Los Angeles Clippers,19.5,1.1,NA,Pointsbet,Milwaukee Bucks,2656670,105608466,86,NA
Los Angeles Clippers v Milwaukee Bucks,Los Angeles Clippers,Milwaukee Bucks,Player Points,Darius Garland,Los Angeles Clippers,20.5,1.24,NA,Pointsbet,Milwaukee Bucks,2656670,105608466,87,NA
Los Angeles Clippers v Milwaukee Bucks,Los Angeles Clippers,Milwaukee Bucks,Player Points,Darius Garland,Los Angeles Clippers,21.5,1.33,NA,Pointsbet,Milwaukee Bucks,2656670,105608466,88,NA
Los Angeles Clippers v Milwaukee Bucks,Los Angeles Clippers,Milwaukee Bucks,Player Points,Darius Garland,Los Angeles Clippers,22.5,1.5,NA,Pointsbet,Milwaukee Bucks,2656670,105608466,89,NA
Los Angeles Clippers v Milwaukee Bucks,Los Angeles Clippers,Milwaukee Bucks,Player Points,Darius Garland,Los Angeles Clippers,23.5,1.67,NA,Pointsbet,Milwaukee Bucks,2656670,105608466,90,NA
Los Angeles Clippers v Milwaukee Bucks,Los Angeles Clippers,Milwaukee Bucks,Player Points,Darius Garland,Los Angeles Clippers,24.5,1.8,NA,Pointsbet,Milwaukee Bucks,2656670,105608466,91,NA
Los Angeles Clippers v Milwaukee Bucks,Los Angeles Clippers,Milwaukee Bucks,Player Points,Darius Garland,Los Angeles Clippers,25.5,2.25,NA,Pointsbet,Milwaukee Bucks,2656670,105608466,92,NA
Los Angeles Clippers v Milwaukee Bucks,Los Angeles Clippers,Milwaukee Bucks,Player Points,Darius Garland,Los Angeles Clippers,26.5,2.55,NA,Pointsbet,Milwaukee Bucks,2656670,105608466,93,NA
Los Angeles Clippers v Milwaukee Bucks,Los Angeles Clippers,Milwaukee Bucks,Player Points,Darius Garland,Los Angeles Clippers,27.5,2.85,NA,Pointsbet,Milwaukee Bucks,2656670,105608466,94,NA
Los Angeles Clippers v Milwaukee Bucks,Los Angeles Clippers,Milwaukee Bucks,Player Points,Darius Garland,Los Angeles Clippers,28.5,3.9,NA,Pointsbet,Milwaukee Bucks,2656670,105608466,95,NA
Los Angeles Clippers v Milwaukee Bucks,Los Angeles Clippers,Milwaukee Bucks,Player Points,Darius Garland,Los Angeles Clippers,29.5,4.5,NA,Pointsbet,Milwaukee Bucks,2656670,105608466,96,NA
Los Angeles Clippers v Milwaukee Bucks,Los Angeles Clippers,Milwaukee Bucks,Player Points,Darius Garland,Los Angeles Clippers,30.5,5.25,NA,Pointsbet,Milwaukee Bucks,2656670,105608466,97,NA
Los Angeles Clippers v Milwaukee Bucks,Los Angeles Clippers,Milwaukee Bucks,Player Points,Darius Garland,Los Angeles Clippers,31.5,7,NA,Pointsbet,Milwaukee Bucks,2656670,105608466,98,NA
Los Angeles Clippers v Milwaukee Bucks,Los Angeles Clippers,Milwaukee Bucks,Player Points,Darius Garland,Los Angeles Clippers,32.5,9,NA,Pointsbet,Milwaukee Bucks,2656670,105608466,99,NA
Los Angeles Clippers v Milwaukee Bucks,Los Angeles Clippers,Milwaukee Bucks,Player Points,Darius Garland,Los Angeles Clippers,33.5,10.5,NA,Pointsbet,Milwaukee Bucks,2656670,105608466,100,NA
Los Angeles Clippers v Milwaukee Bucks,Los Angeles Clippers,Milwaukee Bucks,Player Points,Derrick Jones Jr.,Los Angeles Clippers,9.5,4,NA,Pointsbet,Milwaukee Bucks,2656670,105608466,47,NA
Los Angeles Clippers v Milwaukee Bucks,Los Angeles Clippers,Milwaukee Bucks,Player Points,Derrick Jones Jr.,Los Angeles Clippers,10.5,4.5,NA,Pointsbet,Milwaukee Bucks,2656670,105608466,48,NA
Los Angeles Clippers v Milwaukee Bucks,Los Angeles Clippers,Milwaukee Bucks,Player Points,Derrick Jones Jr.,Los Angeles Clippers,11.5,7,NA,Pointsbet,Milwaukee Bucks,2656670,105608466,49,NA
Los Angeles Clippers v Milwaukee Bucks,Los Angeles Clippers,Milwaukee Bucks,Player Points,Derrick Jones Jr.,Los Angeles Clippers,12.5,8,NA,Pointsbet,Milwaukee Bucks,2656670,105608466,50,NA
Los Angeles Clippers v Milwaukee Bucks,Los Angeles Clippers,Milwaukee Bucks,Player Points,Derrick Jones Jr.,Los Angeles Clippers,4.5,1.4,NA,Pointsbet,Milwaukee Bucks,2656670,105608466,42,NA
Los Angeles Clippers v Milwaukee Bucks,Los Angeles Clippers,Milwaukee Bucks,Player Points,Derrick Jones Jr.,Los Angeles Clippers,5.5,1.74,NA,Pointsbet,Milwaukee Bucks,2656670,105608466,43,NA
Los Angeles Clippers v Milwaukee Bucks,Los Angeles Clippers,Milwaukee Bucks,Player Points,Derrick Jones Jr.,Los Angeles Clippers,6.5,2.15,NA,Pointsbet,Milwaukee Bucks,2656670,105608466,44,NA
Los Angeles Clippers v Milwaukee Bucks,Los Angeles Clippers,Milwaukee Bucks,Player Points,Derrick Jones Jr.,Los Angeles Clippers,7.5,2.4,NA,Pointsbet,Milwaukee Bucks,2656670,105608466,45,NA
Los Angeles Clippers v Milwaukee Bucks,Los Angeles Clippers,Milwaukee Bucks,Player Points,Derrick Jones Jr.,Los Angeles Clippers,8.5,2.9,NA,Pointsbet,Milwaukee Bucks,2656670,105608466,46,NA
Los Angeles Clippers v Milwaukee Bucks,Los Angeles Clippers,Milwaukee Bucks,Player Points,Kawhi Leonard,Los Angeles Clippers,23.5,1.03,NA,Pointsbet,Milwaukee Bucks,2656670,105608466,16,NA
Los Angeles Clippers v Milwaukee Bucks,Los Angeles Clippers,Milwaukee Bucks,Player Points,Kawhi Leonard,Los Angeles Clippers,24.5,1.07,NA,Pointsbet,Milwaukee Bucks,2656670,105608466,17,NA
Los Angeles Clippers v Milwaukee Bucks,Los Angeles Clippers,Milwaukee Bucks,Player Points,Kawhi Leonard,Los Angeles Clippers,25.5,1.1,NA,Pointsbet,Milwaukee Bucks,2656670,105608466,18,NA
Los Angeles Clippers v Milwaukee Bucks,Los Angeles Clippers,Milwaukee Bucks,Player Points,Kawhi Leonard,Los Angeles Clippers,26.5,1.11,NA,Pointsbet,Milwaukee Bucks,2656670,105608466,19,NA
Los Angeles Clippers v Milwaukee Bucks,Los Angeles Clippers,Milwaukee Bucks,Player Points,Kawhi Leonard,Los Angeles Clippers,27.5,1.19,NA,Pointsbet,Milwaukee Bucks,2656670,105608466,20,NA
Los Angeles Clippers v Milwaukee Bucks,Los Angeles Clippers,Milwaukee Bucks,Player Points,Kawhi Leonard,Los Angeles Clippers,28.5,1.27,NA,Pointsbet,Milwaukee Bucks,2656670,105608466,21,NA
Los Angeles Clippers v Milwaukee Bucks,Los Angeles Clippers,Milwaukee Bucks,Player Points,Kawhi Leonard,Los Angeles Clippers,29.5,1.33,NA,Pointsbet,Milwaukee Bucks,2656670,105608466,22,NA
Los Angeles Clippers v Milwaukee Bucks,Los Angeles Clippers,Milwaukee Bucks,Player Points,Kawhi Leonard,Los Angeles Clippers,30.5,1.44,NA,Pointsbet,Milwaukee Bucks,2656670,105608466,23,NA
Los Angeles Clippers v Milwaukee Bucks,Los Angeles Clippers,Milwaukee Bucks,Player Points,Kawhi Leonard,Los Angeles Clippers,31.5,1.59,NA,Pointsbet,Milwaukee Bucks,2656670,105608466,24,NA
Los Angeles Clippers v Milwaukee Bucks,Los Angeles Clippers,Milwaukee Bucks,Player Points,Kawhi Leonard,Los Angeles Clippers,32.5,1.71,NA,Pointsbet,Milwaukee Bucks,2656670,105608466,25,NA
Los Angeles Clippers v Milwaukee Bucks,Los Angeles Clippers,Milwaukee Bucks,Player Points,Kawhi Leonard,Los Angeles Clippers,33.5,1.9,NA,Pointsbet,Milwaukee Bucks,2656670,105608466,26,NA
Los Angeles Clippers v Milwaukee Bucks,Los Angeles Clippers,Milwaukee Bucks,Player Points,Kawhi Leonard,Los Angeles Clippers,34.5,2.15,NA,Pointsbet,Milwaukee Bucks,2656670,105608466,27,NA
Los Angeles Clippers v Milwaukee Bucks,Los Angeles Clippers,Milwaukee Bucks,Player Points,Kawhi Leonard,Los Angeles Clippers,35.5,2.5,NA,Pointsbet,Milwaukee Bucks,2656670,105608466,28,NA
Los Angeles Clippers v Milwaukee Bucks,Los Angeles Clippers,Milwaukee Bucks,Player Points,Kawhi Leonard,Los Angeles Clippers,36.5,2.6,NA,Pointsbet,Milwaukee Bucks,2656670,105608466,29,NA
Los Angeles Clippers v Milwaukee Bucks,Los Angeles Clippers,Milwaukee Bucks,Player Points,Kawhi Leonard,Los Angeles Clippers,37.5,3.25,NA,Pointsbet,Milwaukee Bucks,2656670,105608466,30,NA
Los Angeles Clippers v Milwaukee Bucks,Los Angeles Clippers,Milwaukee Bucks,Player Points,Kawhi Leonard,Los Angeles Clippers,38.5,3.9,NA,Pointsbet,Milwaukee Bucks,2656670,105608466,31,NA
Los Angeles Clippers v Milwaukee Bucks,Los Angeles Clippers,Milwaukee Bucks,Player Points,Kawhi Leonard,Los Angeles Clippers,39.5,4.5,NA,Pointsbet,Milwaukee Bucks,2656670,105608466,32,NA
Los Angeles Clippers v Milwaukee Bucks,Los Angeles Clippers,Milwaukee Bucks,Player Points,Kawhi Leonard,Los Angeles Clippers,40.5,5.25,NA,Pointsbet,Milwaukee Bucks,2656670,105608466,33,NA
Los Angeles Clippers v Milwaukee Bucks,Los Angeles Clippers,Milwaukee Bucks,Player Points,Kawhi Leonard,Los Angeles Clippers,41.5,6,NA,Pointsbet,Milwaukee Bucks,2656670,105608466,34,NA
Los Angeles Clippers v Milwaukee Bucks,Los Angeles Clippers,Milwaukee Bucks,Player Points,Kawhi Leonard,Los Angeles Clippers,42.5,8,NA,Pointsbet,Milwaukee Bucks,2656670,105608466,35,NA
Los Angeles Clippers v Milwaukee Bucks,Los Angeles Clippers,Milwaukee Bucks,Player Points,Kawhi Leonard,Los Angeles Clippers,43.5,10,NA,Pointsbet,Milwaukee Bucks,2656670,105608466,36,NA
Los Angeles Clippers v Milwaukee Bucks,Los Angeles Clippers,Milwaukee Bucks,Player Points,Kawhi Leonard,Los Angeles Clippers,44.5,10.5,NA,Pointsbet,Milwaukee Bucks,2656670,105608466,37,NA
Los Angeles Clippers v Milwaukee Bucks,Los Angeles Clippers,Milwaukee Bucks,Player Points,Myles Turner,Milwaukee Bucks,9.5,1.18,NA,Pointsbet,Los Angeles Clippers,2656670,105608466,290,NA
Los Angeles Clippers v Milwaukee Bucks,Los Angeles Clippers,Milwaukee Bucks,Player Points,Myles Turner,Milwaukee Bucks,10.5,1.29,NA,Pointsbet,Los Angeles Clippers,2656670,105608466,291,NA
Los Angeles Clippers v Milwaukee Bucks,Los Angeles Clippers,Milwaukee Bucks,Player Points,Myles Turner,Milwaukee Bucks,11.5,1.48,NA,Pointsbet,Los Angeles Clippers,2656670,105608466,292,NA
Los Angeles Clippers v Milwaukee Bucks,Los Angeles Clippers,Milwaukee Bucks,Player Points,Myles Turner,Milwaukee Bucks,12.5,1.74,NA,Pointsbet,Los Angeles Clippers,2656670,105608466,293,NA
Los Angeles Clippers v Milwaukee Bucks,Los Angeles Clippers,Milwaukee Bucks,Player Points,Myles Turner,Milwaukee Bucks,13.5,2.2,NA,Pointsbet,Los Angeles Clippers,2656670,105608466,294,NA
Los Angeles Clippers v Milwaukee Bucks,Los Angeles Clippers,Milwaukee Bucks,Player Points,Myles Turner,Milwaukee Bucks,14.5,2.5,NA,Pointsbet,Los Angeles Clippers,2656670,105608466,295,NA
Los Angeles Clippers v Milwaukee Bucks,Los Angeles Clippers,Milwaukee Bucks,Player Points,Myles Turner,Milwaukee Bucks,15.5,3.1,NA,Pointsbet,Los Angeles Clippers,2656670,105608466,296,NA
Los Angeles Clippers v Milwaukee Bucks,Los Angeles Clippers,Milwaukee Bucks,Player Points,Myles Turner,Milwaukee Bucks,16.5,3.6,NA,Pointsbet,Los Angeles Clippers,2656670,105608466,297,NA
Los Angeles Clippers v Milwaukee Bucks,Los Angeles Clippers,Milwaukee Bucks,Player Points,Myles Turner,Milwaukee Bucks,17.5,4.4,NA,Pointsbet,Los Angeles Clippers,2656670,105608466,298,NA
Los Angeles Clippers v Milwaukee Bucks,Los Angeles Clippers,Milwaukee Bucks,Player Points,Myles Turner,Milwaukee Bucks,18.5,5.25,NA,Pointsbet,Los Angeles Clippers,2656670,105608466,299,NA
Los Angeles Clippers v Milwaukee Bucks,Los Angeles Clippers,Milwaukee Bucks,Player Points,Myles Turner,Milwaukee Bucks,19.5,7,NA,Pointsbet,Los Angeles Clippers,2656670,105608466,300,NA
Los Angeles Clippers v Milwaukee Bucks,Los Angeles Clippers,Milwaukee Bucks,Player Points,Myles Turner,Milwaukee Bucks,20.5,9.5,NA,Pointsbet,Los Angeles Clippers,2656670,105608466,301,NA
Los Angeles Clippers v Milwaukee Bucks,Los Angeles Clippers,Milwaukee Bucks,Player Points,Myles Turner,Milwaukee Bucks,21.5,10.5,NA,Pointsbet,Los Angeles Clippers,2656670,105608466,302,NA
Los Angeles Clippers v Milwaukee Bucks,Los Angeles Clippers,Milwaukee Bucks,Player Points,Myles Turner,Milwaukee Bucks,7.5,1.06,NA,Pointsbet,Los Angeles Clippers,2656670,105608466,288,NA
Los Angeles Clippers v Milwaukee Bucks,Los Angeles Clippers,Milwaukee Bucks,Player Points,Myles Turner,Milwaukee Bucks,8.5,1.09,NA,Pointsbet,Los Angeles Clippers,2656670,105608466,289,NA
Los Angeles Clippers v Milwaukee Bucks,Los Angeles Clippers,Milwaukee Bucks,Player Points,Ousmane Dieng,Milwaukee Bucks,9.5,2.25,NA,Pointsbet,Los Angeles Clippers,2656670,105608466,207,NA
Los Angeles Clippers v Milwaukee Bucks,Los Angeles Clippers,Milwaukee Bucks,Player Points,Ousmane Dieng,Milwaukee Bucks,10.5,2.7,NA,Pointsbet,Los Angeles Clippers,2656670,105608466,208,NA
Los Angeles Clippers v Milwaukee Bucks,Los Angeles Clippers,Milwaukee Bucks,Player Points,Ousmane Dieng,Milwaukee Bucks,11.5,3.6,NA,Pointsbet,Los Angeles Clippers,2656670,105608466,209,NA
Los Angeles Clippers v Milwaukee Bucks,Los Angeles Clippers,Milwaukee Bucks,Player Points,Ousmane Dieng,Milwaukee Bucks,12.5,4.5,NA,Pointsbet,Los Angeles Clippers,2656670,105608466,210,NA
Los Angeles Clippers v Milwaukee Bucks,Los Angeles Clippers,Milwaukee Bucks,Player Points,Ousmane Dieng,Milwaukee Bucks,13.5,5.25,NA,Pointsbet,Los Angeles Clippers,2656670,105608466,211,NA
Los Angeles Clippers v Milwaukee Bucks,Los Angeles Clippers,Milwaukee Bucks,Player Points,Ousmane Dieng,Milwaukee Bucks,14.5,6,NA,Pointsbet,Los Angeles Clippers,2656670,105608466,212,NA
Los Angeles Clippers v Milwaukee Bucks,Los Angeles Clippers,Milwaukee Bucks,Player Points,Ousmane Dieng,Milwaukee Bucks,15.5,9,NA,Pointsbet,Los Angeles Clippers,2656670,105608466,213,NA
Los Angeles Clippers v Milwaukee Bucks,Los Angeles Clippers,Milwaukee Bucks,Player Points,Ousmane Dieng,Milwaukee Bucks,16.5,10,NA,Pointsbet,Los Angeles Clippers,2656670,105608466,214,NA
Los Angeles Clippers v Milwaukee Bucks,Los Angeles Clippers,Milwaukee Bucks,Player Points,Ousmane Dieng,Milwaukee Bucks,4.5,1.18,NA,Pointsbet,Los Angeles Clippers,2656670,105608466,202,NA
Los Angeles Clippers v Milwaukee Bucks,Los Angeles Clippers,Milwaukee Bucks,Player Points,Ousmane Dieng,Milwaukee Bucks,5.5,1.29,NA,Pointsbet,Los Angeles Clippers,2656670,105608466,203,NA
Los Angeles Clippers v Milwaukee Bucks,Los Angeles Clippers,Milwaukee Bucks,Player Points,Ousmane Dieng,Milwaukee Bucks,6.5,1.48,NA,Pointsbet,Los Angeles Clippers,2656670,105608466,204,NA
Los Angeles Clippers v Milwaukee Bucks,Los Angeles Clippers,Milwaukee Bucks,Player Points,Ousmane Dieng,Milwaukee Bucks,7.5,1.69,NA,Pointsbet,Los Angeles Clippers,2656670,105608466,205,NA
Los Angeles Clippers v Milwaukee Bucks,Los Angeles Clippers,Milwaukee Bucks,Player Points,Ousmane Dieng,Milwaukee Bucks,8.5,1.87,NA,Pointsbet,Los Angeles Clippers,2656670,105608466,206,NA
Los Angeles Clippers v Milwaukee Bucks,Los Angeles Clippers,Milwaukee Bucks,Player Points,Ryan Rollins,Milwaukee Bucks,14.5,1.06,NA,Pointsbet,Los Angeles Clippers,2656670,105608466,178,NA
Los Angeles Clippers v Milwaukee Bucks,Los Angeles Clippers,Milwaukee Bucks,Player Points,Ryan Rollins,Milwaukee Bucks,15.5,1.1,NA,Pointsbet,Los Angeles Clippers,2656670,105608466,179,NA
Los Angeles Clippers v Milwaukee Bucks,Los Angeles Clippers,Milwaukee Bucks,Player Points,Ryan Rollins,Milwaukee Bucks,16.5,1.16,NA,Pointsbet,Los Angeles Clippers,2656670,105608466,180,NA
Los Angeles Clippers v Milwaukee Bucks,Los Angeles Clippers,Milwaukee Bucks,Player Points,Ryan Rollins,Milwaukee Bucks,17.5,1.25,NA,Pointsbet,Los Angeles Clippers,2656670,105608466,181,NA
Los Angeles Clippers v Milwaukee Bucks,Los Angeles Clippers,Milwaukee Bucks,Player Points,Ryan Rollins,Milwaukee Bucks,18.5,1.36,NA,Pointsbet,Los Angeles Clippers,2656670,105608466,182,NA
Los Angeles Clippers v Milwaukee Bucks,Los Angeles Clippers,Milwaukee Bucks,Player Points,Ryan Rollins,Milwaukee Bucks,19.5,1.53,NA,Pointsbet,Los Angeles Clippers,2656670,105608466,183,NA
Los Angeles Clippers v Milwaukee Bucks,Los Angeles Clippers,Milwaukee Bucks,Player Points,Ryan Rollins,Milwaukee Bucks,20.5,1.74,NA,Pointsbet,Los Angeles Clippers,2656670,105608466,184,NA
Los Angeles Clippers v Milwaukee Bucks,Los Angeles Clippers,Milwaukee Bucks,Player Points,Ryan Rollins,Milwaukee Bucks,21.5,2,NA,Pointsbet,Los Angeles Clippers,2656670,105608466,185,NA
Los Angeles Clippers v Milwaukee Bucks,Los Angeles Clippers,Milwaukee Bucks,Player Points,Ryan Rollins,Milwaukee Bucks,22.5,2.35,NA,Pointsbet,Los Angeles Clippers,2656670,105608466,186,NA
Los Angeles Clippers v Milwaukee Bucks,Los Angeles Clippers,Milwaukee Bucks,Player Points,Ryan Rollins,Milwaukee Bucks,23.5,2.75,NA,Pointsbet,Los Angeles Clippers,2656670,105608466,187,NA
Los Angeles Clippers v Milwaukee Bucks,Los Angeles Clippers,Milwaukee Bucks,Player Points,Ryan Rollins,Milwaukee Bucks,24.5,3.3,NA,Pointsbet,Los Angeles Clippers,2656670,105608466,188,NA
Los Angeles Clippers v Milwaukee Bucks,Los Angeles Clippers,Milwaukee Bucks,Player Points,Ryan Rollins,Milwaukee Bucks,25.5,4.2,NA,Pointsbet,Los Angeles Clippers,2656670,105608466,189,NA
Los Angeles Clippers v Milwaukee Bucks,Los Angeles Clippers,Milwaukee Bucks,Player Points,Ryan Rollins,Milwaukee Bucks,26.5,5,NA,Pointsbet,Los Angeles Clippers,2656670,105608466,190,NA
Los Angeles Clippers v Milwaukee Bucks,Los Angeles Clippers,Milwaukee Bucks,Player Points,Ryan Rollins,Milwaukee Bucks,27.5,6,NA,Pointsbet,Los Angeles Clippers,2656670,105608466,191,NA
Los Angeles Clippers v Milwaukee Bucks,Los Angeles Clippers,Milwaukee Bucks,Player Points,Ryan Rollins,Milwaukee Bucks,28.5,8,NA,Pointsbet,Los Angeles Clippers,2656670,105608466,192,NA
Los Angeles Clippers v Milwaukee Bucks,Los Angeles Clippers,Milwaukee Bucks,Player Points,Ryan Rollins,Milwaukee Bucks,29.5,10,NA,Pointsbet,Los Angeles Clippers,2656670,105608466,193,NA
Phoenix Suns v Denver Nuggets,Phoenix Suns,Denver Nuggets,Player Points,Aaron Gordon,Denver Nuggets,9.5,1.11,NA,Pointsbet,Phoenix Suns,2657905,105661872,47,NA
Phoenix Suns v Denver Nuggets,Phoenix Suns,Denver Nuggets,Player Points,Aaron Gordon,Denver Nuggets,10.5,1.16,NA,Pointsbet,Phoenix Suns,2657905,105661872,48,NA
Phoenix Suns v Denver Nuggets,Phoenix Suns,Denver Nuggets,Player Points,Aaron Gordon,Denver Nuggets,11.5,1.24,NA,Pointsbet,Phoenix Suns,2657905,105661872,49,NA
Phoenix Suns v Denver Nuggets,Phoenix Suns,Denver Nuggets,Player Points,Aaron Gordon,Denver Nuggets,12.5,1.33,NA,Pointsbet,Phoenix Suns,2657905,105661872,50,NA
Phoenix Suns v Denver Nuggets,Phoenix Suns,Denver Nuggets,Player Points,Aaron Gordon,Denver Nuggets,13.5,1.44,NA,Pointsbet,Phoenix Suns,2657905,105661872,51,NA
Phoenix Suns v Denver Nuggets,Phoenix Suns,Denver Nuggets,Player Points,Aaron Gordon,Denver Nuggets,14.5,1.59,NA,Pointsbet,Phoenix Suns,2657905,105661872,52,NA
Phoenix Suns v Denver Nuggets,Phoenix Suns,Denver Nuggets,Player Points,Aaron Gordon,Denver Nuggets,15.5,1.74,NA,Pointsbet,Phoenix Suns,2657905,105661872,53,NA
Phoenix Suns v Denver Nuggets,Phoenix Suns,Denver Nuggets,Player Points,Aaron Gordon,Denver Nuggets,16.5,2,NA,Pointsbet,Phoenix Suns,2657905,105661872,54,NA
Phoenix Suns v Denver Nuggets,Phoenix Suns,Denver Nuggets,Player Points,Aaron Gordon,Denver Nuggets,17.5,2.3,NA,Pointsbet,Phoenix Suns,2657905,105661872,55,NA
Phoenix Suns v Denver Nuggets,Phoenix Suns,Denver Nuggets,Player Points,Aaron Gordon,Denver Nuggets,18.5,2.6,NA,Pointsbet,Phoenix Suns,2657905,105661872,56,NA
Phoenix Suns v Denver Nuggets,Phoenix Suns,Denver Nuggets,Player Points,Aaron Gordon,Denver Nuggets,19.5,3,NA,Pointsbet,Phoenix Suns,2657905,105661872,57,NA
Phoenix Suns v Denver Nuggets,Phoenix Suns,Denver Nuggets,Player Points,Aaron Gordon,Denver Nuggets,20.5,3.6,NA,Pointsbet,Phoenix Suns,2657905,105661872,58,NA
Phoenix Suns v Denver Nuggets,Phoenix Suns,Denver Nuggets,Player Points,Aaron Gordon,Denver Nuggets,21.5,4.4,NA,Pointsbet,Phoenix Suns,2657905,105661872,59,NA
Phoenix Suns v Denver Nuggets,Phoenix Suns,Denver Nuggets,Player Points,Aaron Gordon,Denver Nuggets,22.5,5,NA,Pointsbet,Phoenix Suns,2657905,105661872,60,NA
Phoenix Suns v Denver Nuggets,Phoenix Suns,Denver Nuggets,Player Points,Aaron Gordon,Denver Nuggets,23.5,6,NA,Pointsbet,Phoenix Suns,2657905,105661872,61,NA
Phoenix Suns v Denver Nuggets,Phoenix Suns,Denver Nuggets,Player Points,Aaron Gordon,Denver Nuggets,24.5,8,NA,Pointsbet,Phoenix Suns,2657905,105661872,62,NA
Phoenix Suns v Denver Nuggets,Phoenix Suns,Denver Nuggets,Player Points,Aaron Gordon,Denver Nuggets,25.5,9.5,NA,Pointsbet,Phoenix Suns,2657905,105661872,63,NA
Phoenix Suns v Denver Nuggets,Phoenix Suns,Denver Nuggets,Player Points,Aaron Gordon,Denver Nuggets,26.5,11,NA,Pointsbet,Phoenix Suns,2657905,105661872,64,NA
Phoenix Suns v Denver Nuggets,Phoenix Suns,Denver Nuggets,Player Points,Aaron Gordon,Denver Nuggets,7.5,1.05,NA,Pointsbet,Phoenix Suns,2657905,105661872,45,NA
Phoenix Suns v Denver Nuggets,Phoenix Suns,Denver Nuggets,Player Points,Aaron Gordon,Denver Nuggets,8.5,1.08,NA,Pointsbet,Phoenix Suns,2657905,105661872,46,NA
Phoenix Suns v Denver Nuggets,Phoenix Suns,Denver Nuggets,Player Points,Cameron Johnson,Denver Nuggets,9.5,1.56,NA,Pointsbet,Phoenix Suns,2657905,105661872,149,NA
Phoenix Suns v Denver Nuggets,Phoenix Suns,Denver Nuggets,Player Points,Cameron Johnson,Denver Nuggets,10.5,1.71,NA,Pointsbet,Phoenix Suns,2657905,105661872,150,NA
Phoenix Suns v Denver Nuggets,Phoenix Suns,Denver Nuggets,Player Points,Cameron Johnson,Denver Nuggets,11.5,1.95,NA,Pointsbet,Phoenix Suns,2657905,105661872,151,NA
Phoenix Suns v Denver Nuggets,Phoenix Suns,Denver Nuggets,Player Points,Cameron Johnson,Denver Nuggets,12.5,2.25,NA,Pointsbet,Phoenix Suns,2657905,105661872,152,NA
Phoenix Suns v Denver Nuggets,Phoenix Suns,Denver Nuggets,Player Points,Cameron Johnson,Denver Nuggets,13.5,2.55,NA,Pointsbet,Phoenix Suns,2657905,105661872,153,NA
Phoenix Suns v Denver Nuggets,Phoenix Suns,Denver Nuggets,Player Points,Cameron Johnson,Denver Nuggets,14.5,2.9,NA,Pointsbet,Phoenix Suns,2657905,105661872,154,NA
Phoenix Suns v Denver Nuggets,Phoenix Suns,Denver Nuggets,Player Points,Cameron Johnson,Denver Nuggets,15.5,3.4,NA,Pointsbet,Phoenix Suns,2657905,105661872,155,NA
Phoenix Suns v Denver Nuggets,Phoenix Suns,Denver Nuggets,Player Points,Cameron Johnson,Denver Nuggets,16.5,4,NA,Pointsbet,Phoenix Suns,2657905,105661872,156,NA
Phoenix Suns v Denver Nuggets,Phoenix Suns,Denver Nuggets,Player Points,Cameron Johnson,Denver Nuggets,17.5,4.75,NA,Pointsbet,Phoenix Suns,2657905,105661872,157,NA
Phoenix Suns v Denver Nuggets,Phoenix Suns,Denver Nuggets,Player Points,Cameron Johnson,Denver Nuggets,18.5,5.75,NA,Pointsbet,Phoenix Suns,2657905,105661872,158,NA
Phoenix Suns v Denver Nuggets,Phoenix Suns,Denver Nuggets,Player Points,Cameron Johnson,Denver Nuggets,19.5,6.5,NA,Pointsbet,Phoenix Suns,2657905,105661872,159,NA
Phoenix Suns v Denver Nuggets,Phoenix Suns,Denver Nuggets,Player Points,Cameron Johnson,Denver Nuggets,20.5,8.5,NA,Pointsbet,Phoenix Suns,2657905,105661872,160,NA
Phoenix Suns v Denver Nuggets,Phoenix Suns,Denver Nuggets,Player Points,Cameron Johnson,Denver Nuggets,21.5,10,NA,Pointsbet,Phoenix Suns,2657905,105661872,161,NA
Phoenix Suns v Denver Nuggets,Phoenix Suns,Denver Nuggets,Player Points,Cameron Johnson,Denver Nuggets,22.5,12,NA,Pointsbet,Phoenix Suns,2657905,105661872,162,NA
Phoenix Suns v Denver Nuggets,Phoenix Suns,Denver Nuggets,Player Points,Cameron Johnson,Denver Nuggets,4.5,1.08,NA,Pointsbet,Phoenix Suns,2657905,105661872,144,NA
Phoenix Suns v Denver Nuggets,Phoenix Suns,Denver Nuggets,Player Points,Cameron Johnson,Denver Nuggets,5.5,1.11,NA,Pointsbet,Phoenix Suns,2657905,105661872,145,NA
Phoenix Suns v Denver Nuggets,Phoenix Suns,Denver Nuggets,Player Points,Cameron Johnson,Denver Nuggets,6.5,1.19,NA,Pointsbet,Phoenix Suns,2657905,105661872,146,NA
Phoenix Suns v Denver Nuggets,Phoenix Suns,Denver Nuggets,Player Points,Cameron Johnson,Denver Nuggets,7.5,1.27,NA,Pointsbet,Phoenix Suns,2657905,105661872,147,NA
Phoenix Suns v Denver Nuggets,Phoenix Suns,Denver Nuggets,Player Points,Cameron Johnson,Denver Nuggets,8.5,1.4,NA,Pointsbet,Phoenix Suns,2657905,105661872,148,NA
Phoenix Suns v Denver Nuggets,Phoenix Suns,Denver Nuggets,Player Points,Christian Braun,Denver Nuggets,9.5,1.36,NA,Pointsbet,Phoenix Suns,2657905,105661872,177,NA
Phoenix Suns v Denver Nuggets,Phoenix Suns,Denver Nuggets,Player Points,Christian Braun,Denver Nuggets,10.5,1.53,NA,Pointsbet,Phoenix Suns,2657905,105661872,178,NA
Phoenix Suns v Denver Nuggets,Phoenix Suns,Denver Nuggets,Player Points,Christian Braun,Denver Nuggets,11.5,1.71,NA,Pointsbet,Phoenix Suns,2657905,105661872,179,NA
Phoenix Suns v Denver Nuggets,Phoenix Suns,Denver Nuggets,Player Points,Christian Braun,Denver Nuggets,12.5,1.95,NA,Pointsbet,Phoenix Suns,2657905,105661872,180,NA
Phoenix Suns v Denver Nuggets,Phoenix Suns,Denver Nuggets,Player Points,Christian Braun,Denver Nuggets,13.5,2.3,NA,Pointsbet,Phoenix Suns,2657905,105661872,181,NA
Phoenix Suns v Denver Nuggets,Phoenix Suns,Denver Nuggets,Player Points,Christian Braun,Denver Nuggets,14.5,2.6,NA,Pointsbet,Phoenix Suns,2657905,105661872,182,NA
Phoenix Suns v Denver Nuggets,Phoenix Suns,Denver Nuggets,Player Points,Christian Braun,Denver Nuggets,15.5,3.25,NA,Pointsbet,Phoenix Suns,2657905,105661872,183,NA
Phoenix Suns v Denver Nuggets,Phoenix Suns,Denver Nuggets,Player Points,Christian Braun,Denver Nuggets,16.5,3.9,NA,Pointsbet,Phoenix Suns,2657905,105661872,184,NA
Phoenix Suns v Denver Nuggets,Phoenix Suns,Denver Nuggets,Player Points,Christian Braun,Denver Nuggets,17.5,4.5,NA,Pointsbet,Phoenix Suns,2657905,105661872,185,NA
Phoenix Suns v Denver Nuggets,Phoenix Suns,Denver Nuggets,Player Points,Christian Braun,Denver Nuggets,18.5,5.75,NA,Pointsbet,Phoenix Suns,2657905,105661872,186,NA
Phoenix Suns v Denver Nuggets,Phoenix Suns,Denver Nuggets,Player Points,Christian Braun,Denver Nuggets,19.5,7.5,NA,Pointsbet,Phoenix Suns,2657905,105661872,187,NA
Phoenix Suns v Denver Nuggets,Phoenix Suns,Denver Nuggets,Player Points,Christian Braun,Denver Nuggets,20.5,9.5,NA,Pointsbet,Phoenix Suns,2657905,105661872,188,NA
Phoenix Suns v Denver Nuggets,Phoenix Suns,Denver Nuggets,Player Points,Christian Braun,Denver Nuggets,21.5,11,NA,Pointsbet,Phoenix Suns,2657905,105661872,189,NA
Phoenix Suns v Denver Nuggets,Phoenix Suns,Denver Nuggets,Player Points,Christian Braun,Denver Nuggets,4.5,1.04,NA,Pointsbet,Phoenix Suns,2657905,105661872,172,NA
Phoenix Suns v Denver Nuggets,Phoenix Suns,Denver Nuggets,Player Points,Christian Braun,Denver Nuggets,5.5,1.07,NA,Pointsbet,Phoenix Suns,2657905,105661872,173,NA
Phoenix Suns v Denver Nuggets,Phoenix Suns,Denver Nuggets,Player Points,Christian Braun,Denver Nuggets,6.5,1.11,NA,Pointsbet,Phoenix Suns,2657905,105661872,174,NA
Phoenix Suns v Denver Nuggets,Phoenix Suns,Denver Nuggets,Player Points,Christian Braun,Denver Nuggets,7.5,1.18,NA,Pointsbet,Phoenix Suns,2657905,105661872,175,NA
Phoenix Suns v Denver Nuggets,Phoenix Suns,Denver Nuggets,Player Points,Christian Braun,Denver Nuggets,8.5,1.27,NA,Pointsbet,Phoenix Suns,2657905,105661872,176,NA
Phoenix Suns v Denver Nuggets,Phoenix Suns,Denver Nuggets,Player Points,Collin Gillespie,Phoenix Suns,9.5,1.24,NA,Pointsbet,Denver Nuggets,2657905,105661872,340,NA
Phoenix Suns v Denver Nuggets,Phoenix Suns,Denver Nuggets,Player Points,Collin Gillespie,Phoenix Suns,10.5,1.33,NA,Pointsbet,Denver Nuggets,2657905,105661872,341,NA
Phoenix Suns v Denver Nuggets,Phoenix Suns,Denver Nuggets,Player Points,Collin Gillespie,Phoenix Suns,11.5,1.44,NA,Pointsbet,Denver Nuggets,2657905,105661872,342,NA
Phoenix Suns v Denver Nuggets,Phoenix Suns,Denver Nuggets,Player Points,Collin Gillespie,Phoenix Suns,12.5,1.65,NA,Pointsbet,Denver Nuggets,2657905,105661872,343,NA
Phoenix Suns v Denver Nuggets,Phoenix Suns,Denver Nuggets,Player Points,Collin Gillespie,Phoenix Suns,13.5,1.83,NA,Pointsbet,Denver Nuggets,2657905,105661872,344,NA
Phoenix Suns v Denver Nuggets,Phoenix Suns,Denver Nuggets,Player Points,Collin Gillespie,Phoenix Suns,14.5,2.05,NA,Pointsbet,Denver Nuggets,2657905,105661872,345,NA
Phoenix Suns v Denver Nuggets,Phoenix Suns,Denver Nuggets,Player Points,Collin Gillespie,Phoenix Suns,15.5,2.35,NA,Pointsbet,Denver Nuggets,2657905,105661872,346,NA
Phoenix Suns v Denver Nuggets,Phoenix Suns,Denver Nuggets,Player Points,Collin Gillespie,Phoenix Suns,16.5,2.7,NA,Pointsbet,Denver Nuggets,2657905,105661872,347,NA
Phoenix Suns v Denver Nuggets,Phoenix Suns,Denver Nuggets,Player Points,Collin Gillespie,Phoenix Suns,17.5,3.1,NA,Pointsbet,Denver Nuggets,2657905,105661872,348,NA
Phoenix Suns v Denver Nuggets,Phoenix Suns,Denver Nuggets,Player Points,Collin Gillespie,Phoenix Suns,18.5,3.7,NA,Pointsbet,Denver Nuggets,2657905,105661872,349,NA
Phoenix Suns v Denver Nuggets,Phoenix Suns,Denver Nuggets,Player Points,Collin Gillespie,Phoenix Suns,19.5,4.4,NA,Pointsbet,Denver Nuggets,2657905,105661872,350,NA
Phoenix Suns v Denver Nuggets,Phoenix Suns,Denver Nuggets,Player Points,Collin Gillespie,Phoenix Suns,20.5,5.25,NA,Pointsbet,Denver Nuggets,2657905,105661872,351,NA
Phoenix Suns v Denver Nuggets,Phoenix Suns,Denver Nuggets,Player Points,Collin Gillespie,Phoenix Suns,21.5,6,NA,Pointsbet,Denver Nuggets,2657905,105661872,352,NA
Phoenix Suns v Denver Nuggets,Phoenix Suns,Denver Nuggets,Player Points,Collin Gillespie,Phoenix Suns,22.5,7.5,NA,Pointsbet,Denver Nuggets,2657905,105661872,353,NA
Phoenix Suns v Denver Nuggets,Phoenix Suns,Denver Nuggets,Player Points,Collin Gillespie,Phoenix Suns,23.5,9.5,NA,Pointsbet,Denver Nuggets,2657905,105661872,354,NA
Phoenix Suns v Denver Nuggets,Phoenix Suns,Denver Nuggets,Player Points,Collin Gillespie,Phoenix Suns,24.5,11,NA,Pointsbet,Denver Nuggets,2657905,105661872,355,NA
Phoenix Suns v Denver Nuggets,Phoenix Suns,Denver Nuggets,Player Points,Collin Gillespie,Phoenix Suns,5.5,1.04,NA,Pointsbet,Denver Nuggets,2657905,105661872,336,NA
Phoenix Suns v Denver Nuggets,Phoenix Suns,Denver Nuggets,Player Points,Collin Gillespie,Phoenix Suns,6.5,1.08,NA,Pointsbet,Denver Nuggets,2657905,105661872,337,NA
Phoenix Suns v Denver Nuggets,Phoenix Suns,Denver Nuggets,Player Points,Collin Gillespie,Phoenix Suns,7.5,1.11,NA,Pointsbet,Denver Nuggets,2657905,105661872,338,NA
Phoenix Suns v Denver Nuggets,Phoenix Suns,Denver Nuggets,Player Points,Collin Gillespie,Phoenix Suns,8.5,1.18,NA,Pointsbet,Denver Nuggets,2657905,105661872,339,NA
Phoenix Suns v Denver Nuggets,Phoenix Suns,Denver Nuggets,Player Points,Devin Booker,Phoenix Suns,13.5,1.04,NA,Pointsbet,Denver Nuggets,2657905,105661872,233,NA
Phoenix Suns v Denver Nuggets,Phoenix Suns,Denver Nuggets,Player Points,Devin Booker,Phoenix Suns,14.5,1.06,NA,Pointsbet,Denver Nuggets,2657905,105661872,234,NA
Phoenix Suns v Denver Nuggets,Phoenix Suns,Denver Nuggets,Player Points,Devin Booker,Phoenix Suns,15.5,1.07,NA,Pointsbet,Denver Nuggets,2657905,105661872,235,NA
Phoenix Suns v Denver Nuggets,Phoenix Suns,Denver Nuggets,Player Points,Devin Booker,Phoenix Suns,16.5,1.1,NA,Pointsbet,Denver Nuggets,2657905,105661872,236,NA
Phoenix Suns v Denver Nuggets,Phoenix Suns,Denver Nuggets,Player Points,Devin Booker,Phoenix Suns,17.5,1.13,NA,Pointsbet,Denver Nuggets,2657905,105661872,237,NA
Phoenix Suns v Denver Nuggets,Phoenix Suns,Denver Nuggets,Player Points,Devin Booker,Phoenix Suns,18.5,1.16,NA,Pointsbet,Denver Nuggets,2657905,105661872,238,NA
Phoenix Suns v Denver Nuggets,Phoenix Suns,Denver Nuggets,Player Points,Devin Booker,Phoenix Suns,19.5,1.22,NA,Pointsbet,Denver Nuggets,2657905,105661872,239,NA
Phoenix Suns v Denver Nuggets,Phoenix Suns,Denver Nuggets,Player Points,Devin Booker,Phoenix Suns,20.5,1.27,NA,Pointsbet,Denver Nuggets,2657905,105661872,240,NA
Phoenix Suns v Denver Nuggets,Phoenix Suns,Denver Nuggets,Player Points,Devin Booker,Phoenix Suns,21.5,1.36,NA,Pointsbet,Denver Nuggets,2657905,105661872,241,NA
Phoenix Suns v Denver Nuggets,Phoenix Suns,Denver Nuggets,Player Points,Devin Booker,Phoenix Suns,22.5,1.44,NA,Pointsbet,Denver Nuggets,2657905,105661872,242,NA
Phoenix Suns v Denver Nuggets,Phoenix Suns,Denver Nuggets,Player Points,Devin Booker,Phoenix Suns,23.5,1.56,NA,Pointsbet,Denver Nuggets,2657905,105661872,243,NA
Phoenix Suns v Denver Nuggets,Phoenix Suns,Denver Nuggets,Player Points,Devin Booker,Phoenix Suns,24.5,1.69,NA,Pointsbet,Denver Nuggets,2657905,105661872,244,NA
Phoenix Suns v Denver Nuggets,Phoenix Suns,Denver Nuggets,Player Points,Devin Booker,Phoenix Suns,25.5,1.83,NA,Pointsbet,Denver Nuggets,2657905,105661872,245,NA
Phoenix Suns v Denver Nuggets,Phoenix Suns,Denver Nuggets,Player Points,Devin Booker,Phoenix Suns,26.5,2,NA,Pointsbet,Denver Nuggets,2657905,105661872,246,NA
Phoenix Suns v Denver Nuggets,Phoenix Suns,Denver Nuggets,Player Points,Devin Booker,Phoenix Suns,27.5,2.2,NA,Pointsbet,Denver Nuggets,2657905,105661872,247,NA
Phoenix Suns v Denver Nuggets,Phoenix Suns,Denver Nuggets,Player Points,Devin Booker,Phoenix Suns,28.5,2.4,NA,Pointsbet,Denver Nuggets,2657905,105661872,248,NA
Phoenix Suns v Denver Nuggets,Phoenix Suns,Denver Nuggets,Player Points,Devin Booker,Phoenix Suns,29.5,2.7,NA,Pointsbet,Denver Nuggets,2657905,105661872,249,NA
Phoenix Suns v Denver Nuggets,Phoenix Suns,Denver Nuggets,Player Points,Devin Booker,Phoenix Suns,30.5,2.9,NA,Pointsbet,Denver Nuggets,2657905,105661872,250,NA
Phoenix Suns v Denver Nuggets,Phoenix Suns,Denver Nuggets,Player Points,Devin Booker,Phoenix Suns,31.5,3.3,NA,Pointsbet,Denver Nuggets,2657905,105661872,251,NA
Phoenix Suns v Denver Nuggets,Phoenix Suns,Denver Nuggets,Player Points,Devin Booker,Phoenix Suns,32.5,3.7,NA,Pointsbet,Denver Nuggets,2657905,105661872,252,NA
Phoenix Suns v Denver Nuggets,Phoenix Suns,Denver Nuggets,Player Points,Devin Booker,Phoenix Suns,33.5,4.4,NA,Pointsbet,Denver Nuggets,2657905,105661872,253,NA
Phoenix Suns v Denver Nuggets,Phoenix Suns,Denver Nuggets,Player Points,Devin Booker,Phoenix Suns,34.5,5,NA,Pointsbet,Denver Nuggets,2657905,105661872,254,NA
Phoenix Suns v Denver Nuggets,Phoenix Suns,Denver Nuggets,Player Points,Devin Booker,Phoenix Suns,35.5,5.75,NA,Pointsbet,Denver Nuggets,2657905,105661872,255,NA
Phoenix Suns v Denver Nuggets,Phoenix Suns,Denver Nuggets,Player Points,Devin Booker,Phoenix Suns,36.5,6.5,NA,Pointsbet,Denver Nuggets,2657905,105661872,256,NA
Phoenix Suns v Denver Nuggets,Phoenix Suns,Denver Nuggets,Player Points,Devin Booker,Phoenix Suns,37.5,8,NA,Pointsbet,Denver Nuggets,2657905,105661872,257,NA
Phoenix Suns v Denver Nuggets,Phoenix Suns,Denver Nuggets,Player Points,Devin Booker,Phoenix Suns,38.5,9.5,NA,Pointsbet,Denver Nuggets,2657905,105661872,258,NA
Phoenix Suns v Denver Nuggets,Phoenix Suns,Denver Nuggets,Player Points,Devin Booker,Phoenix Suns,39.5,10.5,NA,Pointsbet,Denver Nuggets,2657905,105661872,259,NA
Phoenix Suns v Denver Nuggets,Phoenix Suns,Denver Nuggets,Player Points,Devin Booker,Phoenix Suns,40.5,12,NA,Pointsbet,Denver Nuggets,2657905,105661872,260,NA
Phoenix Suns v Denver Nuggets,Phoenix Suns,Denver Nuggets,Player Points,Grayson Allen,Phoenix Suns,9.5,1.29,NA,Pointsbet,Denver Nuggets,2657905,105661872,272,NA
Phoenix Suns v Denver Nuggets,Phoenix Suns,Denver Nuggets,Player Points,Grayson Allen,Phoenix Suns,10.5,1.36,NA,Pointsbet,Denver Nuggets,2657905,105661872,273,NA
Phoenix Suns v Denver Nuggets,Phoenix Suns,Denver Nuggets,Player Points,Grayson Allen,Phoenix Suns,11.5,1.48,NA,Pointsbet,Denver Nuggets,2657905,105661872,274,NA
Phoenix Suns v Denver Nuggets,Phoenix Suns,Denver Nuggets,Player Points,Grayson Allen,Phoenix Suns,12.5,1.65,NA,Pointsbet,Denver Nuggets,2657905,105661872,275,NA
Phoenix Suns v Denver Nuggets,Phoenix Suns,Denver Nuggets,Player Points,Grayson Allen,Phoenix Suns,13.5,1.8,NA,Pointsbet,Denver Nuggets,2657905,105661872,276,NA
Phoenix Suns v Denver Nuggets,Phoenix Suns,Denver Nuggets,Player Points,Grayson Allen,Phoenix Suns,14.5,2.1,NA,Pointsbet,Denver Nuggets,2657905,105661872,277,NA
Phoenix Suns v Denver Nuggets,Phoenix Suns,Denver Nuggets,Player Points,Grayson Allen,Phoenix Suns,15.5,2.3,NA,Pointsbet,Denver Nuggets,2657905,105661872,278,NA
Phoenix Suns v Denver Nuggets,Phoenix Suns,Denver Nuggets,Player Points,Grayson Allen,Phoenix Suns,16.5,2.6,NA,Pointsbet,Denver Nuggets,2657905,105661872,279,NA
Phoenix Suns v Denver Nuggets,Phoenix Suns,Denver Nuggets,Player Points,Grayson Allen,Phoenix Suns,17.5,2.9,NA,Pointsbet,Denver Nuggets,2657905,105661872,280,NA
Phoenix Suns v Denver Nuggets,Phoenix Suns,Denver Nuggets,Player Points,Grayson Allen,Phoenix Suns,18.5,3.4,NA,Pointsbet,Denver Nuggets,2657905,105661872,281,NA
Phoenix Suns v Denver Nuggets,Phoenix Suns,Denver Nuggets,Player Points,Grayson Allen,Phoenix Suns,19.5,4,NA,Pointsbet,Denver Nuggets,2657905,105661872,282,NA
Phoenix Suns v Denver Nuggets,Phoenix Suns,Denver Nuggets,Player Points,Grayson Allen,Phoenix Suns,20.5,4.5,NA,Pointsbet,Denver Nuggets,2657905,105661872,283,NA
Phoenix Suns v Denver Nuggets,Phoenix Suns,Denver Nuggets,Player Points,Grayson Allen,Phoenix Suns,21.5,5.75,NA,Pointsbet,Denver Nuggets,2657905,105661872,284,NA
Phoenix Suns v Denver Nuggets,Phoenix Suns,Denver Nuggets,Player Points,Grayson Allen,Phoenix Suns,22.5,6.5,NA,Pointsbet,Denver Nuggets,2657905,105661872,285,NA
Phoenix Suns v Denver Nuggets,Phoenix Suns,Denver Nuggets,Player Points,Grayson Allen,Phoenix Suns,23.5,9,NA,Pointsbet,Denver Nuggets,2657905,105661872,286,NA
Phoenix Suns v Denver Nuggets,Phoenix Suns,Denver Nuggets,Player Points,Grayson Allen,Phoenix Suns,24.5,10,NA,Pointsbet,Denver Nuggets,2657905,105661872,287,NA
Phoenix Suns v Denver Nuggets,Phoenix Suns,Denver Nuggets,Player Points,Grayson Allen,Phoenix Suns,25.5,11,NA,Pointsbet,Denver Nuggets,2657905,105661872,288,NA
Phoenix Suns v Denver Nuggets,Phoenix Suns,Denver Nuggets,Player Points,Grayson Allen,Phoenix Suns,5.5,1.05,NA,Pointsbet,Denver Nuggets,2657905,105661872,268,NA
Phoenix Suns v Denver Nuggets,Phoenix Suns,Denver Nuggets,Player Points,Grayson Allen,Phoenix Suns,6.5,1.08,NA,Pointsbet,Denver Nuggets,2657905,105661872,269,NA
Phoenix Suns v Denver Nuggets,Phoenix Suns,Denver Nuggets,Player Points,Grayson Allen,Phoenix Suns,7.5,1.13,NA,Pointsbet,Denver Nuggets,2657905,105661872,270,NA
Phoenix Suns v Denver Nuggets,Phoenix Suns,Denver Nuggets,Player Points,Grayson Allen,Phoenix Suns,8.5,1.19,NA,Pointsbet,Denver Nuggets,2657905,105661872,271,NA
Phoenix Suns v Denver Nuggets,Phoenix Suns,Denver Nuggets,Player Points,Jalen Green,Phoenix Suns,11.5,1.05,NA,Pointsbet,Denver Nuggets,2657905,105661872,304,NA
Phoenix Suns v Denver Nuggets,Phoenix Suns,Denver Nuggets,Player Points,Jalen Green,Phoenix Suns,12.5,1.07,NA,Pointsbet,Denver Nuggets,2657905,105661872,305,NA
Phoenix Suns v Denver Nuggets,Phoenix Suns,Denver Nuggets,Player Points,Jalen Green,Phoenix Suns,13.5,1.1,NA,Pointsbet,Denver Nuggets,2657905,105661872,306,NA
Phoenix Suns v Denver Nuggets,Phoenix Suns,Denver Nuggets,Player Points,Jalen Green,Phoenix Suns,14.5,1.14,NA,Pointsbet,Denver Nuggets,2657905,105661872,307,NA
Phoenix Suns v Denver Nuggets,Phoenix Suns,Denver Nuggets,Player Points,Jalen Green,Phoenix Suns,15.5,1.19,NA,Pointsbet,Denver Nuggets,2657905,105661872,308,NA
Phoenix Suns v Denver Nuggets,Phoenix Suns,Denver Nuggets,Player Points,Jalen Green,Phoenix Suns,16.5,1.25,NA,Pointsbet,Denver Nuggets,2657905,105661872,309,NA
Phoenix Suns v Denver Nuggets,Phoenix Suns,Denver Nuggets,Player Points,Jalen Green,Phoenix Suns,17.5,1.33,NA,Pointsbet,Denver Nuggets,2657905,105661872,310,NA
Phoenix Suns v Denver Nuggets,Phoenix Suns,Denver Nuggets,Player Points,Jalen Green,Phoenix Suns,18.5,1.44,NA,Pointsbet,Denver Nuggets,2657905,105661872,311,NA
Phoenix Suns v Denver Nuggets,Phoenix Suns,Denver Nuggets,Player Points,Jalen Green,Phoenix Suns,19.5,1.56,NA,Pointsbet,Denver Nuggets,2657905,105661872,312,NA
Phoenix Suns v Denver Nuggets,Phoenix Suns,Denver Nuggets,Player Points,Jalen Green,Phoenix Suns,20.5,1.69,NA,Pointsbet,Denver Nuggets,2657905,105661872,313,NA
Phoenix Suns v Denver Nuggets,Phoenix Suns,Denver Nuggets,Player Points,Jalen Green,Phoenix Suns,21.5,1.83,NA,Pointsbet,Denver Nuggets,2657905,105661872,314,NA
Phoenix Suns v Denver Nuggets,Phoenix Suns,Denver Nuggets,Player Points,Jalen Green,Phoenix Suns,22.5,2.05,NA,Pointsbet,Denver Nuggets,2657905,105661872,315,NA
Phoenix Suns v Denver Nuggets,Phoenix Suns,Denver Nuggets,Player Points,Jalen Green,Phoenix Suns,23.5,2.3,NA,Pointsbet,Denver Nuggets,2657905,105661872,316,NA
Phoenix Suns v Denver Nuggets,Phoenix Suns,Denver Nuggets,Player Points,Jalen Green,Phoenix Suns,24.5,2.55,NA,Pointsbet,Denver Nuggets,2657905,105661872,317,NA
Phoenix Suns v Denver Nuggets,Phoenix Suns,Denver Nuggets,Player Points,Jalen Green,Phoenix Suns,25.5,2.85,NA,Pointsbet,Denver Nuggets,2657905,105661872,318,NA
Phoenix Suns v Denver Nuggets,Phoenix Suns,Denver Nuggets,Player Points,Jalen Green,Phoenix Suns,26.5,3.4,NA,Pointsbet,Denver Nuggets,2657905,105661872,319,NA
Phoenix Suns v Denver Nuggets,Phoenix Suns,Denver Nuggets,Player Points,Jalen Green,Phoenix Suns,27.5,3.9,NA,Pointsbet,Denver Nuggets,2657905,105661872,320,NA
Phoenix Suns v Denver Nuggets,Phoenix Suns,Denver Nuggets,Player Points,Jalen Green,Phoenix Suns,28.5,4.4,NA,Pointsbet,Denver Nuggets,2657905,105661872,321,NA
Phoenix Suns v Denver Nuggets,Phoenix Suns,Denver Nuggets,Player Points,Jalen Green,Phoenix Suns,29.5,5,NA,Pointsbet,Denver Nuggets,2657905,105661872,322,NA
Phoenix Suns v Denver Nuggets,Phoenix Suns,Denver Nuggets,Player Points,Jalen Green,Phoenix Suns,30.5,5.75,NA,Pointsbet,Denver Nuggets,2657905,105661872,323,NA
Phoenix Suns v Denver Nuggets,Phoenix Suns,Denver Nuggets,Player Points,Jalen Green,Phoenix Suns,31.5,7,NA,Pointsbet,Denver Nuggets,2657905,105661872,324,NA
Phoenix Suns v Denver Nuggets,Phoenix Suns,Denver Nuggets,Player Points,Jalen Green,Phoenix Suns,32.5,8.5,NA,Pointsbet,Denver Nuggets,2657905,105661872,325,NA
Phoenix Suns v Denver Nuggets,Phoenix Suns,Denver Nuggets,Player Points,Jalen Green,Phoenix Suns,33.5,10,NA,Pointsbet,Denver Nuggets,2657905,105661872,326,NA
Phoenix Suns v Denver Nuggets,Phoenix Suns,Denver Nuggets,Player Points,Jalen Green,Phoenix Suns,34.5,12,NA,Pointsbet,Denver Nuggets,2657905,105661872,327,NA
Phoenix Suns v Denver Nuggets,Phoenix Suns,Denver Nuggets,Player Points,Jamal Murray,Denver Nuggets,12.5,1.03,NA,Pointsbet,Phoenix Suns,2657905,105661872,111,NA
Phoenix Suns v Denver Nuggets,Phoenix Suns,Denver Nuggets,Player Points,Jamal Murray,Denver Nuggets,13.5,1.05,NA,Pointsbet,Phoenix Suns,2657905,105661872,112,NA
Phoenix Suns v Denver Nuggets,Phoenix Suns,Denver Nuggets,Player Points,Jamal Murray,Denver Nuggets,14.5,1.07,NA,Pointsbet,Phoenix Suns,2657905,105661872,113,NA
Phoenix Suns v Denver Nuggets,Phoenix Suns,Denver Nuggets,Player Points,Jamal Murray,Denver Nuggets,15.5,1.09,NA,Pointsbet,Phoenix Suns,2657905,105661872,114,NA
Phoenix Suns v Denver Nuggets,Phoenix Suns,Denver Nuggets,Player Points,Jamal Murray,Denver Nuggets,16.5,1.13,NA,Pointsbet,Phoenix Suns,2657905,105661872,115,NA
Phoenix Suns v Denver Nuggets,Phoenix Suns,Denver Nuggets,Player Points,Jamal Murray,Denver Nuggets,17.5,1.18,NA,Pointsbet,Phoenix Suns,2657905,105661872,116,NA
Phoenix Suns v Denver Nuggets,Phoenix Suns,Denver Nuggets,Player Points,Jamal Murray,Denver Nuggets,18.5,1.24,NA,Pointsbet,Phoenix Suns,2657905,105661872,117,NA
Phoenix Suns v Denver Nuggets,Phoenix Suns,Denver Nuggets,Player Points,Jamal Murray,Denver Nuggets,19.5,1.29,NA,Pointsbet,Phoenix Suns,2657905,105661872,118,NA
Phoenix Suns v Denver Nuggets,Phoenix Suns,Denver Nuggets,Player Points,Jamal Murray,Denver Nuggets,20.5,1.36,NA,Pointsbet,Phoenix Suns,2657905,105661872,119,NA
Phoenix Suns v Denver Nuggets,Phoenix Suns,Denver Nuggets,Player Points,Jamal Murray,Denver Nuggets,21.5,1.48,NA,Pointsbet,Phoenix Suns,2657905,105661872,120,NA
Phoenix Suns v Denver Nuggets,Phoenix Suns,Denver Nuggets,Player Points,Jamal Murray,Denver Nuggets,22.5,1.63,NA,Pointsbet,Phoenix Suns,2657905,105661872,121,NA
Phoenix Suns v Denver Nuggets,Phoenix Suns,Denver Nuggets,Player Points,Jamal Murray,Denver Nuggets,23.5,1.74,NA,Pointsbet,Phoenix Suns,2657905,105661872,122,NA
Phoenix Suns v Denver Nuggets,Phoenix Suns,Denver Nuggets,Player Points,Jamal Murray,Denver Nuggets,24.5,1.9,NA,Pointsbet,Phoenix Suns,2657905,105661872,123,NA
Phoenix Suns v Denver Nuggets,Phoenix Suns,Denver Nuggets,Player Points,Jamal Murray,Denver Nuggets,25.5,2.2,NA,Pointsbet,Phoenix Suns,2657905,105661872,124,NA
Phoenix Suns v Denver Nuggets,Phoenix Suns,Denver Nuggets,Player Points,Jamal Murray,Denver Nuggets,26.5,2.4,NA,Pointsbet,Phoenix Suns,2657905,105661872,125,NA
Phoenix Suns v Denver Nuggets,Phoenix Suns,Denver Nuggets,Player Points,Jamal Murray,Denver Nuggets,27.5,2.7,NA,Pointsbet,Phoenix Suns,2657905,105661872,126,NA
Phoenix Suns v Denver Nuggets,Phoenix Suns,Denver Nuggets,Player Points,Jamal Murray,Denver Nuggets,28.5,3.1,NA,Pointsbet,Phoenix Suns,2657905,105661872,127,NA
Phoenix Suns v Denver Nuggets,Phoenix Suns,Denver Nuggets,Player Points,Jamal Murray,Denver Nuggets,29.5,3.6,NA,Pointsbet,Phoenix Suns,2657905,105661872,128,NA
Phoenix Suns v Denver Nuggets,Phoenix Suns,Denver Nuggets,Player Points,Jamal Murray,Denver Nuggets,30.5,4.2,NA,Pointsbet,Phoenix Suns,2657905,105661872,129,NA
Phoenix Suns v Denver Nuggets,Phoenix Suns,Denver Nuggets,Player Points,Jamal Murray,Denver Nuggets,31.5,4.5,NA,Pointsbet,Phoenix Suns,2657905,105661872,130,NA
Phoenix Suns v Denver Nuggets,Phoenix Suns,Denver Nuggets,Player Points,Jamal Murray,Denver Nuggets,32.5,5.25,NA,Pointsbet,Phoenix Suns,2657905,105661872,131,NA
Phoenix Suns v Denver Nuggets,Phoenix Suns,Denver Nuggets,Player Points,Jamal Murray,Denver Nuggets,33.5,6,NA,Pointsbet,Phoenix Suns,2657905,105661872,132,NA
Phoenix Suns v Denver Nuggets,Phoenix Suns,Denver Nuggets,Player Points,Jamal Murray,Denver Nuggets,34.5,7.5,NA,Pointsbet,Phoenix Suns,2657905,105661872,133,NA
Phoenix Suns v Denver Nuggets,Phoenix Suns,Denver Nuggets,Player Points,Jamal Murray,Denver Nuggets,35.5,9,NA,Pointsbet,Phoenix Suns,2657905,105661872,134,NA
Phoenix Suns v Denver Nuggets,Phoenix Suns,Denver Nuggets,Player Points,Jamal Murray,Denver Nuggets,36.5,10.5,NA,Pointsbet,Phoenix Suns,2657905,105661872,135,NA
Phoenix Suns v Denver Nuggets,Phoenix Suns,Denver Nuggets,Player Points,Jamal Murray,Denver Nuggets,37.5,13,NA,Pointsbet,Phoenix Suns,2657905,105661872,136,NA
Phoenix Suns v Denver Nuggets,Phoenix Suns,Denver Nuggets,Player Points,Nikola Joki<c4><87>,NA,16.5,1.04,NA,Pointsbet,NA,2657905,105661872,10,NA
Phoenix Suns v Denver Nuggets,Phoenix Suns,Denver Nuggets,Player Points,Nikola Joki<c4><87>,NA,17.5,1.05,NA,Pointsbet,NA,2657905,105661872,11,NA
Phoenix Suns v Denver Nuggets,Phoenix Suns,Denver Nuggets,Player Points,Nikola Joki<c4><87>,NA,18.5,1.08,NA,Pointsbet,NA,2657905,105661872,12,NA
Phoenix Suns v Denver Nuggets,Phoenix Suns,Denver Nuggets,Player Points,Nikola Joki<c4><87>,NA,19.5,1.1,NA,Pointsbet,NA,2657905,105661872,13,NA
Phoenix Suns v Denver Nuggets,Phoenix Suns,Denver Nuggets,Player Points,Nikola Joki<c4><87>,NA,20.5,1.14,NA,Pointsbet,NA,2657905,105661872,14,NA
Phoenix Suns v Denver Nuggets,Phoenix Suns,Denver Nuggets,Player Points,Nikola Joki<c4><87>,NA,21.5,1.19,NA,Pointsbet,NA,2657905,105661872,15,NA
Phoenix Suns v Denver Nuggets,Phoenix Suns,Denver Nuggets,Player Points,Nikola Joki<c4><87>,NA,22.5,1.25,NA,Pointsbet,NA,2657905,105661872,16,NA
Phoenix Suns v Denver Nuggets,Phoenix Suns,Denver Nuggets,Player Points,Nikola Joki<c4><87>,NA,23.5,1.31,NA,Pointsbet,NA,2657905,105661872,17,NA
Phoenix Suns v Denver Nuggets,Phoenix Suns,Denver Nuggets,Player Points,Nikola Joki<c4><87>,NA,24.5,1.4,NA,Pointsbet,NA,2657905,105661872,18,NA
Phoenix Suns v Denver Nuggets,Phoenix Suns,Denver Nuggets,Player Points,Nikola Joki<c4><87>,NA,25.5,1.48,NA,Pointsbet,NA,2657905,105661872,19,NA
Phoenix Suns v Denver Nuggets,Phoenix Suns,Denver Nuggets,Player Points,Nikola Joki<c4><87>,NA,26.5,1.63,NA,Pointsbet,NA,2657905,105661872,20,NA
Phoenix Suns v Denver Nuggets,Phoenix Suns,Denver Nuggets,Player Points,Nikola Joki<c4><87>,NA,27.5,1.77,NA,Pointsbet,NA,2657905,105661872,21,NA
Phoenix Suns v Denver Nuggets,Phoenix Suns,Denver Nuggets,Player Points,Nikola Joki<c4><87>,NA,28.5,1.95,NA,Pointsbet,NA,2657905,105661872,22,NA
Phoenix Suns v Denver Nuggets,Phoenix Suns,Denver Nuggets,Player Points,Nikola Joki<c4><87>,NA,29.5,2.2,NA,Pointsbet,NA,2657905,105661872,23,NA
Phoenix Suns v Denver Nuggets,Phoenix Suns,Denver Nuggets,Player Points,Nikola Joki<c4><87>,NA,30.5,2.4,NA,Pointsbet,NA,2657905,105661872,24,NA
Phoenix Suns v Denver Nuggets,Phoenix Suns,Denver Nuggets,Player Points,Nikola Joki<c4><87>,NA,31.5,2.75,NA,Pointsbet,NA,2657905,105661872,25,NA
Phoenix Suns v Denver Nuggets,Phoenix Suns,Denver Nuggets,Player Points,Nikola Joki<c4><87>,NA,32.5,3.1,NA,Pointsbet,NA,2657905,105661872,26,NA
Phoenix Suns v Denver Nuggets,Phoenix Suns,Denver Nuggets,Player Points,Nikola Joki<c4><87>,NA,33.5,3.6,NA,Pointsbet,NA,2657905,105661872,27,NA
Phoenix Suns v Denver Nuggets,Phoenix Suns,Denver Nuggets,Player Points,Nikola Joki<c4><87>,NA,34.5,4.2,NA,Pointsbet,NA,2657905,105661872,28,NA
Phoenix Suns v Denver Nuggets,Phoenix Suns,Denver Nuggets,Player Points,Nikola Joki<c4><87>,NA,35.5,4.75,NA,Pointsbet,NA,2657905,105661872,29,NA
Phoenix Suns v Denver Nuggets,Phoenix Suns,Denver Nuggets,Player Points,Nikola Joki<c4><87>,NA,36.5,5.25,NA,Pointsbet,NA,2657905,105661872,30,NA
Phoenix Suns v Denver Nuggets,Phoenix Suns,Denver Nuggets,Player Points,Nikola Joki<c4><87>,NA,37.5,6.5,NA,Pointsbet,NA,2657905,105661872,31,NA
Phoenix Suns v Denver Nuggets,Phoenix Suns,Denver Nuggets,Player Points,Nikola Joki<c4><87>,NA,38.5,7.5,NA,Pointsbet,NA,2657905,105661872,32,NA
Phoenix Suns v Denver Nuggets,Phoenix Suns,Denver Nuggets,Player Points,Nikola Joki<c4><87>,NA,39.5,9.5,NA,Pointsbet,NA,2657905,105661872,33,NA
Phoenix Suns v Denver Nuggets,Phoenix Suns,Denver Nuggets,Player Points,Nikola Joki<c4><87>,NA,40.5,11,NA,Pointsbet,NA,2657905,105661872,34,NA
Phoenix Suns v Denver Nuggets,Phoenix Suns,Denver Nuggets,Player Points,Oso Ighodaro,Phoenix Suns,9.5,2.3,NA,Pointsbet,Denver Nuggets,2657905,105661872,370,NA
Phoenix Suns v Denver Nuggets,Phoenix Suns,Denver Nuggets,Player Points,Oso Ighodaro,Phoenix Suns,10.5,2.85,NA,Pointsbet,Denver Nuggets,2657905,105661872,371,NA
Phoenix Suns v Denver Nuggets,Phoenix Suns,Denver Nuggets,Player Points,Oso Ighodaro,Phoenix Suns,11.5,3.6,NA,Pointsbet,Denver Nuggets,2657905,105661872,372,NA
Phoenix Suns v Denver Nuggets,Phoenix Suns,Denver Nuggets,Player Points,Oso Ighodaro,Phoenix Suns,12.5,4.5,NA,Pointsbet,Denver Nuggets,2657905,105661872,373,NA
Phoenix Suns v Denver Nuggets,Phoenix Suns,Denver Nuggets,Player Points,Oso Ighodaro,Phoenix Suns,13.5,5.75,NA,Pointsbet,Denver Nuggets,2657905,105661872,374,NA
Phoenix Suns v Denver Nuggets,Phoenix Suns,Denver Nuggets,Player Points,Oso Ighodaro,Phoenix Suns,14.5,8,NA,Pointsbet,Denver Nuggets,2657905,105661872,375,NA
Phoenix Suns v Denver Nuggets,Phoenix Suns,Denver Nuggets,Player Points,Oso Ighodaro,Phoenix Suns,15.5,10.5,NA,Pointsbet,Denver Nuggets,2657905,105661872,376,NA
Phoenix Suns v Denver Nuggets,Phoenix Suns,Denver Nuggets,Player Points,Oso Ighodaro,Phoenix Suns,4.5,1.15,NA,Pointsbet,Denver Nuggets,2657905,105661872,365,NA
Phoenix Suns v Denver Nuggets,Phoenix Suns,Denver Nuggets,Player Points,Oso Ighodaro,Phoenix Suns,5.5,1.22,NA,Pointsbet,Denver Nuggets,2657905,105661872,366,NA
Phoenix Suns v Denver Nuggets,Phoenix Suns,Denver Nuggets,Player Points,Oso Ighodaro,Phoenix Suns,6.5,1.42,NA,Pointsbet,Denver Nuggets,2657905,105661872,367,NA
Phoenix Suns v Denver Nuggets,Phoenix Suns,Denver Nuggets,Player Points,Oso Ighodaro,Phoenix Suns,7.5,1.59,NA,Pointsbet,Denver Nuggets,2657905,105661872,368,NA
Phoenix Suns v Denver Nuggets,Phoenix Suns,Denver Nuggets,Player Points,Oso Ighodaro,Phoenix Suns,8.5,1.95,NA,Pointsbet,Denver Nuggets,2657905,105661872,369,NA
Phoenix Suns v Denver Nuggets,Phoenix Suns,Denver Nuggets,Player Points,Royce O'neale,NA,9.5,2.25,NA,Pointsbet,NA,2657905,105661872,206,NA
Phoenix Suns v Denver Nuggets,Phoenix Suns,Denver Nuggets,Player Points,Royce O'neale,NA,10.5,2.55,NA,Pointsbet,NA,2657905,105661872,207,NA
Phoenix Suns v Denver Nuggets,Phoenix Suns,Denver Nuggets,Player Points,Royce O'neale,NA,11.5,3,NA,Pointsbet,NA,2657905,105661872,208,NA
Phoenix Suns v Denver Nuggets,Phoenix Suns,Denver Nuggets,Player Points,Royce O'neale,NA,12.5,3.7,NA,Pointsbet,NA,2657905,105661872,209,NA
Phoenix Suns v Denver Nuggets,Phoenix Suns,Denver Nuggets,Player Points,Royce O'neale,NA,13.5,4.4,NA,Pointsbet,NA,2657905,105661872,210,NA
Phoenix Suns v Denver Nuggets,Phoenix Suns,Denver Nuggets,Player Points,Royce O'neale,NA,14.5,5.25,NA,Pointsbet,NA,2657905,105661872,211,NA
Phoenix Suns v Denver Nuggets,Phoenix Suns,Denver Nuggets,Player Points,Royce O'neale,NA,15.5,7,NA,Pointsbet,NA,2657905,105661872,212,NA
Phoenix Suns v Denver Nuggets,Phoenix Suns,Denver Nuggets,Player Points,Royce O'neale,NA,16.5,9,NA,Pointsbet,NA,2657905,105661872,213,NA
Phoenix Suns v Denver Nuggets,Phoenix Suns,Denver Nuggets,Player Points,Royce O'neale,NA,17.5,10.5,NA,Pointsbet,NA,2657905,105661872,214,NA
Phoenix Suns v Denver Nuggets,Phoenix Suns,Denver Nuggets,Player Points,Royce O'neale,NA,4.5,1.19,NA,Pointsbet,NA,2657905,105661872,201,NA
Phoenix Suns v Denver Nuggets,Phoenix Suns,Denver Nuggets,Player Points,Royce O'neale,NA,5.5,1.29,NA,Pointsbet,NA,2657905,105661872,202,NA
Phoenix Suns v Denver Nuggets,Phoenix Suns,Denver Nuggets,Player Points,Royce O'neale,NA,6.5,1.5,NA,Pointsbet,NA,2657905,105661872,203,NA
Phoenix Suns v Denver Nuggets,Phoenix Suns,Denver Nuggets,Player Points,Royce O'neale,NA,7.5,1.67,NA,Pointsbet,NA,2657905,105661872,204,NA
Phoenix Suns v Denver Nuggets,Phoenix Suns,Denver Nuggets,Player Points,Royce O'neale,NA,8.5,1.83,NA,Pointsbet,NA,2657905,105661872,205,NA
Phoenix Suns v Denver Nuggets,Phoenix Suns,Denver Nuggets,Player Points,Tim Hardaway Jr.,Denver Nuggets,9.5,1.48,NA,Pointsbet,Phoenix Suns,2657905,105661872,80,NA
Phoenix Suns v Denver Nuggets,Phoenix Suns,Denver Nuggets,Player Points,Tim Hardaway Jr.,Denver Nuggets,10.5,1.65,NA,Pointsbet,Phoenix Suns,2657905,105661872,81,NA
Phoenix Suns v Denver Nuggets,Phoenix Suns,Denver Nuggets,Player Points,Tim Hardaway Jr.,Denver Nuggets,11.5,1.83,NA,Pointsbet,Phoenix Suns,2657905,105661872,82,NA
Phoenix Suns v Denver Nuggets,Phoenix Suns,Denver Nuggets,Player Points,Tim Hardaway Jr.,Denver Nuggets,12.5,2.15,NA,Pointsbet,Phoenix Suns,2657905,105661872,83,NA
Phoenix Suns v Denver Nuggets,Phoenix Suns,Denver Nuggets,Player Points,Tim Hardaway Jr.,Denver Nuggets,13.5,2.5,NA,Pointsbet,Phoenix Suns,2657905,105661872,84,NA
Phoenix Suns v Denver Nuggets,Phoenix Suns,Denver Nuggets,Player Points,Tim Hardaway Jr.,Denver Nuggets,14.5,2.85,NA,Pointsbet,Phoenix Suns,2657905,105661872,85,NA
Phoenix Suns v Denver Nuggets,Phoenix Suns,Denver Nuggets,Player Points,Tim Hardaway Jr.,Denver Nuggets,15.5,3.4,NA,Pointsbet,Phoenix Suns,2657905,105661872,86,NA
Phoenix Suns v Denver Nuggets,Phoenix Suns,Denver Nuggets,Player Points,Tim Hardaway Jr.,Denver Nuggets,16.5,4,NA,Pointsbet,Phoenix Suns,2657905,105661872,87,NA
Phoenix Suns v Denver Nuggets,Phoenix Suns,Denver Nuggets,Player Points,Tim Hardaway Jr.,Denver Nuggets,17.5,5,NA,Pointsbet,Phoenix Suns,2657905,105661872,88,NA
Phoenix Suns v Denver Nuggets,Phoenix Suns,Denver Nuggets,Player Points,Tim Hardaway Jr.,Denver Nuggets,18.5,5.75,NA,Pointsbet,Phoenix Suns,2657905,105661872,89,NA
Phoenix Suns v Denver Nuggets,Phoenix Suns,Denver Nuggets,Player Points,Tim Hardaway Jr.,Denver Nuggets,19.5,7.5,NA,Pointsbet,Phoenix Suns,2657905,105661872,90,NA
Phoenix Suns v Denver Nuggets,Phoenix Suns,Denver Nuggets,Player Points,Tim Hardaway Jr.,Denver Nuggets,20.5,9.5,NA,Pointsbet,Phoenix Suns,2657905,105661872,91,NA
Phoenix Suns v Denver Nuggets,Phoenix Suns,Denver Nuggets,Player Points,Tim Hardaway Jr.,Denver Nuggets,21.5,11,NA,Pointsbet,Phoenix Suns,2657905,105661872,92,NA
Phoenix Suns v Denver Nuggets,Phoenix Suns,Denver Nuggets,Player Points,Tim Hardaway Jr.,Denver Nuggets,4.5,1.05,NA,Pointsbet,Phoenix Suns,2657905,105661872,75,NA
Phoenix Suns v Denver Nuggets,Phoenix Suns,Denver Nuggets,Player Points,Tim Hardaway Jr.,Denver Nuggets,5.5,1.09,NA,Pointsbet,Phoenix Suns,2657905,105661872,76,NA
Phoenix Suns v Denver Nuggets,Phoenix Suns,Denver Nuggets,Player Points,Tim Hardaway Jr.,Denver Nuggets,6.5,1.15,NA,Pointsbet,Phoenix Suns,2657905,105661872,77,NA
Phoenix Suns v Denver Nuggets,Phoenix Suns,Denver Nuggets,Player Points,Tim Hardaway Jr.,Denver Nuggets,7.5,1.22,NA,Pointsbet,Phoenix Suns,2657905,105661872,78,NA
Phoenix Suns v Denver Nuggets,Phoenix Suns,Denver Nuggets,Player Points,Tim Hardaway Jr.,Denver Nuggets,8.5,1.33,NA,Pointsbet,Phoenix Suns,2657905,105661872,79,NA
