match,home_team,away_team,market_name,player_name,player_team,line,over_price,agency,opposition_team
Chicago Bulls v Indiana Pacers,Chicago Bulls,Indiana Pacers,Player Threes,Josh Giddey,Chicago Bulls,1.5,1.42,BetMakers,Indiana Pacers
Chicago Bulls v Indiana Pacers,Chicago Bulls,Indiana Pacers,Player Threes,Josh Giddey,Chicago Bulls,2.5,2.3,BetMakers,Indiana Pacers
Chicago Bulls v Indiana Pacers,Chicago Bulls,Indiana Pacers,Player Threes,Josh Giddey,Chicago Bulls,3.5,4.2,BetMakers,Indiana Pacers
Chicago Bulls v Indiana Pacers,Chicago Bulls,Indiana Pacers,Player Threes,Matas Buzelis,Chicago Bulls,1.5,1.21,BetMakers,Indiana Pacers
Chicago Bulls v Indiana Pacers,Chicago Bulls,Indiana Pacers,Player Threes,Matas Buzelis,Chicago Bulls,2.5,1.62,BetMakers,Indiana Pacers
Chicago Bulls v Indiana Pacers,Chicago Bulls,Indiana Pacers,Player Threes,Matas Buzelis,Chicago Bulls,3.5,2.5,BetMakers,Indiana Pacers
Chicago Bulls v Indiana Pacers,Chicago Bulls,Indiana Pacers,Player Threes,Pascal Siakam,Indiana Pacers,0.5,1.26,BetMakers,Chicago Bulls
Chicago Bulls v Indiana Pacers,Chicago Bulls,Indiana Pacers,Player Threes,Pascal Siakam,Indiana Pacers,1.5,2.25,BetMakers,Chicago Bulls
Chicago Bulls v Indiana Pacers,Chicago Bulls,Indiana Pacers,Player Threes,Pascal Siakam,Indiana Pacers,2.5,5.25,BetMakers,Chicago Bulls
Golden State Warriors v San Antonio Spurs,Golden State Warriors,San Antonio Spurs,Player Threes,Brandin Podziemski,Golden State Warriors,1.5,1.42,BetMakers,San Antonio Spurs
Golden State Warriors v San Antonio Spurs,Golden State Warriors,San Antonio Spurs,Player Threes,Brandin Podziemski,Golden State Warriors,2.5,2.25,BetMakers,San Antonio Spurs
Golden State Warriors v San Antonio Spurs,Golden State Warriors,San Antonio Spurs,Player Threes,Brandin Podziemski,Golden State Warriors,3.5,4.33,BetMakers,San Antonio Spurs
Golden State Warriors v San Antonio Spurs,Golden State Warriors,San Antonio Spurs,Player Threes,De'Aaron Fox,San Antonio Spurs,0.5,1.15,BetMakers,Golden State Warriors
Golden State Warriors v San Antonio Spurs,Golden State Warriors,San Antonio Spurs,Player Threes,De'Aaron Fox,San Antonio Spurs,1.5,1.75,BetMakers,Golden State Warriors
Golden State Warriors v San Antonio Spurs,Golden State Warriors,San Antonio Spurs,Player Threes,De'Aaron Fox,San Antonio Spurs,2.5,3.3,BetMakers,Golden State Warriors
Golden State Warriors v San Antonio Spurs,Golden State Warriors,San Antonio Spurs,Player Threes,Devin Vassell,San Antonio Spurs,1.5,1.4600000000000002,BetMakers,Golden State Warriors
Golden State Warriors v San Antonio Spurs,Golden State Warriors,San Antonio Spurs,Player Threes,Devin Vassell,San Antonio Spurs,2.5,2.4,BetMakers,Golden State Warriors
Golden State Warriors v San Antonio Spurs,Golden State Warriors,San Antonio Spurs,Player Threes,Devin Vassell,San Antonio Spurs,3.5,4.6,BetMakers,Golden State Warriors
Golden State Warriors v San Antonio Spurs,Golden State Warriors,San Antonio Spurs,Player Threes,Draymond Green,Golden State Warriors,0.5,1.15,BetMakers,San Antonio Spurs
Golden State Warriors v San Antonio Spurs,Golden State Warriors,San Antonio Spurs,Player Threes,Draymond Green,Golden State Warriors,1.5,1.7299999999999998,BetMakers,San Antonio Spurs
Golden State Warriors v San Antonio Spurs,Golden State Warriors,San Antonio Spurs,Player Threes,Draymond Green,Golden State Warriors,2.5,3.2,BetMakers,San Antonio Spurs
Golden State Warriors v San Antonio Spurs,Golden State Warriors,San Antonio Spurs,Player Threes,Gui Santos,Golden State Warriors,1.5,1.4600000000000002,BetMakers,San Antonio Spurs
Golden State Warriors v San Antonio Spurs,Golden State Warriors,San Antonio Spurs,Player Threes,Gui Santos,Golden State Warriors,2.5,2.38,BetMakers,San Antonio Spurs
Golden State Warriors v San Antonio Spurs,Golden State Warriors,San Antonio Spurs,Player Threes,Gui Santos,Golden State Warriors,3.5,4.5,BetMakers,San Antonio Spurs
Golden State Warriors v San Antonio Spurs,Golden State Warriors,San Antonio Spurs,Player Threes,Julian Champagnie,San Antonio Spurs,1.5,1.4600000000000002,BetMakers,Golden State Warriors
Golden State Warriors v San Antonio Spurs,Golden State Warriors,San Antonio Spurs,Player Threes,Julian Champagnie,San Antonio Spurs,2.5,2.38,BetMakers,Golden State Warriors
Golden State Warriors v San Antonio Spurs,Golden State Warriors,San Antonio Spurs,Player Threes,Julian Champagnie,San Antonio Spurs,3.5,4.5,BetMakers,Golden State Warriors
Golden State Warriors v San Antonio Spurs,Golden State Warriors,San Antonio Spurs,Player Threes,Stephon Castle,San Antonio Spurs,0.5,1.33,BetMakers,Golden State Warriors
Golden State Warriors v San Antonio Spurs,Golden State Warriors,San Antonio Spurs,Player Threes,Stephon Castle,San Antonio Spurs,1.5,2.5,BetMakers,Golden State Warriors
Golden State Warriors v San Antonio Spurs,Golden State Warriors,San Antonio Spurs,Player Threes,Stephon Castle,San Antonio Spurs,2.5,6,BetMakers,Golden State Warriors
Golden State Warriors v San Antonio Spurs,Golden State Warriors,San Antonio Spurs,Player Threes,Victor Wembanyama,San Antonio Spurs,1.5,1.48,BetMakers,Golden State Warriors
Golden State Warriors v San Antonio Spurs,Golden State Warriors,San Antonio Spurs,Player Threes,Victor Wembanyama,San Antonio Spurs,2.5,2.5,BetMakers,Golden State Warriors
Golden State Warriors v San Antonio Spurs,Golden State Warriors,San Antonio Spurs,Player Threes,Victor Wembanyama,San Antonio Spurs,3.5,5,BetMakers,Golden State Warriors
Golden State Warriors v San Antonio Spurs,Golden State Warriors,San Antonio Spurs,Player Threes,Will Richard,Golden State Warriors,0.5,1.21,BetMakers,San Antonio Spurs
Golden State Warriors v San Antonio Spurs,Golden State Warriors,San Antonio Spurs,Player Threes,Will Richard,Golden State Warriors,1.5,1.9399999999999997,BetMakers,San Antonio Spurs
Golden State Warriors v San Antonio Spurs,Golden State Warriors,San Antonio Spurs,Player Threes,Will Richard,Golden State Warriors,2.5,3.8000000000000003,BetMakers,San Antonio Spurs
Houston Rockets v Milwaukee Bucks,Houston Rockets,Milwaukee Bucks,Player Threes,Jabari Smith Jr.,Houston Rockets,1.5,1.5,BetMakers,Milwaukee Bucks
Houston Rockets v Milwaukee Bucks,Houston Rockets,Milwaukee Bucks,Player Threes,Jabari Smith Jr.,Houston Rockets,2.5,2.4,BetMakers,Milwaukee Bucks
Houston Rockets v Milwaukee Bucks,Houston Rockets,Milwaukee Bucks,Player Threes,Jabari Smith Jr.,Houston Rockets,3.5,4.75,BetMakers,Milwaukee Bucks
Houston Rockets v Milwaukee Bucks,Houston Rockets,Milwaukee Bucks,Player Threes,Kevin Durant,Houston Rockets,1.5,1.42,BetMakers,Milwaukee Bucks
Houston Rockets v Milwaukee Bucks,Houston Rockets,Milwaukee Bucks,Player Threes,Kevin Durant,Houston Rockets,2.5,2.3,BetMakers,Milwaukee Bucks
Houston Rockets v Milwaukee Bucks,Houston Rockets,Milwaukee Bucks,Player Threes,Kevin Durant,Houston Rockets,3.5,4.33,BetMakers,Milwaukee Bucks
Houston Rockets v Milwaukee Bucks,Houston Rockets,Milwaukee Bucks,Player Threes,Myles Turner,Milwaukee Bucks,0.5,1.17,BetMakers,Houston Rockets
Houston Rockets v Milwaukee Bucks,Houston Rockets,Milwaukee Bucks,Player Threes,Myles Turner,Milwaukee Bucks,1.5,1.7299999999999998,BetMakers,Houston Rockets
Houston Rockets v Milwaukee Bucks,Houston Rockets,Milwaukee Bucks,Player Threes,Myles Turner,Milwaukee Bucks,2.5,3.25,BetMakers,Houston Rockets
Houston Rockets v Milwaukee Bucks,Houston Rockets,Milwaukee Bucks,Player Threes,Ousmane Dieng,Milwaukee Bucks,0.5,1.18,BetMakers,Houston Rockets
Houston Rockets v Milwaukee Bucks,Houston Rockets,Milwaukee Bucks,Player Threes,Ousmane Dieng,Milwaukee Bucks,1.5,1.7999999999999998,BetMakers,Houston Rockets
Houston Rockets v Milwaukee Bucks,Houston Rockets,Milwaukee Bucks,Player Threes,Ousmane Dieng,Milwaukee Bucks,2.5,3.4,BetMakers,Houston Rockets
Houston Rockets v Milwaukee Bucks,Houston Rockets,Milwaukee Bucks,Player Threes,Reed Sheppard,Houston Rockets,1.5,1.24,BetMakers,Milwaukee Bucks
Houston Rockets v Milwaukee Bucks,Houston Rockets,Milwaukee Bucks,Player Threes,Reed Sheppard,Houston Rockets,2.5,1.7299999999999998,BetMakers,Milwaukee Bucks
Houston Rockets v Milwaukee Bucks,Houston Rockets,Milwaukee Bucks,Player Threes,Reed Sheppard,Houston Rockets,3.5,2.8,BetMakers,Milwaukee Bucks
Houston Rockets v Milwaukee Bucks,Houston Rockets,Milwaukee Bucks,Player Threes,Ryan Rollins,Milwaukee Bucks,1.5,1.42,BetMakers,Houston Rockets
Houston Rockets v Milwaukee Bucks,Houston Rockets,Milwaukee Bucks,Player Threes,Ryan Rollins,Milwaukee Bucks,2.5,2.2,BetMakers,Houston Rockets
Houston Rockets v Milwaukee Bucks,Houston Rockets,Milwaukee Bucks,Player Threes,Ryan Rollins,Milwaukee Bucks,3.5,4.1,BetMakers,Houston Rockets
Memphis Grizzlies v New York Knicks,Memphis Grizzlies,New York Knicks,Player Threes,Cedric Coward,Memphis Grizzlies,0.5,1.3,BetMakers,New York Knicks
Memphis Grizzlies v New York Knicks,Memphis Grizzlies,New York Knicks,Player Threes,Cedric Coward,Memphis Grizzlies,1.5,2.4,BetMakers,New York Knicks
Memphis Grizzlies v New York Knicks,Memphis Grizzlies,New York Knicks,Player Threes,Cedric Coward,Memphis Grizzlies,2.5,5.25,BetMakers,New York Knicks
Memphis Grizzlies v New York Knicks,Memphis Grizzlies,New York Knicks,Player Threes,GG Jackson,Memphis Grizzlies,0.5,1.22,BetMakers,New York Knicks
Memphis Grizzlies v New York Knicks,Memphis Grizzlies,New York Knicks,Player Threes,GG Jackson,Memphis Grizzlies,1.5,2.05,BetMakers,New York Knicks
Memphis Grizzlies v New York Knicks,Memphis Grizzlies,New York Knicks,Player Threes,GG Jackson,Memphis Grizzlies,2.5,4.33,BetMakers,New York Knicks
Memphis Grizzlies v New York Knicks,Memphis Grizzlies,New York Knicks,Player Threes,Jalen Brunson,New York Knicks,1.5,1.4600000000000002,BetMakers,Memphis Grizzlies
Memphis Grizzlies v New York Knicks,Memphis Grizzlies,New York Knicks,Player Threes,Jalen Brunson,New York Knicks,2.5,2.4,BetMakers,Memphis Grizzlies
Memphis Grizzlies v New York Knicks,Memphis Grizzlies,New York Knicks,Player Threes,Jalen Brunson,New York Knicks,3.5,4.75,BetMakers,Memphis Grizzlies
Memphis Grizzlies v New York Knicks,Memphis Grizzlies,New York Knicks,Player Threes,Josh Hart,New York Knicks,0.5,1.22,BetMakers,Memphis Grizzlies
Memphis Grizzlies v New York Knicks,Memphis Grizzlies,New York Knicks,Player Threes,Josh Hart,New York Knicks,1.5,2,BetMakers,Memphis Grizzlies
Memphis Grizzlies v New York Knicks,Memphis Grizzlies,New York Knicks,Player Threes,Josh Hart,New York Knicks,2.5,4.1,BetMakers,Memphis Grizzlies
Memphis Grizzlies v New York Knicks,Memphis Grizzlies,New York Knicks,Player Threes,Karl-Anthony Towns,New York Knicks,0.5,1.26,BetMakers,Memphis Grizzlies
Memphis Grizzlies v New York Knicks,Memphis Grizzlies,New York Knicks,Player Threes,Karl-Anthony Towns,New York Knicks,1.5,2.3,BetMakers,Memphis Grizzlies
Memphis Grizzlies v New York Knicks,Memphis Grizzlies,New York Knicks,Player Threes,Karl-Anthony Towns,New York Knicks,2.5,5.25,BetMakers,Memphis Grizzlies
Memphis Grizzlies v New York Knicks,Memphis Grizzlies,New York Knicks,Player Threes,Mikal Bridges,New York Knicks,0.5,1.15,BetMakers,Memphis Grizzlies
Memphis Grizzlies v New York Knicks,Memphis Grizzlies,New York Knicks,Player Threes,Mikal Bridges,New York Knicks,1.5,1.75,BetMakers,Memphis Grizzlies
Memphis Grizzlies v New York Knicks,Memphis Grizzlies,New York Knicks,Player Threes,Mikal Bridges,New York Knicks,2.5,3.3,BetMakers,Memphis Grizzlies
Memphis Grizzlies v New York Knicks,Memphis Grizzlies,New York Knicks,Player Threes,O.G. Anunoby,New York Knicks,1.5,1.42,BetMakers,Memphis Grizzlies
Memphis Grizzlies v New York Knicks,Memphis Grizzlies,New York Knicks,Player Threes,O.G. Anunoby,New York Knicks,2.5,2.25,BetMakers,Memphis Grizzlies
Memphis Grizzlies v New York Knicks,Memphis Grizzlies,New York Knicks,Player Threes,O.G. Anunoby,New York Knicks,3.5,4.2,BetMakers,Memphis Grizzlies
Memphis Grizzlies v New York Knicks,Memphis Grizzlies,New York Knicks,Player Threes,Olivier-Maxence Prosper,Memphis Grizzlies,0.5,1.26,BetMakers,New York Knicks
Memphis Grizzlies v New York Knicks,Memphis Grizzlies,New York Knicks,Player Threes,Olivier-Maxence Prosper,Memphis Grizzlies,1.5,2.3,BetMakers,New York Knicks
Memphis Grizzlies v New York Knicks,Memphis Grizzlies,New York Knicks,Player Threes,Olivier-Maxence Prosper,Memphis Grizzlies,2.5,5,BetMakers,New York Knicks
Toronto Raptors v Sacramento Kings,Toronto Raptors,Sacramento Kings,Player Threes,Brandon Ingram,Toronto Raptors,0.5,1.21,BetMakers,Sacramento Kings
Toronto Raptors v Sacramento Kings,Toronto Raptors,Sacramento Kings,Player Threes,Brandon Ingram,Toronto Raptors,1.5,1.96,BetMakers,Sacramento Kings
Toronto Raptors v Sacramento Kings,Toronto Raptors,Sacramento Kings,Player Threes,Brandon Ingram,Toronto Raptors,2.5,4,BetMakers,Sacramento Kings
Toronto Raptors v Sacramento Kings,Toronto Raptors,Sacramento Kings,Player Threes,Malik Monk,Sacramento Kings,0.5,1.11,BetMakers,Toronto Raptors
Toronto Raptors v Sacramento Kings,Toronto Raptors,Sacramento Kings,Player Threes,Malik Monk,Sacramento Kings,1.5,1.55,BetMakers,Toronto Raptors
Toronto Raptors v Sacramento Kings,Toronto Raptors,Sacramento Kings,Player Threes,Malik Monk,Sacramento Kings,2.5,2.6,BetMakers,Toronto Raptors
Toronto Raptors v Sacramento Kings,Toronto Raptors,Sacramento Kings,Player Threes,Nique Clifford,Sacramento Kings,0.5,1.38,BetMakers,Toronto Raptors
Toronto Raptors v Sacramento Kings,Toronto Raptors,Sacramento Kings,Player Threes,Nique Clifford,Sacramento Kings,1.5,2.75,BetMakers,Toronto Raptors
Toronto Raptors v Sacramento Kings,Toronto Raptors,Sacramento Kings,Player Threes,Nique Clifford,Sacramento Kings,2.5,6.75,BetMakers,Toronto Raptors
Toronto Raptors v Sacramento Kings,Toronto Raptors,Sacramento Kings,Player Threes,R.J. Barrett,Toronto Raptors,0.5,1.17,BetMakers,Sacramento Kings
Toronto Raptors v Sacramento Kings,Toronto Raptors,Sacramento Kings,Player Threes,R.J. Barrett,Toronto Raptors,1.5,1.75,BetMakers,Sacramento Kings
Toronto Raptors v Sacramento Kings,Toronto Raptors,Sacramento Kings,Player Threes,R.J. Barrett,Toronto Raptors,2.5,3.3,BetMakers,Sacramento Kings
Utah Jazz v Denver Nuggets,Utah Jazz,Denver Nuggets,Player Threes,Aaron Gordon,Denver Nuggets,0.5,1.26,BetMakers,Utah Jazz
Utah Jazz v Denver Nuggets,Utah Jazz,Denver Nuggets,Player Threes,Aaron Gordon,Denver Nuggets,1.5,2.2,BetMakers,Utah Jazz
Utah Jazz v Denver Nuggets,Utah Jazz,Denver Nuggets,Player Threes,Aaron Gordon,Denver Nuggets,2.5,4.75,BetMakers,Utah Jazz
Utah Jazz v Denver Nuggets,Utah Jazz,Denver Nuggets,Player Threes,Ace Bailey,Utah Jazz,1.5,1.26,BetMakers,Denver Nuggets
Utah Jazz v Denver Nuggets,Utah Jazz,Denver Nuggets,Player Threes,Ace Bailey,Utah Jazz,2.5,1.7999999999999998,BetMakers,Denver Nuggets
Utah Jazz v Denver Nuggets,Utah Jazz,Denver Nuggets,Player Threes,Ace Bailey,Utah Jazz,3.5,3,BetMakers,Denver Nuggets
Utah Jazz v Denver Nuggets,Utah Jazz,Denver Nuggets,Player Threes,Brice Sensabaugh,Utah Jazz,1.5,1.26,BetMakers,Denver Nuggets
Utah Jazz v Denver Nuggets,Utah Jazz,Denver Nuggets,Player Threes,Brice Sensabaugh,Utah Jazz,2.5,1.8200000000000003,BetMakers,Denver Nuggets
Utah Jazz v Denver Nuggets,Utah Jazz,Denver Nuggets,Player Threes,Brice Sensabaugh,Utah Jazz,3.5,3,BetMakers,Denver Nuggets
Utah Jazz v Denver Nuggets,Utah Jazz,Denver Nuggets,Player Threes,Cameron Johnson,Denver Nuggets,0.5,1.11,BetMakers,Utah Jazz
Utah Jazz v Denver Nuggets,Utah Jazz,Denver Nuggets,Player Threes,Cameron Johnson,Denver Nuggets,1.5,1.57,BetMakers,Utah Jazz
Utah Jazz v Denver Nuggets,Utah Jazz,Denver Nuggets,Player Threes,Cameron Johnson,Denver Nuggets,2.5,2.75,BetMakers,Utah Jazz
Utah Jazz v Denver Nuggets,Utah Jazz,Denver Nuggets,Player Threes,Jamal Murray,Denver Nuggets,1.5,1.18,BetMakers,Utah Jazz
Utah Jazz v Denver Nuggets,Utah Jazz,Denver Nuggets,Player Threes,Jamal Murray,Denver Nuggets,2.5,1.57,BetMakers,Utah Jazz
Utah Jazz v Denver Nuggets,Utah Jazz,Denver Nuggets,Player Threes,Jamal Murray,Denver Nuggets,3.5,2.5,BetMakers,Utah Jazz
Utah Jazz v Denver Nuggets,Utah Jazz,Denver Nuggets,Player Threes,Nikola Jokic,Denver Nuggets,0.5,1.17,BetMakers,Utah Jazz
Utah Jazz v Denver Nuggets,Utah Jazz,Denver Nuggets,Player Threes,Nikola Jokic,Denver Nuggets,1.5,1.7999999999999998,BetMakers,Utah Jazz
Utah Jazz v Denver Nuggets,Utah Jazz,Denver Nuggets,Player Threes,Nikola Jokic,Denver Nuggets,2.5,3.5,BetMakers,Utah Jazz
