match,home_team,away_team,market_name,player_name,player_team,line,over_price,under_price,agency,opposition_team
Atlanta Hawks v Cleveland Cavaliers,Atlanta Hawks,Cleveland Cavaliers,Player Points,CJ McCollum,Atlanta Hawks,11.5,1.11,NA,BetMakers,Cleveland Cavaliers
Atlanta Hawks v Cleveland Cavaliers,Atlanta Hawks,Cleveland Cavaliers,Player Points,CJ McCollum,Atlanta Hawks,14.5,1.32,NA,BetMakers,Cleveland Cavaliers
Atlanta Hawks v Cleveland Cavaliers,Atlanta Hawks,Cleveland Cavaliers,Player Points,CJ McCollum,Atlanta Hawks,17.5,1.7299999999999998,NA,BetMakers,Cleveland Cavaliers
Atlanta Hawks v Cleveland Cavaliers,Atlanta Hawks,Cleveland Cavaliers,Player Points,CJ McCollum,Atlanta Hawks,18.5,1.92,1.8300000000000003,BetMakers,Cleveland Cavaliers
Atlanta Hawks v Cleveland Cavaliers,Atlanta Hawks,Cleveland Cavaliers,Player Points,CJ McCollum,Atlanta Hawks,19.5,2.15,NA,BetMakers,Cleveland Cavaliers
Atlanta Hawks v Cleveland Cavaliers,Atlanta Hawks,Cleveland Cavaliers,Player Points,CJ McCollum,Atlanta Hawks,24.5,4.75,NA,BetMakers,Cleveland Cavaliers
Atlanta Hawks v Cleveland Cavaliers,Atlanta Hawks,Cleveland Cavaliers,Player Points,Dyson Daniels,Atlanta Hawks,7.5,1.15,NA,BetMakers,Cleveland Cavaliers
Atlanta Hawks v Cleveland Cavaliers,Atlanta Hawks,Cleveland Cavaliers,Player Points,Dyson Daniels,Atlanta Hawks,9.5,1.36,NA,BetMakers,Cleveland Cavaliers
Atlanta Hawks v Cleveland Cavaliers,Atlanta Hawks,Cleveland Cavaliers,Player Points,Dyson Daniels,Atlanta Hawks,11.5,1.7299999999999998,NA,BetMakers,Cleveland Cavaliers
Atlanta Hawks v Cleveland Cavaliers,Atlanta Hawks,Cleveland Cavaliers,Player Points,Dyson Daniels,Atlanta Hawks,12.5,2,1.75,BetMakers,Cleveland Cavaliers
Atlanta Hawks v Cleveland Cavaliers,Atlanta Hawks,Cleveland Cavaliers,Player Points,Dyson Daniels,Atlanta Hawks,14.5,2.9,NA,BetMakers,Cleveland Cavaliers
Atlanta Hawks v Cleveland Cavaliers,Atlanta Hawks,Cleveland Cavaliers,Player Points,Dyson Daniels,Atlanta Hawks,17.5,5.75,NA,BetMakers,Cleveland Cavaliers
Atlanta Hawks v Cleveland Cavaliers,Atlanta Hawks,Cleveland Cavaliers,Player Points,Evan Mobley,Cleveland Cavaliers,11.5,1.07,NA,BetMakers,Atlanta Hawks
Atlanta Hawks v Cleveland Cavaliers,Atlanta Hawks,Cleveland Cavaliers,Player Points,Evan Mobley,Cleveland Cavaliers,14.5,1.24,NA,BetMakers,Atlanta Hawks
Atlanta Hawks v Cleveland Cavaliers,Atlanta Hawks,Cleveland Cavaliers,Player Points,Evan Mobley,Cleveland Cavaliers,17.5,1.6,NA,BetMakers,Atlanta Hawks
Atlanta Hawks v Cleveland Cavaliers,Atlanta Hawks,Cleveland Cavaliers,Player Points,Evan Mobley,Cleveland Cavaliers,19.5,2.05,NA,BetMakers,Atlanta Hawks
Atlanta Hawks v Cleveland Cavaliers,Atlanta Hawks,Cleveland Cavaliers,Player Points,Evan Mobley,Cleveland Cavaliers,24.5,4.75,NA,BetMakers,Atlanta Hawks
Atlanta Hawks v Cleveland Cavaliers,Atlanta Hawks,Cleveland Cavaliers,Player Points,Jalen Johnson,Atlanta Hawks,14.5,1.1,NA,BetMakers,Cleveland Cavaliers
Atlanta Hawks v Cleveland Cavaliers,Atlanta Hawks,Cleveland Cavaliers,Player Points,Jalen Johnson,Atlanta Hawks,17.5,1.26,NA,BetMakers,Cleveland Cavaliers
Atlanta Hawks v Cleveland Cavaliers,Atlanta Hawks,Cleveland Cavaliers,Player Points,Jalen Johnson,Atlanta Hawks,19.5,1.4600000000000002,NA,BetMakers,Cleveland Cavaliers
Atlanta Hawks v Cleveland Cavaliers,Atlanta Hawks,Cleveland Cavaliers,Player Points,Jalen Johnson,Atlanta Hawks,22.5,1.98,1.7799999999999998,BetMakers,Cleveland Cavaliers
Atlanta Hawks v Cleveland Cavaliers,Atlanta Hawks,Cleveland Cavaliers,Player Points,Jalen Johnson,Atlanta Hawks,24.5,2.6,NA,BetMakers,Cleveland Cavaliers
Atlanta Hawks v Cleveland Cavaliers,Atlanta Hawks,Cleveland Cavaliers,Player Points,Jalen Johnson,Atlanta Hawks,29.5,5.75,NA,BetMakers,Cleveland Cavaliers
Atlanta Hawks v Cleveland Cavaliers,Atlanta Hawks,Cleveland Cavaliers,Player Points,James Harden,Cleveland Cavaliers,14.5,1.08,NA,BetMakers,Atlanta Hawks
Atlanta Hawks v Cleveland Cavaliers,Atlanta Hawks,Cleveland Cavaliers,Player Points,James Harden,Cleveland Cavaliers,17.5,1.22,NA,BetMakers,Atlanta Hawks
Atlanta Hawks v Cleveland Cavaliers,Atlanta Hawks,Cleveland Cavaliers,Player Points,James Harden,Cleveland Cavaliers,19.5,1.38,NA,BetMakers,Atlanta Hawks
Atlanta Hawks v Cleveland Cavaliers,Atlanta Hawks,Cleveland Cavaliers,Player Points,James Harden,Cleveland Cavaliers,24.5,2.2,NA,BetMakers,Atlanta Hawks
Atlanta Hawks v Cleveland Cavaliers,Atlanta Hawks,Cleveland Cavaliers,Player Points,James Harden,Cleveland Cavaliers,29.5,4.6,NA,BetMakers,Atlanta Hawks
Atlanta Hawks v Cleveland Cavaliers,Atlanta Hawks,Cleveland Cavaliers,Player Points,Jonathan Kuminga,Atlanta Hawks,7.5,1.15,NA,BetMakers,Cleveland Cavaliers
Atlanta Hawks v Cleveland Cavaliers,Atlanta Hawks,Cleveland Cavaliers,Player Points,Jonathan Kuminga,Atlanta Hawks,9.5,1.33,NA,BetMakers,Cleveland Cavaliers
Atlanta Hawks v Cleveland Cavaliers,Atlanta Hawks,Cleveland Cavaliers,Player Points,Jonathan Kuminga,Atlanta Hawks,11.5,1.65,NA,BetMakers,Cleveland Cavaliers
Atlanta Hawks v Cleveland Cavaliers,Atlanta Hawks,Cleveland Cavaliers,Player Points,Jonathan Kuminga,Atlanta Hawks,12.5,1.91,1.86,BetMakers,Cleveland Cavaliers
Atlanta Hawks v Cleveland Cavaliers,Atlanta Hawks,Cleveland Cavaliers,Player Points,Jonathan Kuminga,Atlanta Hawks,14.5,2.6,NA,BetMakers,Cleveland Cavaliers
Atlanta Hawks v Cleveland Cavaliers,Atlanta Hawks,Cleveland Cavaliers,Player Points,Jonathan Kuminga,Atlanta Hawks,17.5,4.6,NA,BetMakers,Cleveland Cavaliers
Atlanta Hawks v Cleveland Cavaliers,Atlanta Hawks,Cleveland Cavaliers,Player Points,Max Strus,Cleveland Cavaliers,4.5,1.11,NA,BetMakers,Atlanta Hawks
Atlanta Hawks v Cleveland Cavaliers,Atlanta Hawks,Cleveland Cavaliers,Player Points,Max Strus,Cleveland Cavaliers,7.5,1.4,NA,BetMakers,Atlanta Hawks
Atlanta Hawks v Cleveland Cavaliers,Atlanta Hawks,Cleveland Cavaliers,Player Points,Max Strus,Cleveland Cavaliers,9.5,1.7999999999999998,NA,BetMakers,Atlanta Hawks
Atlanta Hawks v Cleveland Cavaliers,Atlanta Hawks,Cleveland Cavaliers,Player Points,Max Strus,Cleveland Cavaliers,11.5,2.38,NA,BetMakers,Atlanta Hawks
Atlanta Hawks v Cleveland Cavaliers,Atlanta Hawks,Cleveland Cavaliers,Player Points,Nickeil Alexander-Walker,Atlanta Hawks,14.5,1.15,NA,BetMakers,Cleveland Cavaliers
Atlanta Hawks v Cleveland Cavaliers,Atlanta Hawks,Cleveland Cavaliers,Player Points,Nickeil Alexander-Walker,Atlanta Hawks,17.5,1.36,NA,BetMakers,Cleveland Cavaliers
Atlanta Hawks v Cleveland Cavaliers,Atlanta Hawks,Cleveland Cavaliers,Player Points,Nickeil Alexander-Walker,Atlanta Hawks,19.5,1.6,NA,BetMakers,Cleveland Cavaliers
Atlanta Hawks v Cleveland Cavaliers,Atlanta Hawks,Cleveland Cavaliers,Player Points,Nickeil Alexander-Walker,Atlanta Hawks,21.5,1.96,1.7999999999999998,BetMakers,Cleveland Cavaliers
Atlanta Hawks v Cleveland Cavaliers,Atlanta Hawks,Cleveland Cavaliers,Player Points,Nickeil Alexander-Walker,Atlanta Hawks,24.5,2.88,NA,BetMakers,Cleveland Cavaliers
Atlanta Hawks v Cleveland Cavaliers,Atlanta Hawks,Cleveland Cavaliers,Player Points,Nickeil Alexander-Walker,Atlanta Hawks,29.5,6,NA,BetMakers,Cleveland Cavaliers
Atlanta Hawks v Cleveland Cavaliers,Atlanta Hawks,Cleveland Cavaliers,Player Points,Onyeka Okongwu,Atlanta Hawks,9.5,1.15,NA,BetMakers,Cleveland Cavaliers
Atlanta Hawks v Cleveland Cavaliers,Atlanta Hawks,Cleveland Cavaliers,Player Points,Onyeka Okongwu,Atlanta Hawks,11.5,1.32,NA,BetMakers,Cleveland Cavaliers
Atlanta Hawks v Cleveland Cavaliers,Atlanta Hawks,Cleveland Cavaliers,Player Points,Onyeka Okongwu,Atlanta Hawks,14.5,1.7999999999999998,NA,BetMakers,Cleveland Cavaliers
Atlanta Hawks v Cleveland Cavaliers,Atlanta Hawks,Cleveland Cavaliers,Player Points,Onyeka Okongwu,Atlanta Hawks,14.5,1.7999999999999998,1.96,BetMakers,Cleveland Cavaliers
Atlanta Hawks v Cleveland Cavaliers,Atlanta Hawks,Cleveland Cavaliers,Player Points,Onyeka Okongwu,Atlanta Hawks,17.5,2.8,NA,BetMakers,Cleveland Cavaliers
Atlanta Hawks v Cleveland Cavaliers,Atlanta Hawks,Cleveland Cavaliers,Player Points,Onyeka Okongwu,Atlanta Hawks,19.5,4,NA,BetMakers,Cleveland Cavaliers
Charlotte Hornets v Detroit Pistons,Charlotte Hornets,Detroit Pistons,Player Points,Ausar Thompson,Detroit Pistons,4.5,1.1,NA,BetMakers,Charlotte Hornets
Charlotte Hornets v Detroit Pistons,Charlotte Hornets,Detroit Pistons,Player Points,Ausar Thompson,Detroit Pistons,7.5,1.44,NA,BetMakers,Charlotte Hornets
Charlotte Hornets v Detroit Pistons,Charlotte Hornets,Detroit Pistons,Player Points,Ausar Thompson,Detroit Pistons,9.5,1.8800000000000001,NA,BetMakers,Charlotte Hornets
Charlotte Hornets v Detroit Pistons,Charlotte Hornets,Detroit Pistons,Player Points,Ausar Thompson,Detroit Pistons,11.5,2.63,NA,BetMakers,Charlotte Hornets
Charlotte Hornets v Detroit Pistons,Charlotte Hornets,Detroit Pistons,Player Points,Brandon Miller,Charlotte Hornets,11.5,1.07,NA,BetMakers,Detroit Pistons
Charlotte Hornets v Detroit Pistons,Charlotte Hornets,Detroit Pistons,Player Points,Brandon Miller,Charlotte Hornets,14.5,1.2,NA,BetMakers,Detroit Pistons
Charlotte Hornets v Detroit Pistons,Charlotte Hornets,Detroit Pistons,Player Points,Brandon Miller,Charlotte Hornets,17.5,1.48,NA,BetMakers,Detroit Pistons
Charlotte Hornets v Detroit Pistons,Charlotte Hornets,Detroit Pistons,Player Points,Brandon Miller,Charlotte Hornets,19.5,1.75,NA,BetMakers,Detroit Pistons
Charlotte Hornets v Detroit Pistons,Charlotte Hornets,Detroit Pistons,Player Points,Brandon Miller,Charlotte Hornets,19.5,1.75,2,BetMakers,Detroit Pistons
Charlotte Hornets v Detroit Pistons,Charlotte Hornets,Detroit Pistons,Player Points,Brandon Miller,Charlotte Hornets,24.5,3.4,NA,BetMakers,Detroit Pistons
Charlotte Hornets v Detroit Pistons,Charlotte Hornets,Detroit Pistons,Player Points,Cade Cunningham,Detroit Pistons,11.5,1.1,NA,BetMakers,Charlotte Hornets
Charlotte Hornets v Detroit Pistons,Charlotte Hornets,Detroit Pistons,Player Points,Cade Cunningham,Detroit Pistons,14.5,1.26,NA,BetMakers,Charlotte Hornets
Charlotte Hornets v Detroit Pistons,Charlotte Hornets,Detroit Pistons,Player Points,Cade Cunningham,Detroit Pistons,17.5,1.67,NA,BetMakers,Charlotte Hornets
Charlotte Hornets v Detroit Pistons,Charlotte Hornets,Detroit Pistons,Player Points,Cade Cunningham,Detroit Pistons,19.5,2.1,NA,BetMakers,Charlotte Hornets
Charlotte Hornets v Detroit Pistons,Charlotte Hornets,Detroit Pistons,Player Points,Cade Cunningham,Detroit Pistons,24.5,4.6,NA,BetMakers,Charlotte Hornets
Charlotte Hornets v Detroit Pistons,Charlotte Hornets,Detroit Pistons,Player Points,Coby White,Charlotte Hornets,7.5,1.11,NA,BetMakers,Detroit Pistons
Charlotte Hornets v Detroit Pistons,Charlotte Hornets,Detroit Pistons,Player Points,Coby White,Charlotte Hornets,9.5,1.25,NA,BetMakers,Detroit Pistons
Charlotte Hornets v Detroit Pistons,Charlotte Hornets,Detroit Pistons,Player Points,Coby White,Charlotte Hornets,11.5,1.5,NA,BetMakers,Detroit Pistons
Charlotte Hornets v Detroit Pistons,Charlotte Hornets,Detroit Pistons,Player Points,Coby White,Charlotte Hornets,13.5,1.8800000000000001,1.86,BetMakers,Detroit Pistons
Charlotte Hornets v Detroit Pistons,Charlotte Hornets,Detroit Pistons,Player Points,Coby White,Charlotte Hornets,14.5,2.15,NA,BetMakers,Detroit Pistons
Charlotte Hornets v Detroit Pistons,Charlotte Hornets,Detroit Pistons,Player Points,Coby White,Charlotte Hornets,17.5,3.5999999999999996,NA,BetMakers,Detroit Pistons
Charlotte Hornets v Detroit Pistons,Charlotte Hornets,Detroit Pistons,Player Points,Duncan Robinson,Detroit Pistons,4.5,1.14,NA,BetMakers,Charlotte Hornets
Charlotte Hornets v Detroit Pistons,Charlotte Hornets,Detroit Pistons,Player Points,Duncan Robinson,Detroit Pistons,7.5,1.4600000000000002,NA,BetMakers,Charlotte Hornets
Charlotte Hornets v Detroit Pistons,Charlotte Hornets,Detroit Pistons,Player Points,Duncan Robinson,Detroit Pistons,9.5,1.91,NA,BetMakers,Charlotte Hornets
Charlotte Hornets v Detroit Pistons,Charlotte Hornets,Detroit Pistons,Player Points,Duncan Robinson,Detroit Pistons,11.5,2.5,NA,BetMakers,Charlotte Hornets
Charlotte Hornets v Detroit Pistons,Charlotte Hornets,Detroit Pistons,Player Points,Jalen Duren,Detroit Pistons,11.5,1.09,NA,BetMakers,Charlotte Hornets
Charlotte Hornets v Detroit Pistons,Charlotte Hornets,Detroit Pistons,Player Points,Jalen Duren,Detroit Pistons,14.5,1.25,NA,BetMakers,Charlotte Hornets
Charlotte Hornets v Detroit Pistons,Charlotte Hornets,Detroit Pistons,Player Points,Jalen Duren,Detroit Pistons,17.5,1.57,NA,BetMakers,Charlotte Hornets
Charlotte Hornets v Detroit Pistons,Charlotte Hornets,Detroit Pistons,Player Points,Jalen Duren,Detroit Pistons,19.5,1.96,NA,BetMakers,Charlotte Hornets
Charlotte Hornets v Detroit Pistons,Charlotte Hornets,Detroit Pistons,Player Points,Jalen Duren,Detroit Pistons,24.5,4,NA,BetMakers,Charlotte Hornets
Charlotte Hornets v Detroit Pistons,Charlotte Hornets,Detroit Pistons,Player Points,Kon Knueppel,Charlotte Hornets,11.5,1.11,NA,BetMakers,Detroit Pistons
Charlotte Hornets v Detroit Pistons,Charlotte Hornets,Detroit Pistons,Player Points,Kon Knueppel,Charlotte Hornets,14.5,1.33,NA,BetMakers,Detroit Pistons
Charlotte Hornets v Detroit Pistons,Charlotte Hornets,Detroit Pistons,Player Points,Kon Knueppel,Charlotte Hornets,17.5,1.7299999999999998,NA,BetMakers,Detroit Pistons
Charlotte Hornets v Detroit Pistons,Charlotte Hornets,Detroit Pistons,Player Points,Kon Knueppel,Charlotte Hornets,18.5,1.9399999999999997,1.8200000000000003,BetMakers,Detroit Pistons
Charlotte Hornets v Detroit Pistons,Charlotte Hornets,Detroit Pistons,Player Points,Kon Knueppel,Charlotte Hornets,19.5,2.15,NA,BetMakers,Detroit Pistons
Charlotte Hornets v Detroit Pistons,Charlotte Hornets,Detroit Pistons,Player Points,Kon Knueppel,Charlotte Hornets,24.5,4.5,NA,BetMakers,Detroit Pistons
Charlotte Hornets v Detroit Pistons,Charlotte Hornets,Detroit Pistons,Player Points,Lamelo  Ball,Charlotte Hornets,14.5,1.11,NA,BetMakers,Detroit Pistons
Charlotte Hornets v Detroit Pistons,Charlotte Hornets,Detroit Pistons,Player Points,Lamelo  Ball,Charlotte Hornets,17.5,1.26,NA,BetMakers,Detroit Pistons
Charlotte Hornets v Detroit Pistons,Charlotte Hornets,Detroit Pistons,Player Points,Lamelo  Ball,Charlotte Hornets,19.5,1.45,NA,BetMakers,Detroit Pistons
Charlotte Hornets v Detroit Pistons,Charlotte Hornets,Detroit Pistons,Player Points,Lamelo  Ball,Charlotte Hornets,22.5,1.9000000000000001,1.86,BetMakers,Detroit Pistons
Charlotte Hornets v Detroit Pistons,Charlotte Hornets,Detroit Pistons,Player Points,Lamelo  Ball,Charlotte Hornets,24.5,2.3,NA,BetMakers,Detroit Pistons
Charlotte Hornets v Detroit Pistons,Charlotte Hornets,Detroit Pistons,Player Points,Lamelo  Ball,Charlotte Hornets,29.5,4.6,NA,BetMakers,Detroit Pistons
Charlotte Hornets v Detroit Pistons,Charlotte Hornets,Detroit Pistons,Player Points,Miles Bridges,Charlotte Hornets,9.5,1.13,NA,BetMakers,Detroit Pistons
Charlotte Hornets v Detroit Pistons,Charlotte Hornets,Detroit Pistons,Player Points,Miles Bridges,Charlotte Hornets,11.5,1.26,NA,BetMakers,Detroit Pistons
Charlotte Hornets v Detroit Pistons,Charlotte Hornets,Detroit Pistons,Player Points,Miles Bridges,Charlotte Hornets,14.5,1.7299999999999998,NA,BetMakers,Detroit Pistons
Charlotte Hornets v Detroit Pistons,Charlotte Hornets,Detroit Pistons,Player Points,Miles Bridges,Charlotte Hornets,15.5,1.9499999999999997,1.8200000000000003,BetMakers,Detroit Pistons
Charlotte Hornets v Detroit Pistons,Charlotte Hornets,Detroit Pistons,Player Points,Miles Bridges,Charlotte Hornets,17.5,2.63,NA,BetMakers,Detroit Pistons
Charlotte Hornets v Detroit Pistons,Charlotte Hornets,Detroit Pistons,Player Points,Miles Bridges,Charlotte Hornets,19.5,3.75,NA,BetMakers,Detroit Pistons
Charlotte Hornets v Detroit Pistons,Charlotte Hornets,Detroit Pistons,Player Points,Moussa Diabate,Charlotte Hornets,4.5,1.29,NA,BetMakers,Detroit Pistons
Charlotte Hornets v Detroit Pistons,Charlotte Hornets,Detroit Pistons,Player Points,Moussa Diabate,Charlotte Hornets,7.5,2.05,NA,BetMakers,Detroit Pistons
Charlotte Hornets v Detroit Pistons,Charlotte Hornets,Detroit Pistons,Player Points,Moussa Diabate,Charlotte Hornets,9.5,3.25,NA,BetMakers,Detroit Pistons
Charlotte Hornets v Detroit Pistons,Charlotte Hornets,Detroit Pistons,Player Points,Tobias Harris,Detroit Pistons,7.5,1.13,NA,BetMakers,Charlotte Hornets
Charlotte Hornets v Detroit Pistons,Charlotte Hornets,Detroit Pistons,Player Points,Tobias Harris,Detroit Pistons,9.5,1.3,NA,BetMakers,Charlotte Hornets
Charlotte Hornets v Detroit Pistons,Charlotte Hornets,Detroit Pistons,Player Points,Tobias Harris,Detroit Pistons,11.5,1.6,NA,BetMakers,Charlotte Hornets
Charlotte Hornets v Detroit Pistons,Charlotte Hornets,Detroit Pistons,Player Points,Tobias Harris,Detroit Pistons,14.5,2.5,NA,BetMakers,Charlotte Hornets
Charlotte Hornets v Detroit Pistons,Charlotte Hornets,Detroit Pistons,Player Points,Tobias Harris,Detroit Pistons,17.5,4.33,NA,BetMakers,Charlotte Hornets
Indiana Pacers v Philadelphia 76ers,Indiana Pacers,Philadelphia 76ers,Player Points,Adem Bona,Philadelphia 76ers,4.5,1.4,NA,BetMakers,Indiana Pacers
Indiana Pacers v Philadelphia 76ers,Indiana Pacers,Philadelphia 76ers,Player Points,Adem Bona,Philadelphia 76ers,7.5,2.4,NA,BetMakers,Indiana Pacers
Indiana Pacers v Philadelphia 76ers,Indiana Pacers,Philadelphia 76ers,Player Points,Adem Bona,Philadelphia 76ers,9.5,3.8999999999999995,NA,BetMakers,Indiana Pacers
Indiana Pacers v Philadelphia 76ers,Indiana Pacers,Philadelphia 76ers,Player Points,Jarace Walker,Indiana Pacers,9.5,1.17,NA,BetMakers,Philadelphia 76ers
Indiana Pacers v Philadelphia 76ers,Indiana Pacers,Philadelphia 76ers,Player Points,Jarace Walker,Indiana Pacers,11.5,1.32,NA,BetMakers,Philadelphia 76ers
Indiana Pacers v Philadelphia 76ers,Indiana Pacers,Philadelphia 76ers,Player Points,Jarace Walker,Indiana Pacers,14.5,1.7999999999999998,NA,BetMakers,Philadelphia 76ers
Indiana Pacers v Philadelphia 76ers,Indiana Pacers,Philadelphia 76ers,Player Points,Jarace Walker,Indiana Pacers,17.5,2.75,NA,BetMakers,Philadelphia 76ers
Indiana Pacers v Philadelphia 76ers,Indiana Pacers,Philadelphia 76ers,Player Points,Jarace Walker,Indiana Pacers,19.5,3.8000000000000003,NA,BetMakers,Philadelphia 76ers
Indiana Pacers v Philadelphia 76ers,Indiana Pacers,Philadelphia 76ers,Player Points,Kelly Oubre Jr.,Philadelphia 76ers,9.5,1.18,NA,BetMakers,Indiana Pacers
Indiana Pacers v Philadelphia 76ers,Indiana Pacers,Philadelphia 76ers,Player Points,Kelly Oubre Jr.,Philadelphia 76ers,11.5,1.38,NA,BetMakers,Indiana Pacers
Indiana Pacers v Philadelphia 76ers,Indiana Pacers,Philadelphia 76ers,Player Points,Kelly Oubre Jr.,Philadelphia 76ers,14.5,1.96,NA,BetMakers,Indiana Pacers
Indiana Pacers v Philadelphia 76ers,Indiana Pacers,Philadelphia 76ers,Player Points,Kelly Oubre Jr.,Philadelphia 76ers,14.5,1.96,1.7999999999999998,BetMakers,Indiana Pacers
Indiana Pacers v Philadelphia 76ers,Indiana Pacers,Philadelphia 76ers,Player Points,Kelly Oubre Jr.,Philadelphia 76ers,17.5,3.2,NA,BetMakers,Indiana Pacers
Indiana Pacers v Philadelphia 76ers,Indiana Pacers,Philadelphia 76ers,Player Points,Kelly Oubre Jr.,Philadelphia 76ers,19.5,4.75,NA,BetMakers,Indiana Pacers
Indiana Pacers v Philadelphia 76ers,Indiana Pacers,Philadelphia 76ers,Player Points,Micah Potter,Indiana Pacers,7.5,1.14,NA,BetMakers,Philadelphia 76ers
Indiana Pacers v Philadelphia 76ers,Indiana Pacers,Philadelphia 76ers,Player Points,Micah Potter,Indiana Pacers,9.5,1.3,NA,BetMakers,Philadelphia 76ers
Indiana Pacers v Philadelphia 76ers,Indiana Pacers,Philadelphia 76ers,Player Points,Micah Potter,Indiana Pacers,11.5,1.62,NA,BetMakers,Philadelphia 76ers
Indiana Pacers v Philadelphia 76ers,Indiana Pacers,Philadelphia 76ers,Player Points,Micah Potter,Indiana Pacers,14.5,2.5,NA,BetMakers,Philadelphia 76ers
Indiana Pacers v Philadelphia 76ers,Indiana Pacers,Philadelphia 76ers,Player Points,Micah Potter,Indiana Pacers,17.5,4.33,NA,BetMakers,Philadelphia 76ers
Indiana Pacers v Philadelphia 76ers,Indiana Pacers,Philadelphia 76ers,Player Points,Paul George,Philadelphia 76ers,14.5,1.18,NA,BetMakers,Indiana Pacers
Indiana Pacers v Philadelphia 76ers,Indiana Pacers,Philadelphia 76ers,Player Points,Paul George,Philadelphia 76ers,17.5,1.44,NA,BetMakers,Indiana Pacers
Indiana Pacers v Philadelphia 76ers,Indiana Pacers,Philadelphia 76ers,Player Points,Paul George,Philadelphia 76ers,19.5,1.7299999999999998,NA,BetMakers,Indiana Pacers
Indiana Pacers v Philadelphia 76ers,Indiana Pacers,Philadelphia 76ers,Player Points,Paul George,Philadelphia 76ers,20.5,1.92,1.8300000000000003,BetMakers,Indiana Pacers
Indiana Pacers v Philadelphia 76ers,Indiana Pacers,Philadelphia 76ers,Player Points,Paul George,Philadelphia 76ers,24.5,3.3,NA,BetMakers,Indiana Pacers
Indiana Pacers v Philadelphia 76ers,Indiana Pacers,Philadelphia 76ers,Player Points,Paul George,Philadelphia 76ers,29.5,7.5,NA,BetMakers,Indiana Pacers
Indiana Pacers v Philadelphia 76ers,Indiana Pacers,Philadelphia 76ers,Player Points,Quenton Jackson,Indiana Pacers,7.5,1.09,NA,BetMakers,Philadelphia 76ers
Indiana Pacers v Philadelphia 76ers,Indiana Pacers,Philadelphia 76ers,Player Points,Quenton Jackson,Indiana Pacers,9.5,1.22,NA,BetMakers,Philadelphia 76ers
Indiana Pacers v Philadelphia 76ers,Indiana Pacers,Philadelphia 76ers,Player Points,Quenton Jackson,Indiana Pacers,11.5,1.45,NA,BetMakers,Philadelphia 76ers
Indiana Pacers v Philadelphia 76ers,Indiana Pacers,Philadelphia 76ers,Player Points,Quenton Jackson,Indiana Pacers,14.5,2.1,NA,BetMakers,Philadelphia 76ers
Indiana Pacers v Philadelphia 76ers,Indiana Pacers,Philadelphia 76ers,Player Points,Quenton Jackson,Indiana Pacers,17.5,3.4,NA,BetMakers,Philadelphia 76ers
Indiana Pacers v Philadelphia 76ers,Indiana Pacers,Philadelphia 76ers,Player Points,Tyrese Maxey,Philadelphia 76ers,19.5,1.07,NA,BetMakers,Indiana Pacers
Indiana Pacers v Philadelphia 76ers,Indiana Pacers,Philadelphia 76ers,Player Points,Tyrese Maxey,Philadelphia 76ers,24.5,1.3,NA,BetMakers,Indiana Pacers
Indiana Pacers v Philadelphia 76ers,Indiana Pacers,Philadelphia 76ers,Player Points,Tyrese Maxey,Philadelphia 76ers,29.5,1.98,NA,BetMakers,Indiana Pacers
Indiana Pacers v Philadelphia 76ers,Indiana Pacers,Philadelphia 76ers,Player Points,Tyrese Maxey,Philadelphia 76ers,29.5,1.98,1.7799999999999998,BetMakers,Indiana Pacers
Indiana Pacers v Philadelphia 76ers,Indiana Pacers,Philadelphia 76ers,Player Points,Tyrese Maxey,Philadelphia 76ers,34.5,3.5999999999999996,NA,BetMakers,Indiana Pacers
Indiana Pacers v Philadelphia 76ers,Indiana Pacers,Philadelphia 76ers,Player Points,Tyrese Maxey,Philadelphia 76ers,39.5,7.5,NA,BetMakers,Indiana Pacers
Indiana Pacers v Philadelphia 76ers,Indiana Pacers,Philadelphia 76ers,Player Points,VJ Edgecombe,Philadelphia 76ers,9.5,1.08,NA,BetMakers,Indiana Pacers
Indiana Pacers v Philadelphia 76ers,Indiana Pacers,Philadelphia 76ers,Player Points,VJ Edgecombe,Philadelphia 76ers,11.5,1.17,NA,BetMakers,Indiana Pacers
Indiana Pacers v Philadelphia 76ers,Indiana Pacers,Philadelphia 76ers,Player Points,VJ Edgecombe,Philadelphia 76ers,14.5,1.44,NA,BetMakers,Indiana Pacers
Indiana Pacers v Philadelphia 76ers,Indiana Pacers,Philadelphia 76ers,Player Points,VJ Edgecombe,Philadelphia 76ers,16.5,1.75,2,BetMakers,Indiana Pacers
Indiana Pacers v Philadelphia 76ers,Indiana Pacers,Philadelphia 76ers,Player Points,VJ Edgecombe,Philadelphia 76ers,17.5,2,NA,BetMakers,Indiana Pacers
Indiana Pacers v Philadelphia 76ers,Indiana Pacers,Philadelphia 76ers,Player Points,VJ Edgecombe,Philadelphia 76ers,19.5,2.63,NA,BetMakers,Indiana Pacers
New York Knicks v Toronto Raptors,New York Knicks,Toronto Raptors,Player Points,Brandon Ingram,Toronto Raptors,14.5,1.13,NA,BetMakers,New York Knicks
New York Knicks v Toronto Raptors,New York Knicks,Toronto Raptors,Player Points,Brandon Ingram,Toronto Raptors,17.5,1.33,NA,BetMakers,New York Knicks
New York Knicks v Toronto Raptors,New York Knicks,Toronto Raptors,Player Points,Brandon Ingram,Toronto Raptors,19.5,1.55,NA,BetMakers,New York Knicks
New York Knicks v Toronto Raptors,New York Knicks,Toronto Raptors,Player Points,Brandon Ingram,Toronto Raptors,21.5,1.9399999999999997,1.8300000000000003,BetMakers,New York Knicks
New York Knicks v Toronto Raptors,New York Knicks,Toronto Raptors,Player Points,Brandon Ingram,Toronto Raptors,24.5,2.9,NA,BetMakers,New York Knicks
New York Knicks v Toronto Raptors,New York Knicks,Toronto Raptors,Player Points,Brandon Ingram,Toronto Raptors,29.5,6.5,NA,BetMakers,New York Knicks
New York Knicks v Toronto Raptors,New York Knicks,Toronto Raptors,Player Points,Immanuel Quickley,Toronto Raptors,7.5,1.18,NA,BetMakers,New York Knicks
New York Knicks v Toronto Raptors,New York Knicks,Toronto Raptors,Player Points,Immanuel Quickley,Toronto Raptors,9.5,1.4,NA,BetMakers,New York Knicks
New York Knicks v Toronto Raptors,New York Knicks,Toronto Raptors,Player Points,Immanuel Quickley,Toronto Raptors,11.5,1.7299999999999998,NA,BetMakers,New York Knicks
New York Knicks v Toronto Raptors,New York Knicks,Toronto Raptors,Player Points,Immanuel Quickley,Toronto Raptors,12.5,1.96,1.7999999999999998,BetMakers,New York Knicks
New York Knicks v Toronto Raptors,New York Knicks,Toronto Raptors,Player Points,Immanuel Quickley,Toronto Raptors,14.5,2.63,NA,BetMakers,New York Knicks
New York Knicks v Toronto Raptors,New York Knicks,Toronto Raptors,Player Points,Immanuel Quickley,Toronto Raptors,17.5,4.5,NA,BetMakers,New York Knicks
New York Knicks v Toronto Raptors,New York Knicks,Toronto Raptors,Player Points,Jakob Poeltl,Toronto Raptors,4.5,1.14,NA,BetMakers,New York Knicks
New York Knicks v Toronto Raptors,New York Knicks,Toronto Raptors,Player Points,Jakob Poeltl,Toronto Raptors,7.5,1.55,NA,BetMakers,New York Knicks
New York Knicks v Toronto Raptors,New York Knicks,Toronto Raptors,Player Points,Jakob Poeltl,Toronto Raptors,8.5,1.7799999999999998,1.98,BetMakers,New York Knicks
New York Knicks v Toronto Raptors,New York Knicks,Toronto Raptors,Player Points,Jakob Poeltl,Toronto Raptors,9.5,2.1,NA,BetMakers,New York Knicks
New York Knicks v Toronto Raptors,New York Knicks,Toronto Raptors,Player Points,Jakob Poeltl,Toronto Raptors,11.5,3,NA,BetMakers,New York Knicks
New York Knicks v Toronto Raptors,New York Knicks,Toronto Raptors,Player Points,Jalen Brunson,New York Knicks,17.5,1.14,NA,BetMakers,Toronto Raptors
New York Knicks v Toronto Raptors,New York Knicks,Toronto Raptors,Player Points,Jalen Brunson,New York Knicks,19.5,1.25,NA,BetMakers,Toronto Raptors
New York Knicks v Toronto Raptors,New York Knicks,Toronto Raptors,Player Points,Jalen Brunson,New York Knicks,24.5,1.8200000000000003,NA,BetMakers,Toronto Raptors
New York Knicks v Toronto Raptors,New York Knicks,Toronto Raptors,Player Points,Jalen Brunson,New York Knicks,29.5,3.4,NA,BetMakers,Toronto Raptors
New York Knicks v Toronto Raptors,New York Knicks,Toronto Raptors,Player Points,Jalen Brunson,New York Knicks,34.5,7.5,NA,BetMakers,Toronto Raptors
New York Knicks v Toronto Raptors,New York Knicks,Toronto Raptors,Player Points,Josh Hart,New York Knicks,7.5,1.13,NA,BetMakers,Toronto Raptors
New York Knicks v Toronto Raptors,New York Knicks,Toronto Raptors,Player Points,Josh Hart,New York Knicks,9.5,1.3,NA,BetMakers,Toronto Raptors
New York Knicks v Toronto Raptors,New York Knicks,Toronto Raptors,Player Points,Josh Hart,New York Knicks,11.5,1.6,NA,BetMakers,Toronto Raptors
New York Knicks v Toronto Raptors,New York Knicks,Toronto Raptors,Player Points,Josh Hart,New York Knicks,14.5,2.4,NA,BetMakers,Toronto Raptors
New York Knicks v Toronto Raptors,New York Knicks,Toronto Raptors,Player Points,Josh Hart,New York Knicks,17.5,4.2,NA,BetMakers,Toronto Raptors
New York Knicks v Toronto Raptors,New York Knicks,Toronto Raptors,Player Points,Karl-Anthony Towns,New York Knicks,11.5,1.09,NA,BetMakers,Toronto Raptors
New York Knicks v Toronto Raptors,New York Knicks,Toronto Raptors,Player Points,Karl-Anthony Towns,New York Knicks,14.5,1.26,NA,BetMakers,Toronto Raptors
New York Knicks v Toronto Raptors,New York Knicks,Toronto Raptors,Player Points,Karl-Anthony Towns,New York Knicks,17.5,1.62,NA,BetMakers,Toronto Raptors
New York Knicks v Toronto Raptors,New York Knicks,Toronto Raptors,Player Points,Karl-Anthony Towns,New York Knicks,19.5,2.05,NA,BetMakers,Toronto Raptors
New York Knicks v Toronto Raptors,New York Knicks,Toronto Raptors,Player Points,Karl-Anthony Towns,New York Knicks,24.5,4.6,NA,BetMakers,Toronto Raptors
New York Knicks v Toronto Raptors,New York Knicks,Toronto Raptors,Player Points,Mikal Bridges,New York Knicks,7.5,1.09,NA,BetMakers,Toronto Raptors
New York Knicks v Toronto Raptors,New York Knicks,Toronto Raptors,Player Points,Mikal Bridges,New York Knicks,9.5,1.22,NA,BetMakers,Toronto Raptors
New York Knicks v Toronto Raptors,New York Knicks,Toronto Raptors,Player Points,Mikal Bridges,New York Knicks,11.5,1.44,NA,BetMakers,Toronto Raptors
New York Knicks v Toronto Raptors,New York Knicks,Toronto Raptors,Player Points,Mikal Bridges,New York Knicks,14.5,2,NA,BetMakers,Toronto Raptors
New York Knicks v Toronto Raptors,New York Knicks,Toronto Raptors,Player Points,Mikal Bridges,New York Knicks,17.5,3.25,NA,BetMakers,Toronto Raptors
New York Knicks v Toronto Raptors,New York Knicks,Toronto Raptors,Player Points,O.G. Anunoby,New York Knicks,11.5,1.13,NA,BetMakers,Toronto Raptors
New York Knicks v Toronto Raptors,New York Knicks,Toronto Raptors,Player Points,O.G. Anunoby,New York Knicks,14.5,1.36,NA,BetMakers,Toronto Raptors
New York Knicks v Toronto Raptors,New York Knicks,Toronto Raptors,Player Points,O.G. Anunoby,New York Knicks,17.5,1.7999999999999998,NA,BetMakers,Toronto Raptors
New York Knicks v Toronto Raptors,New York Knicks,Toronto Raptors,Player Points,O.G. Anunoby,New York Knicks,19.5,2.3,NA,BetMakers,Toronto Raptors
New York Knicks v Toronto Raptors,New York Knicks,Toronto Raptors,Player Points,O.G. Anunoby,New York Knicks,24.5,5.25,NA,BetMakers,Toronto Raptors
New York Knicks v Toronto Raptors,New York Knicks,Toronto Raptors,Player Points,R.J. Barrett,Toronto Raptors,11.5,1.1,NA,BetMakers,New York Knicks
New York Knicks v Toronto Raptors,New York Knicks,Toronto Raptors,Player Points,R.J. Barrett,Toronto Raptors,14.5,1.26,NA,BetMakers,New York Knicks
New York Knicks v Toronto Raptors,New York Knicks,Toronto Raptors,Player Points,R.J. Barrett,Toronto Raptors,17.5,1.62,NA,BetMakers,New York Knicks
New York Knicks v Toronto Raptors,New York Knicks,Toronto Raptors,Player Points,R.J. Barrett,Toronto Raptors,18.5,1.7999999999999998,1.96,BetMakers,New York Knicks
New York Knicks v Toronto Raptors,New York Knicks,Toronto Raptors,Player Points,R.J. Barrett,Toronto Raptors,19.5,2,NA,BetMakers,New York Knicks
New York Knicks v Toronto Raptors,New York Knicks,Toronto Raptors,Player Points,R.J. Barrett,Toronto Raptors,24.5,4.2,NA,BetMakers,New York Knicks
New York Knicks v Toronto Raptors,New York Knicks,Toronto Raptors,Player Points,Scottie Barnes,Toronto Raptors,9.5,1.11,NA,BetMakers,New York Knicks
New York Knicks v Toronto Raptors,New York Knicks,Toronto Raptors,Player Points,Scottie Barnes,Toronto Raptors,11.5,1.25,NA,BetMakers,New York Knicks
New York Knicks v Toronto Raptors,New York Knicks,Toronto Raptors,Player Points,Scottie Barnes,Toronto Raptors,14.5,1.65,NA,BetMakers,New York Knicks
New York Knicks v Toronto Raptors,New York Knicks,Toronto Raptors,Player Points,Scottie Barnes,Toronto Raptors,15.5,1.86,1.8800000000000001,BetMakers,New York Knicks
New York Knicks v Toronto Raptors,New York Knicks,Toronto Raptors,Player Points,Scottie Barnes,Toronto Raptors,17.5,2.4,NA,BetMakers,New York Knicks
New York Knicks v Toronto Raptors,New York Knicks,Toronto Raptors,Player Points,Scottie Barnes,Toronto Raptors,19.5,3.5,NA,BetMakers,New York Knicks
