match,home_team,away_team,market_name,player_name,player_team,line,over_price,under_price,agency,opposition_team,class_external_id,competition_external_id,event_external_id,market_id,player_id,player_id_unders
Portland Trail Blazers v Washington Wizards,Portland Trail Blazers,Washington Wizards,Player Threes,Deni Avdija Over,NA,NA,1.52,NA,Sportsbet,NA,16,19476,15467306,566016583,2702587803,NA
Portland Trail Blazers v Washington Wizards,Portland Trail Blazers,Washington Wizards,Player Threes,Deni Avdija Under,NA,NA,2.4,NA,Sportsbet,NA,16,19476,15467306,566016583,2702587804,NA
Portland Trail Blazers v Washington Wizards,Portland Trail Blazers,Washington Wizards,Player Threes,Jrue Holiday Over,NA,NA,1.84,NA,Sportsbet,NA,16,19476,15467306,566017062,2702589987,NA
Portland Trail Blazers v Washington Wizards,Portland Trail Blazers,Washington Wizards,Player Threes,Jrue Holiday Under,NA,NA,1.92,NA,Sportsbet,NA,16,19476,15467306,566017062,2702589988,NA
Portland Trail Blazers v Washington Wizards,Portland Trail Blazers,Washington Wizards,Player Threes,Donovan Clingan Over,NA,NA,2.6,NA,Sportsbet,NA,16,19476,15467306,566017459,2702592082,NA
Portland Trail Blazers v Washington Wizards,Portland Trail Blazers,Washington Wizards,Player Threes,Donovan Clingan Under,NA,NA,1.45,NA,Sportsbet,NA,16,19476,15467306,566017459,2702592083,NA
Portland Trail Blazers v Washington Wizards,Portland Trail Blazers,Washington Wizards,Player Threes,Toumani Camara Over,NA,NA,1.96,NA,Sportsbet,NA,16,19476,15467306,566020499,2702607331,NA
Portland Trail Blazers v Washington Wizards,Portland Trail Blazers,Washington Wizards,Player Threes,Toumani Camara Under,NA,NA,1.8,NA,Sportsbet,NA,16,19476,15467306,566020499,2702607332,NA
Portland Trail Blazers v Washington Wizards,Portland Trail Blazers,Washington Wizards,Player Threes,Scoot Henderson Over,NA,NA,2.45,NA,Sportsbet,NA,16,19476,15467306,566020880,2702608771,NA
Portland Trail Blazers v Washington Wizards,Portland Trail Blazers,Washington Wizards,Player Threes,Scoot Henderson Under,NA,NA,1.5,NA,Sportsbet,NA,16,19476,15467306,566020880,2702608772,NA
Portland Trail Blazers v Washington Wizards,Portland Trail Blazers,Washington Wizards,Player Threes,Bilal Coulibaly Over,NA,NA,2.6,NA,Sportsbet,NA,16,19476,15467306,566022808,2702616014,NA
Portland Trail Blazers v Washington Wizards,Portland Trail Blazers,Washington Wizards,Player Threes,Bilal Coulibaly Under,NA,NA,1.45,NA,Sportsbet,NA,16,19476,15467306,566022808,2702616015,NA
Portland Trail Blazers v Washington Wizards,Portland Trail Blazers,Washington Wizards,Player Threes,Carlton Carrington Over,NA,NA,1.8,NA,Sportsbet,NA,16,19476,15467306,566023031,2702616816,NA
Portland Trail Blazers v Washington Wizards,Portland Trail Blazers,Washington Wizards,Player Threes,Carlton Carrington Under,NA,NA,1.96,NA,Sportsbet,NA,16,19476,15467306,566023031,2702616817,NA
Portland Trail Blazers v Washington Wizards,Portland Trail Blazers,Washington Wizards,Player Threes,Will Riley Over,NA,NA,1.96,NA,Sportsbet,NA,16,19476,15467306,566023564,2702619318,NA
Portland Trail Blazers v Washington Wizards,Portland Trail Blazers,Washington Wizards,Player Threes,Will Riley Under,NA,NA,1.8,NA,Sportsbet,NA,16,19476,15467306,566023564,2702619319,NA
Portland Trail Blazers v Washington Wizards,Portland Trail Blazers,Washington Wizards,Player Threes,Tristan Vukcevic Over,NA,NA,1.96,NA,Sportsbet,NA,16,19476,15467306,566023614,2702619534,NA
Portland Trail Blazers v Washington Wizards,Portland Trail Blazers,Washington Wizards,Player Threes,Tristan Vukcevic Under,NA,NA,1.8,NA,Sportsbet,NA,16,19476,15467306,566023614,2702619535,NA
Portland Trail Blazers v Washington Wizards,Portland Trail Blazers,Washington Wizards,Player Threes,Matisse Thybulle Over,NA,NA,2.45,NA,Sportsbet,NA,16,19476,15467306,566247468,2703600377,NA
Portland Trail Blazers v Washington Wizards,Portland Trail Blazers,Washington Wizards,Player Threes,Matisse Thybulle Under,NA,NA,1.5,NA,Sportsbet,NA,16,19476,15467306,566247468,2703600378,NA
Portland Trail Blazers v Washington Wizards,Portland Trail Blazers,Washington Wizards,Player Threes,Jaden Hardy Over,NA,NA,1.8,NA,Sportsbet,NA,16,19476,15467306,566249356,2703609516,NA
Portland Trail Blazers v Washington Wizards,Portland Trail Blazers,Washington Wizards,Player Threes,Jaden Hardy Under,NA,NA,1.96,NA,Sportsbet,NA,16,19476,15467306,566249356,2703609517,NA
Portland Trail Blazers v Washington Wizards,Portland Trail Blazers,Washington Wizards,Player Threes,Jrue Holiday,Portland Trail Blazers,4.5,6,NA,Sportsbet,Washington Wizards,16,19476,15467306,566016619,2702589930,NA
Portland Trail Blazers v Washington Wizards,Portland Trail Blazers,Washington Wizards,Player Threes,Toumani Camara,Portland Trail Blazers,4.5,6.5,NA,Sportsbet,Washington Wizards,16,19476,15467306,566016619,2702607274,NA
Portland Trail Blazers v Washington Wizards,Portland Trail Blazers,Washington Wizards,Player Threes,Bilal Coulibaly,Washington Wizards,0.5,1.33,NA,Sportsbet,Portland Trail Blazers,16,19476,15467306,566016615,2702615963,NA
Portland Trail Blazers v Washington Wizards,Portland Trail Blazers,Washington Wizards,Player Threes,Carlton Carrington,NA,0.5,1.16,NA,Sportsbet,NA,16,19476,15467306,566016615,2702616763,NA
Portland Trail Blazers v Washington Wizards,Portland Trail Blazers,Washington Wizards,Player Threes,Jaden Hardy,Washington Wizards,0.5,1.18,NA,Sportsbet,Portland Trail Blazers,16,19476,15467306,566016615,2703609504,NA
Portland Trail Blazers v Washington Wizards,Portland Trail Blazers,Washington Wizards,Player Threes,Jamir Watkins,Washington Wizards,0.5,1.46,NA,Sportsbet,Portland Trail Blazers,16,19476,15467306,566016615,2703612042,NA
Portland Trail Blazers v Washington Wizards,Portland Trail Blazers,Washington Wizards,Player Threes,Tristan Vukcevic,Washington Wizards,0.5,1.19,NA,Sportsbet,Portland Trail Blazers,16,19476,15467306,566016615,2702619511,NA
Portland Trail Blazers v Washington Wizards,Portland Trail Blazers,Washington Wizards,Player Threes,Will Riley,Washington Wizards,0.5,1.19,NA,Sportsbet,Portland Trail Blazers,16,19476,15467306,566016615,2702619265,NA
Portland Trail Blazers v Washington Wizards,Portland Trail Blazers,Washington Wizards,Player Threes,Deni Avdija,Portland Trail Blazers,0.5,1.1,NA,Sportsbet,Washington Wizards,16,19476,15467306,566016615,2702587841,NA
Portland Trail Blazers v Washington Wizards,Portland Trail Blazers,Washington Wizards,Player Threes,Donovan Clingan,Portland Trail Blazers,0.5,1.32,NA,Sportsbet,Washington Wizards,16,19476,15467306,566016615,2702592029,NA
Portland Trail Blazers v Washington Wizards,Portland Trail Blazers,Washington Wizards,Player Threes,Jrue Holiday,Portland Trail Blazers,0.5,1.04,NA,Sportsbet,Washington Wizards,16,19476,15467306,566016615,2702589926,NA
Portland Trail Blazers v Washington Wizards,Portland Trail Blazers,Washington Wizards,Player Threes,Matisse Thybulle,Portland Trail Blazers,0.5,1.31,NA,Sportsbet,Washington Wizards,16,19476,15467306,566016615,2703600354,NA
Portland Trail Blazers v Washington Wizards,Portland Trail Blazers,Washington Wizards,Player Threes,Scoot Henderson,Portland Trail Blazers,0.5,1.09,NA,Sportsbet,Washington Wizards,16,19476,15467306,566016615,2702608718,NA
Portland Trail Blazers v Washington Wizards,Portland Trail Blazers,Washington Wizards,Player Threes,Sidy Cissoko,Portland Trail Blazers,0.5,1.69,NA,Sportsbet,Washington Wizards,16,19476,15467306,566016615,2703599041,NA
Portland Trail Blazers v Washington Wizards,Portland Trail Blazers,Washington Wizards,Player Threes,Toumani Camara,Portland Trail Blazers,0.5,1.05,NA,Sportsbet,Washington Wizards,16,19476,15467306,566016615,2702607270,NA
Portland Trail Blazers v Washington Wizards,Portland Trail Blazers,Washington Wizards,Player Threes,Jrue Holiday,Portland Trail Blazers,6.5,26,NA,Sportsbet,Washington Wizards,16,19476,15467306,566016621,2702589932,NA
Portland Trail Blazers v Washington Wizards,Portland Trail Blazers,Washington Wizards,Player Threes,Toumani Camara,Portland Trail Blazers,6.5,34,NA,Sportsbet,Washington Wizards,16,19476,15467306,566016621,2702607276,NA
Portland Trail Blazers v Washington Wizards,Portland Trail Blazers,Washington Wizards,Player Threes,Carlton Carrington,NA,1.5,1.79,NA,Sportsbet,NA,16,19476,15467306,566016616,2702616764,NA
Portland Trail Blazers v Washington Wizards,Portland Trail Blazers,Washington Wizards,Player Threes,Jaden Hardy,Washington Wizards,1.5,1.79,NA,Sportsbet,Portland Trail Blazers,16,19476,15467306,566016616,2703609505,NA
Portland Trail Blazers v Washington Wizards,Portland Trail Blazers,Washington Wizards,Player Threes,Tristan Vukcevic,Washington Wizards,1.5,1.95,NA,Sportsbet,Portland Trail Blazers,16,19476,15467306,566016616,2702619512,NA
Portland Trail Blazers v Washington Wizards,Portland Trail Blazers,Washington Wizards,Player Threes,Will Riley,Washington Wizards,1.5,1.94,NA,Sportsbet,Portland Trail Blazers,16,19476,15467306,566016616,2702619266,NA
Portland Trail Blazers v Washington Wizards,Portland Trail Blazers,Washington Wizards,Player Threes,Bilal Coulibaly,Washington Wizards,1.5,2.6,NA,Sportsbet,Portland Trail Blazers,16,19476,15467306,566016616,2702615964,NA
Portland Trail Blazers v Washington Wizards,Portland Trail Blazers,Washington Wizards,Player Threes,Jamir Watkins,Washington Wizards,1.5,2.85,NA,Sportsbet,Portland Trail Blazers,16,19476,15467306,566016616,2703612043,NA
Portland Trail Blazers v Washington Wizards,Portland Trail Blazers,Washington Wizards,Player Threes,Deni Avdija,Portland Trail Blazers,1.5,1.54,NA,Sportsbet,Washington Wizards,16,19476,15467306,566016616,2702587842,NA
Portland Trail Blazers v Washington Wizards,Portland Trail Blazers,Washington Wizards,Player Threes,Jrue Holiday,Portland Trail Blazers,1.5,1.27,NA,Sportsbet,Washington Wizards,16,19476,15467306,566016616,2702589927,NA
Portland Trail Blazers v Washington Wizards,Portland Trail Blazers,Washington Wizards,Player Threes,Scoot Henderson,Portland Trail Blazers,1.5,1.48,NA,Sportsbet,Washington Wizards,16,19476,15467306,566016616,2702608719,NA
Portland Trail Blazers v Washington Wizards,Portland Trail Blazers,Washington Wizards,Player Threes,Toumani Camara,Portland Trail Blazers,1.5,1.33,NA,Sportsbet,Washington Wizards,16,19476,15467306,566016616,2702607271,NA
Portland Trail Blazers v Washington Wizards,Portland Trail Blazers,Washington Wizards,Player Threes,Donovan Clingan,Portland Trail Blazers,1.5,2.55,NA,Sportsbet,Washington Wizards,16,19476,15467306,566016616,2702592030,NA
Portland Trail Blazers v Washington Wizards,Portland Trail Blazers,Washington Wizards,Player Threes,Matisse Thybulle,Portland Trail Blazers,1.5,2.5,NA,Sportsbet,Washington Wizards,16,19476,15467306,566016616,2703600355,NA
Portland Trail Blazers v Washington Wizards,Portland Trail Blazers,Washington Wizards,Player Threes,Sidy Cissoko,Portland Trail Blazers,1.5,4.3,NA,Sportsbet,Washington Wizards,16,19476,15467306,566016616,2703599042,NA
Portland Trail Blazers v Washington Wizards,Portland Trail Blazers,Washington Wizards,Player Threes,Jaden Hardy,Washington Wizards,5.5,23,NA,Sportsbet,Portland Trail Blazers,16,19476,15467306,566016620,2703609509,NA
Portland Trail Blazers v Washington Wizards,Portland Trail Blazers,Washington Wizards,Player Threes,Jrue Holiday,Portland Trail Blazers,5.5,12,NA,Sportsbet,Washington Wizards,16,19476,15467306,566016620,2702589931,NA
Portland Trail Blazers v Washington Wizards,Portland Trail Blazers,Washington Wizards,Player Threes,Toumani Camara,Portland Trail Blazers,5.5,14,NA,Sportsbet,Washington Wizards,16,19476,15467306,566016620,2702607275,NA
Portland Trail Blazers v Washington Wizards,Portland Trail Blazers,Washington Wizards,Player Threes,Scoot Henderson,Portland Trail Blazers,5.5,23,NA,Sportsbet,Washington Wizards,16,19476,15467306,566016620,2702608723,NA
Portland Trail Blazers v Washington Wizards,Portland Trail Blazers,Washington Wizards,Player Threes,Deni Avdija,Portland Trail Blazers,5.5,26,NA,Sportsbet,Washington Wizards,16,19476,15467306,566016620,2702587846,NA
Portland Trail Blazers v Washington Wizards,Portland Trail Blazers,Washington Wizards,Player Threes,Carlton Carrington,NA,2.5,3.25,NA,Sportsbet,NA,16,19476,15467306,566016617,2702616765,NA
Portland Trail Blazers v Washington Wizards,Portland Trail Blazers,Washington Wizards,Player Threes,Jaden Hardy,Washington Wizards,2.5,3.1,NA,Sportsbet,Portland Trail Blazers,16,19476,15467306,566016617,2703609506,NA
Portland Trail Blazers v Washington Wizards,Portland Trail Blazers,Washington Wizards,Player Threes,Tristan Vukcevic,Washington Wizards,2.5,3.9,NA,Sportsbet,Portland Trail Blazers,16,19476,15467306,566016617,2702619513,NA
Portland Trail Blazers v Washington Wizards,Portland Trail Blazers,Washington Wizards,Player Threes,Will Riley,Washington Wizards,2.5,3.8,NA,Sportsbet,Portland Trail Blazers,16,19476,15467306,566016617,2702619267,NA
Portland Trail Blazers v Washington Wizards,Portland Trail Blazers,Washington Wizards,Player Threes,Bilal Coulibaly,Washington Wizards,2.5,6.25,NA,Sportsbet,Portland Trail Blazers,16,19476,15467306,566016617,2702615965,NA
Portland Trail Blazers v Washington Wizards,Portland Trail Blazers,Washington Wizards,Player Threes,Jamir Watkins,Washington Wizards,2.5,6.25,NA,Sportsbet,Portland Trail Blazers,16,19476,15467306,566016617,2703612044,NA
Portland Trail Blazers v Washington Wizards,Portland Trail Blazers,Washington Wizards,Player Threes,Jrue Holiday,Portland Trail Blazers,2.5,1.85,NA,Sportsbet,Washington Wizards,16,19476,15467306,566016617,2702589928,NA
Portland Trail Blazers v Washington Wizards,Portland Trail Blazers,Washington Wizards,Player Threes,Toumani Camara,Portland Trail Blazers,2.5,1.95,NA,Sportsbet,Washington Wizards,16,19476,15467306,566016617,2702607272,NA
Portland Trail Blazers v Washington Wizards,Portland Trail Blazers,Washington Wizards,Player Threes,Deni Avdija,Portland Trail Blazers,2.5,2.65,NA,Sportsbet,Washington Wizards,16,19476,15467306,566016617,2702587843,NA
Portland Trail Blazers v Washington Wizards,Portland Trail Blazers,Washington Wizards,Player Threes,Scoot Henderson,Portland Trail Blazers,2.5,2.45,NA,Sportsbet,Washington Wizards,16,19476,15467306,566016617,2702608720,NA
Portland Trail Blazers v Washington Wizards,Portland Trail Blazers,Washington Wizards,Player Threes,Matisse Thybulle,Portland Trail Blazers,2.5,5.3,NA,Sportsbet,Washington Wizards,16,19476,15467306,566016617,2703600356,NA
Portland Trail Blazers v Washington Wizards,Portland Trail Blazers,Washington Wizards,Player Threes,Donovan Clingan,Portland Trail Blazers,2.5,6,NA,Sportsbet,Washington Wizards,16,19476,15467306,566016617,2702592031,NA
Portland Trail Blazers v Washington Wizards,Portland Trail Blazers,Washington Wizards,Player Threes,Jaden Hardy,Washington Wizards,3.5,5.9,NA,Sportsbet,Portland Trail Blazers,16,19476,15467306,566016618,2703609507,NA
Portland Trail Blazers v Washington Wizards,Portland Trail Blazers,Washington Wizards,Player Threes,Jrue Holiday,Portland Trail Blazers,3.5,3.15,NA,Sportsbet,Washington Wizards,16,19476,15467306,566016618,2702589929,NA
Portland Trail Blazers v Washington Wizards,Portland Trail Blazers,Washington Wizards,Player Threes,Toumani Camara,Portland Trail Blazers,3.5,3.35,NA,Sportsbet,Washington Wizards,16,19476,15467306,566016618,2702607273,NA
Portland Trail Blazers v Washington Wizards,Portland Trail Blazers,Washington Wizards,Player Threes,Scoot Henderson,Portland Trail Blazers,3.5,4.9,NA,Sportsbet,Washington Wizards,16,19476,15467306,566016618,2702608721,NA
Portland Trail Blazers v Washington Wizards,Portland Trail Blazers,Washington Wizards,Player Threes,Deni Avdija,Portland Trail Blazers,3.5,5.3,NA,Sportsbet,Washington Wizards,16,19476,15467306,566016618,2702587844,NA
Toronto Raptors v Orlando Magic,Toronto Raptors,Orlando Magic,Player Threes,Scottie Barnes Over,NA,NA,2.9,NA,Sportsbet,NA,16,19476,15467314,565985831,2702447477,NA
Toronto Raptors v Orlando Magic,Toronto Raptors,Orlando Magic,Player Threes,Scottie Barnes Under,NA,NA,1.36,NA,Sportsbet,NA,16,19476,15467314,565985831,2702447478,NA
Toronto Raptors v Orlando Magic,Toronto Raptors,Orlando Magic,Player Threes,RJ Barrett Over,NA,NA,1.68,NA,Sportsbet,NA,16,19476,15467314,565985830,2702447475,NA
Toronto Raptors v Orlando Magic,Toronto Raptors,Orlando Magic,Player Threes,RJ Barrett Under,NA,NA,2.1,NA,Sportsbet,NA,16,19476,15467314,565985830,2702447476,NA
Toronto Raptors v Orlando Magic,Toronto Raptors,Orlando Magic,Player Threes,Ja'Kobe Walter Over,NA,NA,1.5,NA,Sportsbet,NA,16,19476,15467314,565985832,2702447479,NA
Toronto Raptors v Orlando Magic,Toronto Raptors,Orlando Magic,Player Threes,Ja'Kobe Walter Under,NA,NA,2.45,NA,Sportsbet,NA,16,19476,15467314,565985832,2702447480,NA
Toronto Raptors v Orlando Magic,Toronto Raptors,Orlando Magic,Player Threes,Tristan da Silva Over,NA,NA,1.8,NA,Sportsbet,NA,16,19476,15467314,565987895,2702456618,NA
Toronto Raptors v Orlando Magic,Toronto Raptors,Orlando Magic,Player Threes,Tristan da Silva Under,NA,NA,1.96,NA,Sportsbet,NA,16,19476,15467314,565987895,2702456619,NA
Toronto Raptors v Orlando Magic,Toronto Raptors,Orlando Magic,Player Threes,Jalen Suggs Over,NA,NA,1.5,NA,Sportsbet,NA,16,19476,15467314,565987896,2702456620,NA
Toronto Raptors v Orlando Magic,Toronto Raptors,Orlando Magic,Player Threes,Jalen Suggs Under,NA,NA,2.45,NA,Sportsbet,NA,16,19476,15467314,565987896,2702456621,NA
Toronto Raptors v Orlando Magic,Toronto Raptors,Orlando Magic,Player Threes,Desmond Bane Over,NA,NA,1.5,NA,Sportsbet,NA,16,19476,15467314,565987894,2702456616,NA
Toronto Raptors v Orlando Magic,Toronto Raptors,Orlando Magic,Player Threes,Desmond Bane Under,NA,NA,2.45,NA,Sportsbet,NA,16,19476,15467314,565987894,2702456617,NA
Toronto Raptors v Orlando Magic,Toronto Raptors,Orlando Magic,Player Threes,Paolo Banchero Over,NA,NA,2.2,NA,Sportsbet,NA,16,19476,15467314,565987893,2702456614,NA
Toronto Raptors v Orlando Magic,Toronto Raptors,Orlando Magic,Player Threes,Paolo Banchero Under,NA,NA,1.6,NA,Sportsbet,NA,16,19476,15467314,565987893,2702456615,NA
Toronto Raptors v Orlando Magic,Toronto Raptors,Orlando Magic,Player Threes,Jamal Cain Over,NA,NA,2.9,NA,Sportsbet,NA,16,19476,15467314,566029270,2702641292,NA
Toronto Raptors v Orlando Magic,Toronto Raptors,Orlando Magic,Player Threes,Jamal Cain Under,NA,NA,1.36,NA,Sportsbet,NA,16,19476,15467314,566029270,2702641293,NA
Toronto Raptors v Orlando Magic,Toronto Raptors,Orlando Magic,Player Threes,Jamal Shead Over,NA,NA,2.2,NA,Sportsbet,NA,16,19476,15467314,566246072,2703595490,NA
Toronto Raptors v Orlando Magic,Toronto Raptors,Orlando Magic,Player Threes,Jamal Shead Under,NA,NA,1.6,NA,Sportsbet,NA,16,19476,15467314,566246072,2703595491,NA
Toronto Raptors v Orlando Magic,Toronto Raptors,Orlando Magic,Player Threes,Sandro Mamukelashvili Over,NA,NA,2.2,NA,Sportsbet,NA,16,19476,15467314,566246154,2703595818,NA
Toronto Raptors v Orlando Magic,Toronto Raptors,Orlando Magic,Player Threes,Sandro Mamukelashvili Under,NA,NA,1.6,NA,Sportsbet,NA,16,19476,15467314,566246154,2703595819,NA
Toronto Raptors v Orlando Magic,Toronto Raptors,Orlando Magic,Player Threes,Jevon Carter Over,NA,NA,2.05,NA,Sportsbet,NA,16,19476,15467314,566250092,2703612582,NA
Toronto Raptors v Orlando Magic,Toronto Raptors,Orlando Magic,Player Threes,Jevon Carter Under,NA,NA,1.74,NA,Sportsbet,NA,16,19476,15467314,566250092,2703612583,NA
Toronto Raptors v Orlando Magic,Toronto Raptors,Orlando Magic,Player Threes,Desmond Bane,Orlando Magic,0.5,1.08,NA,Sportsbet,Toronto Raptors,16,19476,15467314,565985881,2702456352,NA
Toronto Raptors v Orlando Magic,Toronto Raptors,Orlando Magic,Player Threes,Jalen Suggs,Orlando Magic,0.5,1.09,NA,Sportsbet,Toronto Raptors,16,19476,15467314,565985881,2702456354,NA
Toronto Raptors v Orlando Magic,Toronto Raptors,Orlando Magic,Player Threes,Jamal Cain,Orlando Magic,0.5,1.41,NA,Sportsbet,Toronto Raptors,16,19476,15467314,565985881,2702641271,NA
Toronto Raptors v Orlando Magic,Toronto Raptors,Orlando Magic,Player Threes,Jevon Carter,Orlando Magic,0.5,1.22,NA,Sportsbet,Toronto Raptors,16,19476,15467314,565985881,2703612570,NA
Toronto Raptors v Orlando Magic,Toronto Raptors,Orlando Magic,Player Threes,Paolo Banchero,Orlando Magic,0.5,1.24,NA,Sportsbet,Toronto Raptors,16,19476,15467314,565985881,2702456351,NA
Toronto Raptors v Orlando Magic,Toronto Raptors,Orlando Magic,Player Threes,Tristan da Silva,Orlando Magic,0.5,1.16,NA,Sportsbet,Toronto Raptors,16,19476,15467314,565985881,2702456353,NA
Toronto Raptors v Orlando Magic,Toronto Raptors,Orlando Magic,Player Threes,Wendell Carter Jr.,Orlando Magic,0.5,1.7,NA,Sportsbet,Toronto Raptors,16,19476,15467314,565985881,2703596198,NA
Toronto Raptors v Orlando Magic,Toronto Raptors,Orlando Magic,Player Threes,Ja'Kobe Walter,Toronto Raptors,0.5,1.1,NA,Sportsbet,Orlando Magic,16,19476,15467314,565985881,2702447658,NA
Toronto Raptors v Orlando Magic,Toronto Raptors,Orlando Magic,Player Threes,Jamal Shead,Toronto Raptors,0.5,1.27,NA,Sportsbet,Orlando Magic,16,19476,15467314,565985881,2703595437,NA
Toronto Raptors v Orlando Magic,Toronto Raptors,Orlando Magic,Player Threes,RJ Barrett,Toronto Raptors,0.5,1.13,NA,Sportsbet,Orlando Magic,16,19476,15467314,565985881,2702447657,NA
Toronto Raptors v Orlando Magic,Toronto Raptors,Orlando Magic,Player Threes,Sandro Mamukelashvili,Toronto Raptors,0.5,1.33,NA,Sportsbet,Orlando Magic,16,19476,15467314,565985881,2703595795,NA
Toronto Raptors v Orlando Magic,Toronto Raptors,Orlando Magic,Player Threes,Scottie Barnes,Toronto Raptors,0.5,1.41,NA,Sportsbet,Orlando Magic,16,19476,15467314,565985881,2702447655,NA
Toronto Raptors v Orlando Magic,Toronto Raptors,Orlando Magic,Player Threes,Ja'Kobe Walter,Toronto Raptors,6.5,36,NA,Sportsbet,Orlando Magic,16,19476,15467314,565985887,2702447682,NA
Toronto Raptors v Orlando Magic,Toronto Raptors,Orlando Magic,Player Threes,Desmond Bane,Orlando Magic,3.5,5.1,NA,Sportsbet,Toronto Raptors,16,19476,15467314,565985884,2702456364,NA
Toronto Raptors v Orlando Magic,Toronto Raptors,Orlando Magic,Player Threes,Jalen Suggs,Orlando Magic,3.5,5,NA,Sportsbet,Toronto Raptors,16,19476,15467314,565985884,2702456366,NA
Toronto Raptors v Orlando Magic,Toronto Raptors,Orlando Magic,Player Threes,Ja'Kobe Walter,Toronto Raptors,3.5,4.4,NA,Sportsbet,Orlando Magic,16,19476,15467314,565985884,2702447670,NA
Toronto Raptors v Orlando Magic,Toronto Raptors,Orlando Magic,Player Threes,RJ Barrett,Toronto Raptors,3.5,6.75,NA,Sportsbet,Orlando Magic,16,19476,15467314,565985884,2702447669,NA
Toronto Raptors v Orlando Magic,Toronto Raptors,Orlando Magic,Player Threes,Desmond Bane,Orlando Magic,5.5,23,NA,Sportsbet,Toronto Raptors,16,19476,15467314,565985886,2702456372,NA
Toronto Raptors v Orlando Magic,Toronto Raptors,Orlando Magic,Player Threes,Jalen Suggs,Orlando Magic,5.5,23,NA,Sportsbet,Toronto Raptors,16,19476,15467314,565985886,2702456374,NA
Toronto Raptors v Orlando Magic,Toronto Raptors,Orlando Magic,Player Threes,Ja'Kobe Walter,Toronto Raptors,5.5,18,NA,Sportsbet,Orlando Magic,16,19476,15467314,565985886,2702447678,NA
Toronto Raptors v Orlando Magic,Toronto Raptors,Orlando Magic,Player Threes,Desmond Bane,Orlando Magic,1.5,1.51,NA,Sportsbet,Toronto Raptors,16,19476,15467314,565985882,2702456356,NA
Toronto Raptors v Orlando Magic,Toronto Raptors,Orlando Magic,Player Threes,Jalen Suggs,Orlando Magic,1.5,1.51,NA,Sportsbet,Toronto Raptors,16,19476,15467314,565985882,2702456358,NA
Toronto Raptors v Orlando Magic,Toronto Raptors,Orlando Magic,Player Threes,Tristan da Silva,Orlando Magic,1.5,1.82,NA,Sportsbet,Toronto Raptors,16,19476,15467314,565985882,2702456357,NA
Toronto Raptors v Orlando Magic,Toronto Raptors,Orlando Magic,Player Threes,Jamal Cain,Orlando Magic,1.5,2.85,NA,Sportsbet,Toronto Raptors,16,19476,15467314,565985882,2702641272,NA
Toronto Raptors v Orlando Magic,Toronto Raptors,Orlando Magic,Player Threes,Jevon Carter,Orlando Magic,1.5,2.03,NA,Sportsbet,Toronto Raptors,16,19476,15467314,565985882,2703612571,NA
Toronto Raptors v Orlando Magic,Toronto Raptors,Orlando Magic,Player Threes,Paolo Banchero,Orlando Magic,1.5,2.2,NA,Sportsbet,Toronto Raptors,16,19476,15467314,565985882,2702456355,NA
Toronto Raptors v Orlando Magic,Toronto Raptors,Orlando Magic,Player Threes,Wendell Carter Jr.,Orlando Magic,1.5,4.5,NA,Sportsbet,Toronto Raptors,16,19476,15467314,565985882,2703596199,NA
Toronto Raptors v Orlando Magic,Toronto Raptors,Orlando Magic,Player Threes,Ja'Kobe Walter,Toronto Raptors,1.5,1.52,NA,Sportsbet,Orlando Magic,16,19476,15467314,565985882,2702447662,NA
Toronto Raptors v Orlando Magic,Toronto Raptors,Orlando Magic,Player Threes,RJ Barrett,Toronto Raptors,1.5,1.7,NA,Sportsbet,Orlando Magic,16,19476,15467314,565985882,2702447661,NA
Toronto Raptors v Orlando Magic,Toronto Raptors,Orlando Magic,Player Threes,Jamal Shead,Toronto Raptors,1.5,2.25,NA,Sportsbet,Orlando Magic,16,19476,15467314,565985882,2703595438,NA
Toronto Raptors v Orlando Magic,Toronto Raptors,Orlando Magic,Player Threes,Sandro Mamukelashvili,Toronto Raptors,1.5,2.25,NA,Sportsbet,Orlando Magic,16,19476,15467314,565985882,2703595796,NA
Toronto Raptors v Orlando Magic,Toronto Raptors,Orlando Magic,Player Threes,Scottie Barnes,Toronto Raptors,1.5,2.9,NA,Sportsbet,Orlando Magic,16,19476,15467314,565985882,2702447659,NA
Toronto Raptors v Orlando Magic,Toronto Raptors,Orlando Magic,Player Threes,Desmond Bane,Orlando Magic,2.5,2.5,NA,Sportsbet,Toronto Raptors,16,19476,15467314,565985883,2702456360,NA
Toronto Raptors v Orlando Magic,Toronto Raptors,Orlando Magic,Player Threes,Jalen Suggs,Orlando Magic,2.5,2.5,NA,Sportsbet,Toronto Raptors,16,19476,15467314,565985883,2702456362,NA
Toronto Raptors v Orlando Magic,Toronto Raptors,Orlando Magic,Player Threes,Tristan da Silva,Orlando Magic,2.5,3.5,NA,Sportsbet,Toronto Raptors,16,19476,15467314,565985883,2702456361,NA
Toronto Raptors v Orlando Magic,Toronto Raptors,Orlando Magic,Player Threes,Jevon Carter,Orlando Magic,2.5,4,NA,Sportsbet,Toronto Raptors,16,19476,15467314,565985883,2703612572,NA
Toronto Raptors v Orlando Magic,Toronto Raptors,Orlando Magic,Player Threes,Paolo Banchero,Orlando Magic,2.5,5.3,NA,Sportsbet,Toronto Raptors,16,19476,15467314,565985883,2702456359,NA
Toronto Raptors v Orlando Magic,Toronto Raptors,Orlando Magic,Player Threes,Jamal Cain,Orlando Magic,2.5,6.75,NA,Sportsbet,Toronto Raptors,16,19476,15467314,565985883,2702641273,NA
Toronto Raptors v Orlando Magic,Toronto Raptors,Orlando Magic,Player Threes,Ja'Kobe Walter,Toronto Raptors,2.5,2.4,NA,Sportsbet,Orlando Magic,16,19476,15467314,565985883,2702447666,NA
Toronto Raptors v Orlando Magic,Toronto Raptors,Orlando Magic,Player Threes,RJ Barrett,Toronto Raptors,2.5,3.2,NA,Sportsbet,Orlando Magic,16,19476,15467314,565985883,2702447665,NA
Toronto Raptors v Orlando Magic,Toronto Raptors,Orlando Magic,Player Threes,Jamal Shead,Toronto Raptors,2.5,4.8,NA,Sportsbet,Orlando Magic,16,19476,15467314,565985883,2703595439,NA
Toronto Raptors v Orlando Magic,Toronto Raptors,Orlando Magic,Player Threes,Sandro Mamukelashvili,Toronto Raptors,2.5,4.75,NA,Sportsbet,Orlando Magic,16,19476,15467314,565985883,2703595797,NA
New Orleans Pelicans v Houston Rockets,New Orleans Pelicans,Houston Rockets,Player Threes,Trey Murphy III Over,NA,NA,2.1,NA,Sportsbet,NA,16,19476,15467310,566007850,2702545660,NA
New Orleans Pelicans v Houston Rockets,New Orleans Pelicans,Houston Rockets,Player Threes,Trey Murphy III Under,NA,NA,1.68,NA,Sportsbet,NA,16,19476,15467310,566007850,2702545661,NA
New Orleans Pelicans v Houston Rockets,New Orleans Pelicans,Houston Rockets,Player Threes,Kevin Durant Over,NA,NA,2.25,NA,Sportsbet,NA,16,19476,15467310,566007849,2702545658,NA
New Orleans Pelicans v Houston Rockets,New Orleans Pelicans,Houston Rockets,Player Threes,Kevin Durant Under,NA,NA,1.58,NA,Sportsbet,NA,16,19476,15467310,566007849,2702545659,NA
New Orleans Pelicans v Houston Rockets,New Orleans Pelicans,Houston Rockets,Player Threes,Dejounte Murray Over,NA,NA,1.84,NA,Sportsbet,NA,16,19476,15467310,566007851,2702545662,NA
New Orleans Pelicans v Houston Rockets,New Orleans Pelicans,Houston Rockets,Player Threes,Dejounte Murray Under,NA,NA,1.92,NA,Sportsbet,NA,16,19476,15467310,566007851,2702545663,NA
New Orleans Pelicans v Houston Rockets,New Orleans Pelicans,Houston Rockets,Player Threes,Jabari Smith Over,NA,NA,1.5,NA,Sportsbet,NA,16,19476,15467310,566008828,2702551311,NA
New Orleans Pelicans v Houston Rockets,New Orleans Pelicans,Houston Rockets,Player Threes,Jabari Smith Under,NA,NA,2.45,NA,Sportsbet,NA,16,19476,15467310,566008828,2702551312,NA
New Orleans Pelicans v Houston Rockets,New Orleans Pelicans,Houston Rockets,Player Threes,Reed Sheppard Over,NA,NA,2.25,NA,Sportsbet,NA,16,19476,15467310,566008829,2702551313,NA
New Orleans Pelicans v Houston Rockets,New Orleans Pelicans,Houston Rockets,Player Threes,Reed Sheppard Under,NA,NA,1.58,NA,Sportsbet,NA,16,19476,15467310,566008829,2702551314,NA
New Orleans Pelicans v Houston Rockets,New Orleans Pelicans,Houston Rockets,Player Threes,Herbert Jones Over,NA,NA,1.85,NA,Sportsbet,NA,16,19476,15467310,566009359,2702553367,NA
New Orleans Pelicans v Houston Rockets,New Orleans Pelicans,Houston Rockets,Player Threes,Herbert Jones Under,NA,NA,1.91,NA,Sportsbet,NA,16,19476,15467310,566009359,2702553368,NA
New Orleans Pelicans v Houston Rockets,New Orleans Pelicans,Houston Rockets,Player Threes,Saddiq Bey Over,NA,NA,1.5,NA,Sportsbet,NA,16,19476,15467310,566009358,2702553365,NA
New Orleans Pelicans v Houston Rockets,New Orleans Pelicans,Houston Rockets,Player Threes,Saddiq Bey Under,NA,NA,2.45,NA,Sportsbet,NA,16,19476,15467310,566009358,2702553366,NA
New Orleans Pelicans v Houston Rockets,New Orleans Pelicans,Houston Rockets,Player Threes,Tari Eason Over,NA,NA,2.75,NA,Sportsbet,NA,16,19476,15467310,566244336,2703589500,NA
New Orleans Pelicans v Houston Rockets,New Orleans Pelicans,Houston Rockets,Player Threes,Tari Eason Under,NA,NA,1.4,NA,Sportsbet,NA,16,19476,15467310,566244336,2703589501,NA
New Orleans Pelicans v Houston Rockets,New Orleans Pelicans,Houston Rockets,Player Threes,Reed Sheppard,Houston Rockets,6.5,14,NA,Sportsbet,New Orleans Pelicans,16,19476,15467310,566007904,2702551192,NA
New Orleans Pelicans v Houston Rockets,New Orleans Pelicans,Houston Rockets,Player Threes,Trey Murphy III,New Orleans Pelicans,6.5,11,NA,Sportsbet,Houston Rockets,16,19476,15467310,566007904,2702545852,NA
New Orleans Pelicans v Houston Rockets,New Orleans Pelicans,Houston Rockets,Player Threes,Reed Sheppard,Houston Rockets,4.5,3.9,NA,Sportsbet,New Orleans Pelicans,16,19476,15467310,566007902,2702551188,NA
New Orleans Pelicans v Houston Rockets,New Orleans Pelicans,Houston Rockets,Player Threes,Trey Murphy III,New Orleans Pelicans,4.5,3.45,NA,Sportsbet,Houston Rockets,16,19476,15467310,566007902,2702545846,NA
New Orleans Pelicans v Houston Rockets,New Orleans Pelicans,Houston Rockets,Player Threes,Jabari Smith Jr.,Houston Rockets,0.5,1.09,NA,Sportsbet,New Orleans Pelicans,16,19476,15467310,566007898,2702551179,NA
New Orleans Pelicans v Houston Rockets,New Orleans Pelicans,Houston Rockets,Player Threes,Kevin Durant,Houston Rockets,0.5,1.07,NA,Sportsbet,New Orleans Pelicans,16,19476,15467310,566007898,2702545836,NA
New Orleans Pelicans v Houston Rockets,New Orleans Pelicans,Houston Rockets,Player Threes,Tari Eason,Houston Rockets,0.5,1.38,NA,Sportsbet,New Orleans Pelicans,16,19476,15467310,566007898,2703589490,NA
New Orleans Pelicans v Houston Rockets,New Orleans Pelicans,Houston Rockets,Player Threes,Dejounte Murray,New Orleans Pelicans,0.5,1.17,NA,Sportsbet,Houston Rockets,16,19476,15467310,566007898,2702545835,NA
New Orleans Pelicans v Houston Rockets,New Orleans Pelicans,Houston Rockets,Player Threes,Herbert Jones,New Orleans Pelicans,0.5,1.16,NA,Sportsbet,Houston Rockets,16,19476,15467310,566007898,2702553260,NA
New Orleans Pelicans v Houston Rockets,New Orleans Pelicans,Houston Rockets,Player Threes,Saddiq Bey,New Orleans Pelicans,0.5,1.09,NA,Sportsbet,Houston Rockets,16,19476,15467310,566007898,2702553259,NA
New Orleans Pelicans v Houston Rockets,New Orleans Pelicans,Houston Rockets,Player Threes,Reed Sheppard,Houston Rockets,2.5,1.52,NA,Sportsbet,New Orleans Pelicans,16,19476,15467310,566007900,2702551184,NA
New Orleans Pelicans v Houston Rockets,New Orleans Pelicans,Houston Rockets,Player Threes,Jabari Smith Jr.,Houston Rockets,2.5,2.6,NA,Sportsbet,New Orleans Pelicans,16,19476,15467310,566007900,2702551183,NA
New Orleans Pelicans v Houston Rockets,New Orleans Pelicans,Houston Rockets,Player Threes,Kevin Durant,Houston Rockets,2.5,2.3,NA,Sportsbet,New Orleans Pelicans,16,19476,15467310,566007900,2702545842,NA
New Orleans Pelicans v Houston Rockets,New Orleans Pelicans,Houston Rockets,Player Threes,Tari Eason,Houston Rockets,2.5,6.75,NA,Sportsbet,New Orleans Pelicans,16,19476,15467310,566007900,2703589492,NA
New Orleans Pelicans v Houston Rockets,New Orleans Pelicans,Houston Rockets,Player Threes,Trey Murphy III,New Orleans Pelicans,2.5,1.44,NA,Sportsbet,Houston Rockets,16,19476,15467310,566007900,2702545840,NA
New Orleans Pelicans v Houston Rockets,New Orleans Pelicans,Houston Rockets,Player Threes,Saddiq Bey,New Orleans Pelicans,2.5,2.55,NA,Sportsbet,Houston Rockets,16,19476,15467310,566007900,2702553263,NA
New Orleans Pelicans v Houston Rockets,New Orleans Pelicans,Houston Rockets,Player Threes,Dejounte Murray,New Orleans Pelicans,2.5,3.7,NA,Sportsbet,Houston Rockets,16,19476,15467310,566007900,2702545841,NA
New Orleans Pelicans v Houston Rockets,New Orleans Pelicans,Houston Rockets,Player Threes,Herbert Jones,New Orleans Pelicans,2.5,3.5,NA,Sportsbet,Houston Rockets,16,19476,15467310,566007900,2702553264,NA
New Orleans Pelicans v Houston Rockets,New Orleans Pelicans,Houston Rockets,Player Threes,Reed Sheppard,Houston Rockets,7.5,31,NA,Sportsbet,New Orleans Pelicans,16,19476,15467310,566007905,2702551194,NA
New Orleans Pelicans v Houston Rockets,New Orleans Pelicans,Houston Rockets,Player Threes,Trey Murphy III,New Orleans Pelicans,7.5,23,NA,Sportsbet,Houston Rockets,16,19476,15467310,566007905,2702545855,NA
New Orleans Pelicans v Houston Rockets,New Orleans Pelicans,Houston Rockets,Player Threes,Reed Sheppard,Houston Rockets,3.5,2.25,NA,Sportsbet,New Orleans Pelicans,16,19476,15467310,566007901,2702551186,NA
New Orleans Pelicans v Houston Rockets,New Orleans Pelicans,Houston Rockets,Player Threes,Kevin Durant,Houston Rockets,3.5,4.4,NA,Sportsbet,New Orleans Pelicans,16,19476,15467310,566007901,2702545845,NA
New Orleans Pelicans v Houston Rockets,New Orleans Pelicans,Houston Rockets,Player Threes,Jabari Smith Jr.,Houston Rockets,3.5,5.1,NA,Sportsbet,New Orleans Pelicans,16,19476,15467310,566007901,2702551185,NA
New Orleans Pelicans v Houston Rockets,New Orleans Pelicans,Houston Rockets,Player Threes,Trey Murphy III,New Orleans Pelicans,3.5,2.1,NA,Sportsbet,Houston Rockets,16,19476,15467310,566007901,2702545843,NA
New Orleans Pelicans v Houston Rockets,New Orleans Pelicans,Houston Rockets,Player Threes,Saddiq Bey,New Orleans Pelicans,3.5,5.1,NA,Sportsbet,Houston Rockets,16,19476,15467310,566007901,2702553265,NA
New Orleans Pelicans v Houston Rockets,New Orleans Pelicans,Houston Rockets,Player Threes,Jabari Smith Jr.,Houston Rockets,1.5,1.52,NA,Sportsbet,New Orleans Pelicans,16,19476,15467310,566007899,2702551181,NA
New Orleans Pelicans v Houston Rockets,New Orleans Pelicans,Houston Rockets,Player Threes,Kevin Durant,Houston Rockets,1.5,1.42,NA,Sportsbet,New Orleans Pelicans,16,19476,15467310,566007899,2702545839,NA
New Orleans Pelicans v Houston Rockets,New Orleans Pelicans,Houston Rockets,Player Threes,Reed Sheppard,Houston Rockets,1.5,1.14,NA,Sportsbet,New Orleans Pelicans,16,19476,15467310,566007899,2702551182,NA
New Orleans Pelicans v Houston Rockets,New Orleans Pelicans,Houston Rockets,Player Threes,Tari Eason,Houston Rockets,1.5,2.75,NA,Sportsbet,New Orleans Pelicans,16,19476,15467310,566007899,2703589491,NA
New Orleans Pelicans v Houston Rockets,New Orleans Pelicans,Houston Rockets,Player Threes,Dejounte Murray,New Orleans Pelicans,1.5,1.85,NA,Sportsbet,Houston Rockets,16,19476,15467310,566007899,2702545838,NA
New Orleans Pelicans v Houston Rockets,New Orleans Pelicans,Houston Rockets,Player Threes,Herbert Jones,New Orleans Pelicans,1.5,1.85,NA,Sportsbet,Houston Rockets,16,19476,15467310,566007899,2702553262,NA
New Orleans Pelicans v Houston Rockets,New Orleans Pelicans,Houston Rockets,Player Threes,Saddiq Bey,New Orleans Pelicans,1.5,1.52,NA,Sportsbet,Houston Rockets,16,19476,15467310,566007899,2702553261,NA
New Orleans Pelicans v Houston Rockets,New Orleans Pelicans,Houston Rockets,Player Threes,Trey Murphy III,New Orleans Pelicans,1.5,1.12,NA,Sportsbet,Houston Rockets,16,19476,15467310,566007899,2702545837,NA
New Orleans Pelicans v Houston Rockets,New Orleans Pelicans,Houston Rockets,Player Threes,Reed Sheppard,Houston Rockets,5.5,7,NA,Sportsbet,New Orleans Pelicans,16,19476,15467310,566007903,2702551190,NA
New Orleans Pelicans v Houston Rockets,New Orleans Pelicans,Houston Rockets,Player Threes,Kevin Durant,Houston Rockets,5.5,21,NA,Sportsbet,New Orleans Pelicans,16,19476,15467310,566007903,2702545851,NA
New Orleans Pelicans v Houston Rockets,New Orleans Pelicans,Houston Rockets,Player Threes,Jabari Smith Jr.,Houston Rockets,5.5,26,NA,Sportsbet,New Orleans Pelicans,16,19476,15467310,566007903,2702551189,NA
New Orleans Pelicans v Houston Rockets,New Orleans Pelicans,Houston Rockets,Player Threes,Trey Murphy III,New Orleans Pelicans,5.5,6,NA,Sportsbet,Houston Rockets,16,19476,15467310,566007903,2702545849,NA
New Orleans Pelicans v Houston Rockets,New Orleans Pelicans,Houston Rockets,Player Threes,Saddiq Bey,New Orleans Pelicans,5.5,23,NA,Sportsbet,Houston Rockets,16,19476,15467310,566007903,2702553269,NA
Oklahoma City Thunder v New York Knicks,Oklahoma City Thunder,New York Knicks,Player Threes,Shai Gilgeous-Alexander Over,NA,NA,1.88,NA,Sportsbet,NA,16,19476,15467316,565736854,2701383043,NA
Oklahoma City Thunder v New York Knicks,Oklahoma City Thunder,New York Knicks,Player Threes,Shai Gilgeous-Alexander Under,NA,NA,1.88,NA,Sportsbet,NA,16,19476,15467316,565736854,2701383044,NA
Oklahoma City Thunder v New York Knicks,Oklahoma City Thunder,New York Knicks,Player Threes,Luguentz Dort Over,NA,NA,2,NA,Sportsbet,NA,16,19476,15467316,565736856,2701383047,NA
Oklahoma City Thunder v New York Knicks,Oklahoma City Thunder,New York Knicks,Player Threes,Luguentz Dort Under,NA,NA,1.78,NA,Sportsbet,NA,16,19476,15467316,565736856,2701383048,NA
Oklahoma City Thunder v New York Knicks,Oklahoma City Thunder,New York Knicks,Player Threes,Chet Holmgren Over,NA,NA,2.45,NA,Sportsbet,NA,16,19476,15467316,565736855,2701383045,NA
Oklahoma City Thunder v New York Knicks,Oklahoma City Thunder,New York Knicks,Player Threes,Chet Holmgren Under,NA,NA,1.5,NA,Sportsbet,NA,16,19476,15467316,565736855,2701383046,NA
Oklahoma City Thunder v New York Knicks,Oklahoma City Thunder,New York Knicks,Player Threes,Jalen Brunson Over,NA,NA,1.52,NA,Sportsbet,NA,16,19476,15467316,565737157,2701385844,NA
Oklahoma City Thunder v New York Knicks,Oklahoma City Thunder,New York Knicks,Player Threes,Jalen Brunson Under,NA,NA,2.4,NA,Sportsbet,NA,16,19476,15467316,565737157,2701385845,NA
Oklahoma City Thunder v New York Knicks,Oklahoma City Thunder,New York Knicks,Player Threes,Karl-Anthony Towns Over,NA,NA,2.75,NA,Sportsbet,NA,16,19476,15467316,565737209,2701386198,NA
Oklahoma City Thunder v New York Knicks,Oklahoma City Thunder,New York Knicks,Player Threes,Karl-Anthony Towns Under,NA,NA,1.4,NA,Sportsbet,NA,16,19476,15467316,565737209,2701386199,NA
Oklahoma City Thunder v New York Knicks,Oklahoma City Thunder,New York Knicks,Player Threes,Mikal Bridges Over,NA,NA,1.86,NA,Sportsbet,NA,16,19476,15467316,565737458,2701387961,NA
Oklahoma City Thunder v New York Knicks,Oklahoma City Thunder,New York Knicks,Player Threes,Mikal Bridges Under,NA,NA,1.9,NA,Sportsbet,NA,16,19476,15467316,565737458,2701387962,NA
Oklahoma City Thunder v New York Knicks,Oklahoma City Thunder,New York Knicks,Player Threes,OG Anunoby Over,NA,NA,2.1,NA,Sportsbet,NA,16,19476,15467316,565737478,2701388137,NA
Oklahoma City Thunder v New York Knicks,Oklahoma City Thunder,New York Knicks,Player Threes,OG Anunoby Under,NA,NA,1.68,NA,Sportsbet,NA,16,19476,15467316,565737478,2701388138,NA
Oklahoma City Thunder v New York Knicks,Oklahoma City Thunder,New York Knicks,Player Threes,Josh Hart Over,NA,NA,2.1,NA,Sportsbet,NA,16,19476,15467316,565737639,2701389518,NA
Oklahoma City Thunder v New York Knicks,Oklahoma City Thunder,New York Knicks,Player Threes,Josh Hart Under,NA,NA,1.68,NA,Sportsbet,NA,16,19476,15467316,565737639,2701389519,NA
Oklahoma City Thunder v New York Knicks,Oklahoma City Thunder,New York Knicks,Player Threes,Miles McBride Over,NA,NA,1.84,NA,Sportsbet,NA,16,19476,15467316,566253261,2703627766,NA
Oklahoma City Thunder v New York Knicks,Oklahoma City Thunder,New York Knicks,Player Threes,Miles McBride Under,NA,NA,1.92,NA,Sportsbet,NA,16,19476,15467316,566253261,2703627767,NA
Oklahoma City Thunder v New York Knicks,Oklahoma City Thunder,New York Knicks,Player Threes,OG Anunoby,New York Knicks,3.5,3.9,NA,Sportsbet,Oklahoma City Thunder,16,19476,15467316,565736908,2701388063,NA
Oklahoma City Thunder v New York Knicks,Oklahoma City Thunder,New York Knicks,Player Threes,Jalen Brunson,New York Knicks,3.5,5.4,NA,Sportsbet,Oklahoma City Thunder,16,19476,15467316,565736908,2701385794,NA
Oklahoma City Thunder v New York Knicks,Oklahoma City Thunder,New York Knicks,Player Threes,OG Anunoby,New York Knicks,4.5,8.25,NA,Sportsbet,Oklahoma City Thunder,16,19476,15467316,565736909,2701388064,NA
Oklahoma City Thunder v New York Knicks,Oklahoma City Thunder,New York Knicks,Player Threes,Jalen Brunson,New York Knicks,2.5,2.6,NA,Sportsbet,Oklahoma City Thunder,16,19476,15467316,565736907,2701385793,NA
Oklahoma City Thunder v New York Knicks,Oklahoma City Thunder,New York Knicks,Player Threes,OG Anunoby,New York Knicks,2.5,2.12,NA,Sportsbet,Oklahoma City Thunder,16,19476,15467316,565736907,2701388062,NA
Oklahoma City Thunder v New York Knicks,Oklahoma City Thunder,New York Knicks,Player Threes,Mikal Bridges,New York Knicks,2.5,3.75,NA,Sportsbet,Oklahoma City Thunder,16,19476,15467316,565736907,2701387910,NA
Oklahoma City Thunder v New York Knicks,Oklahoma City Thunder,New York Knicks,Player Threes,Miles McBride,New York Knicks,2.5,3.5,NA,Sportsbet,Oklahoma City Thunder,16,19476,15467316,565736907,2703627756,NA
Oklahoma City Thunder v New York Knicks,Oklahoma City Thunder,New York Knicks,Player Threes,Josh Hart,New York Knicks,2.5,4.7,NA,Sportsbet,Oklahoma City Thunder,16,19476,15467316,565736907,2701389467,NA
Oklahoma City Thunder v New York Knicks,Oklahoma City Thunder,New York Knicks,Player Threes,Karl-Anthony Towns,New York Knicks,2.5,6.5,NA,Sportsbet,Oklahoma City Thunder,16,19476,15467316,565736907,2701386139,NA
Oklahoma City Thunder v New York Knicks,Oklahoma City Thunder,New York Knicks,Player Threes,Shai Gilgeous-Alexander,Oklahoma City Thunder,2.5,3.75,NA,Sportsbet,New York Knicks,16,19476,15467316,565736907,2701383266,NA
Oklahoma City Thunder v New York Knicks,Oklahoma City Thunder,New York Knicks,Player Threes,Luguentz Dort,Oklahoma City Thunder,2.5,4,NA,Sportsbet,New York Knicks,16,19476,15467316,565736907,2701383267,NA
Oklahoma City Thunder v New York Knicks,Oklahoma City Thunder,New York Knicks,Player Threes,Chet Holmgren,Oklahoma City Thunder,2.5,5.7,NA,Sportsbet,New York Knicks,16,19476,15467316,565736907,2701383265,NA
Oklahoma City Thunder v New York Knicks,Oklahoma City Thunder,New York Knicks,Player Threes,Jalen Brunson,New York Knicks,1.5,1.54,NA,Sportsbet,Oklahoma City Thunder,16,19476,15467316,565736906,2701385792,NA
Oklahoma City Thunder v New York Knicks,Oklahoma City Thunder,New York Knicks,Player Threes,Mikal Bridges,New York Knicks,1.5,1.86,NA,Sportsbet,Oklahoma City Thunder,16,19476,15467316,565736906,2701387909,NA
Oklahoma City Thunder v New York Knicks,Oklahoma City Thunder,New York Knicks,Player Threes,Miles McBride,New York Knicks,1.5,1.85,NA,Sportsbet,Oklahoma City Thunder,16,19476,15467316,565736906,2703627755,NA
Oklahoma City Thunder v New York Knicks,Oklahoma City Thunder,New York Knicks,Player Threes,OG Anunoby,New York Knicks,1.5,1.36,NA,Sportsbet,Oklahoma City Thunder,16,19476,15467316,565736906,2701388061,NA
Oklahoma City Thunder v New York Knicks,Oklahoma City Thunder,New York Knicks,Player Threes,Josh Hart,New York Knicks,1.5,2.12,NA,Sportsbet,Oklahoma City Thunder,16,19476,15467316,565736906,2701389466,NA
Oklahoma City Thunder v New York Knicks,Oklahoma City Thunder,New York Knicks,Player Threes,Karl-Anthony Towns,New York Knicks,1.5,2.7,NA,Sportsbet,Oklahoma City Thunder,16,19476,15467316,565736906,2701386138,NA
Oklahoma City Thunder v New York Knicks,Oklahoma City Thunder,New York Knicks,Player Threes,Shai Gilgeous-Alexander,Oklahoma City Thunder,1.5,1.88,NA,Sportsbet,New York Knicks,16,19476,15467316,565736906,2701383263,NA
Oklahoma City Thunder v New York Knicks,Oklahoma City Thunder,New York Knicks,Player Threes,Chet Holmgren,Oklahoma City Thunder,1.5,2.45,NA,Sportsbet,New York Knicks,16,19476,15467316,565736906,2701383262,NA
Oklahoma City Thunder v New York Knicks,Oklahoma City Thunder,New York Knicks,Player Threes,Luguentz Dort,Oklahoma City Thunder,1.5,2,NA,Sportsbet,New York Knicks,16,19476,15467316,565736906,2701383264,NA
Oklahoma City Thunder v New York Knicks,Oklahoma City Thunder,New York Knicks,Player Threes,Jalen Williams,Oklahoma City Thunder,1.5,3.2,NA,Sportsbet,New York Knicks,16,19476,15467316,565736906,2702623901,NA
Oklahoma City Thunder v New York Knicks,Oklahoma City Thunder,New York Knicks,Player Threes,OG Anunoby,New York Knicks,6.5,41,NA,Sportsbet,Oklahoma City Thunder,16,19476,15467316,565736911,2701388066,NA
Oklahoma City Thunder v New York Knicks,Oklahoma City Thunder,New York Knicks,Player Threes,Jalen Brunson,New York Knicks,0.5,1.1,NA,Sportsbet,Oklahoma City Thunder,16,19476,15467316,565736905,2701385791,NA
Oklahoma City Thunder v New York Knicks,Oklahoma City Thunder,New York Knicks,Player Threes,Josh Hart,New York Knicks,0.5,1.24,NA,Sportsbet,Oklahoma City Thunder,16,19476,15467316,565736905,2701389465,NA
Oklahoma City Thunder v New York Knicks,Oklahoma City Thunder,New York Knicks,Player Threes,Karl-Anthony Towns,New York Knicks,0.5,1.36,NA,Sportsbet,Oklahoma City Thunder,16,19476,15467316,565736905,2701386137,NA
Oklahoma City Thunder v New York Knicks,Oklahoma City Thunder,New York Knicks,Player Threes,Mikal Bridges,New York Knicks,0.5,1.16,NA,Sportsbet,Oklahoma City Thunder,16,19476,15467316,565736905,2701387908,NA
Oklahoma City Thunder v New York Knicks,Oklahoma City Thunder,New York Knicks,Player Threes,Miles McBride,New York Knicks,0.5,1.18,NA,Sportsbet,Oklahoma City Thunder,16,19476,15467316,565736905,2703627754,NA
Oklahoma City Thunder v New York Knicks,Oklahoma City Thunder,New York Knicks,Player Threes,OG Anunoby,New York Knicks,0.5,1.05,NA,Sportsbet,Oklahoma City Thunder,16,19476,15467316,565736905,2701388060,NA
Oklahoma City Thunder v New York Knicks,Oklahoma City Thunder,New York Knicks,Player Threes,Chet Holmgren,Oklahoma City Thunder,0.5,1.32,NA,Sportsbet,New York Knicks,16,19476,15467316,565736905,2701383259,NA
Oklahoma City Thunder v New York Knicks,Oklahoma City Thunder,New York Knicks,Player Threes,Jalen Williams,Oklahoma City Thunder,0.5,1.46,NA,Sportsbet,New York Knicks,16,19476,15467316,565736905,2702623900,NA
Oklahoma City Thunder v New York Knicks,Oklahoma City Thunder,New York Knicks,Player Threes,Luguentz Dort,Oklahoma City Thunder,0.5,1.2,NA,Sportsbet,New York Knicks,16,19476,15467316,565736905,2701383261,NA
Oklahoma City Thunder v New York Knicks,Oklahoma City Thunder,New York Knicks,Player Threes,Shai Gilgeous-Alexander,Oklahoma City Thunder,0.5,1.17,NA,Sportsbet,New York Knicks,16,19476,15467316,565736905,2701383260,NA
Oklahoma City Thunder v New York Knicks,Oklahoma City Thunder,New York Knicks,Player Threes,OG Anunoby,New York Knicks,5.5,17,NA,Sportsbet,Oklahoma City Thunder,16,19476,15467316,565736910,2701388065,NA
Oklahoma City Thunder v New York Knicks,Oklahoma City Thunder,New York Knicks,Player Threes,Jalen Brunson,New York Knicks,5.5,26,NA,Sportsbet,Oklahoma City Thunder,16,19476,15467316,565736910,2701385796,NA
Denver Nuggets v Golden State Warriors,Denver Nuggets,Golden State Warriors,Player Threes,Nikola Jokic Over,NA,NA,1.96,NA,Sportsbet,NA,16,19476,15467313,565999879,2702509495,NA
Denver Nuggets v Golden State Warriors,Denver Nuggets,Golden State Warriors,Player Threes,Nikola Jokic Under,NA,NA,1.8,NA,Sportsbet,NA,16,19476,15467313,565999879,2702509496,NA
Denver Nuggets v Golden State Warriors,Denver Nuggets,Golden State Warriors,Player Threes,Jamal Murray Over,NA,NA,1.58,NA,Sportsbet,NA,16,19476,15467313,566000017,2702509906,NA
Denver Nuggets v Golden State Warriors,Denver Nuggets,Golden State Warriors,Player Threes,Jamal Murray Under,NA,NA,2.25,NA,Sportsbet,NA,16,19476,15467313,566000017,2702509907,NA
Denver Nuggets v Golden State Warriors,Denver Nuggets,Golden State Warriors,Player Threes,Aaron Gordon Over,NA,NA,2.08,NA,Sportsbet,NA,16,19476,15467313,566000331,2702510879,NA
Denver Nuggets v Golden State Warriors,Denver Nuggets,Golden State Warriors,Player Threes,Aaron Gordon Under,NA,NA,1.72,NA,Sportsbet,NA,16,19476,15467313,566000331,2702510880,NA
Denver Nuggets v Golden State Warriors,Denver Nuggets,Golden State Warriors,Player Threes,Cam Johnson Over,NA,NA,1.72,NA,Sportsbet,NA,16,19476,15467313,566000456,2702511392,NA
Denver Nuggets v Golden State Warriors,Denver Nuggets,Golden State Warriors,Player Threes,Cam Johnson Under,NA,NA,2.08,NA,Sportsbet,NA,16,19476,15467313,566000456,2702511393,NA
Denver Nuggets v Golden State Warriors,Denver Nuggets,Golden State Warriors,Player Threes,Peyton Watson Over,NA,NA,2.75,NA,Sportsbet,NA,16,19476,15467313,566000839,2702513675,NA
Denver Nuggets v Golden State Warriors,Denver Nuggets,Golden State Warriors,Player Threes,Peyton Watson Under,NA,NA,1.4,NA,Sportsbet,NA,16,19476,15467313,566000839,2702513676,NA
Denver Nuggets v Golden State Warriors,Denver Nuggets,Golden State Warriors,Player Threes,Tim Hardaway Jr. Over,NA,NA,2.05,NA,Sportsbet,NA,16,19476,15467313,566000994,2702514709,NA
Denver Nuggets v Golden State Warriors,Denver Nuggets,Golden State Warriors,Player Threes,Tim Hardaway Jr. Under,NA,NA,1.74,NA,Sportsbet,NA,16,19476,15467313,566000994,2702514710,NA
Denver Nuggets v Golden State Warriors,Denver Nuggets,Golden State Warriors,Player Threes,Kristaps Porzingis Over,NA,NA,1.56,NA,Sportsbet,NA,16,19476,15467313,566004000,2702528635,NA
Denver Nuggets v Golden State Warriors,Denver Nuggets,Golden State Warriors,Player Threes,Kristaps Porzingis Under,NA,NA,2.3,NA,Sportsbet,NA,16,19476,15467313,566004000,2702528636,NA
Denver Nuggets v Golden State Warriors,Denver Nuggets,Golden State Warriors,Player Threes,Brandin Podziemski Over,NA,NA,2.6,NA,Sportsbet,NA,16,19476,15467313,566004175,2702529189,NA
Denver Nuggets v Golden State Warriors,Denver Nuggets,Golden State Warriors,Player Threes,Brandin Podziemski Under,NA,NA,1.45,NA,Sportsbet,NA,16,19476,15467313,566004175,2702529190,NA
Denver Nuggets v Golden State Warriors,Denver Nuggets,Golden State Warriors,Player Threes,Gui Santos Over,NA,NA,1.68,NA,Sportsbet,NA,16,19476,15467313,566004234,2702529453,NA
Denver Nuggets v Golden State Warriors,Denver Nuggets,Golden State Warriors,Player Threes,Gui Santos Under,NA,NA,2.1,NA,Sportsbet,NA,16,19476,15467313,566004234,2702529454,NA
Denver Nuggets v Golden State Warriors,Denver Nuggets,Golden State Warriors,Player Threes,De'Anthony Melton Over,NA,NA,1.8,NA,Sportsbet,NA,16,19476,15467313,566004320,2702529760,NA
Denver Nuggets v Golden State Warriors,Denver Nuggets,Golden State Warriors,Player Threes,De'Anthony Melton Under,NA,NA,1.96,NA,Sportsbet,NA,16,19476,15467313,566004320,2702529761,NA
Denver Nuggets v Golden State Warriors,Denver Nuggets,Golden State Warriors,Player Threes,Draymond Green Over,NA,NA,1.9,NA,Sportsbet,NA,16,19476,15467313,566004499,2702530468,NA
Denver Nuggets v Golden State Warriors,Denver Nuggets,Golden State Warriors,Player Threes,Draymond Green Under,NA,NA,1.86,NA,Sportsbet,NA,16,19476,15467313,566004499,2702530469,NA
Denver Nuggets v Golden State Warriors,Denver Nuggets,Golden State Warriors,Player Threes,Brandin Podziemski,Golden State Warriors,0.5,1.1,NA,Sportsbet,Denver Nuggets,16,19476,15467313,565999910,2702529136,NA
Denver Nuggets v Golden State Warriors,Denver Nuggets,Golden State Warriors,Player Threes,De'Anthony Melton,Golden State Warriors,0.5,1.16,NA,Sportsbet,Denver Nuggets,16,19476,15467313,565999910,2702529707,NA
Denver Nuggets v Golden State Warriors,Denver Nuggets,Golden State Warriors,Player Threes,Draymond Green,Golden State Warriors,0.5,1.18,NA,Sportsbet,Denver Nuggets,16,19476,15467313,565999910,2702530415,NA
Denver Nuggets v Golden State Warriors,Denver Nuggets,Golden State Warriors,Player Threes,Gui Santos,Golden State Warriors,0.5,1.13,NA,Sportsbet,Denver Nuggets,16,19476,15467313,565999910,2702529400,NA
Denver Nuggets v Golden State Warriors,Denver Nuggets,Golden State Warriors,Player Threes,Kristaps Porzi<c5><86><c4><a3>is,NA,0.5,1.1,NA,Sportsbet,NA,16,19476,15467313,565999910,2702528582,NA
Denver Nuggets v Golden State Warriors,Denver Nuggets,Golden State Warriors,Player Threes,Aaron Gordon,Denver Nuggets,0.5,1.21,NA,Sportsbet,Golden State Warriors,16,19476,15467313,565999910,2702510826,NA
Denver Nuggets v Golden State Warriors,Denver Nuggets,Golden State Warriors,Player Threes,Cameron Johnson,Denver Nuggets,0.5,1.14,NA,Sportsbet,Golden State Warriors,16,19476,15467313,565999910,2702511339,NA
Denver Nuggets v Golden State Warriors,Denver Nuggets,Golden State Warriors,Player Threes,Christian Braun,Denver Nuggets,0.5,1.46,NA,Sportsbet,Golden State Warriors,16,19476,15467313,565999910,2702511525,NA
Denver Nuggets v Golden State Warriors,Denver Nuggets,Golden State Warriors,Player Threes,Nikola Joki<c4><87>,NA,0.5,1.19,NA,Sportsbet,NA,16,19476,15467313,565999910,2702509531,NA
Denver Nuggets v Golden State Warriors,Denver Nuggets,Golden State Warriors,Player Threes,Peyton Watson,Denver Nuggets,0.5,1.43,NA,Sportsbet,Golden State Warriors,16,19476,15467313,565999910,2702513652,NA
Denver Nuggets v Golden State Warriors,Denver Nuggets,Golden State Warriors,Player Threes,Tim Hardaway Jr.,Denver Nuggets,0.5,1.06,NA,Sportsbet,Golden State Warriors,16,19476,15467313,565999910,2702514686,NA
Denver Nuggets v Golden State Warriors,Denver Nuggets,Golden State Warriors,Player Threes,Brandin Podziemski,Golden State Warriors,3.5,4.9,NA,Sportsbet,Denver Nuggets,16,19476,15467313,565999913,2702529139,NA
Denver Nuggets v Golden State Warriors,Denver Nuggets,Golden State Warriors,Player Threes,Kristaps Porzi<c5><86><c4><a3>is,NA,3.5,5.1,NA,Sportsbet,NA,16,19476,15467313,565999913,2702528585,NA
Denver Nuggets v Golden State Warriors,Denver Nuggets,Golden State Warriors,Player Threes,Gui Santos,Golden State Warriors,3.5,6.25,NA,Sportsbet,Denver Nuggets,16,19476,15467313,565999913,2702529403,NA
Denver Nuggets v Golden State Warriors,Denver Nuggets,Golden State Warriors,Player Threes,Jamal Murray,Denver Nuggets,3.5,2.5,NA,Sportsbet,Golden State Warriors,16,19476,15467313,565999913,2702509856,NA
Denver Nuggets v Golden State Warriors,Denver Nuggets,Golden State Warriors,Player Threes,Tim Hardaway Jr.,Denver Nuggets,3.5,3.4,NA,Sportsbet,Golden State Warriors,16,19476,15467313,565999913,2702514689,NA
Denver Nuggets v Golden State Warriors,Denver Nuggets,Golden State Warriors,Player Threes,Cameron Johnson,Denver Nuggets,3.5,6.75,NA,Sportsbet,Golden State Warriors,16,19476,15467313,565999913,2702511342,NA
Denver Nuggets v Golden State Warriors,Denver Nuggets,Golden State Warriors,Player Threes,Jamal Murray,Denver Nuggets,4.5,4.4,NA,Sportsbet,Golden State Warriors,16,19476,15467313,565999914,2702509857,NA
Denver Nuggets v Golden State Warriors,Denver Nuggets,Golden State Warriors,Player Threes,Tim Hardaway Jr.,Denver Nuggets,4.5,6.25,NA,Sportsbet,Golden State Warriors,16,19476,15467313,565999914,2702514690,NA
Denver Nuggets v Golden State Warriors,Denver Nuggets,Golden State Warriors,Player Threes,Brandin Podziemski,Golden State Warriors,2.5,2.55,NA,Sportsbet,Denver Nuggets,16,19476,15467313,565999912,2702529138,NA
Denver Nuggets v Golden State Warriors,Denver Nuggets,Golden State Warriors,Player Threes,Kristaps Porzi<c5><86><c4><a3>is,NA,2.5,2.6,NA,Sportsbet,NA,16,19476,15467313,565999912,2702528584,NA
Denver Nuggets v Golden State Warriors,Denver Nuggets,Golden State Warriors,Player Threes,De'Anthony Melton,Golden State Warriors,2.5,3.5,NA,Sportsbet,Denver Nuggets,16,19476,15467313,565999912,2702529709,NA
Denver Nuggets v Golden State Warriors,Denver Nuggets,Golden State Warriors,Player Threes,Draymond Green,Golden State Warriors,2.5,3.7,NA,Sportsbet,Denver Nuggets,16,19476,15467313,565999912,2702530417,NA
Denver Nuggets v Golden State Warriors,Denver Nuggets,Golden State Warriors,Player Threes,Gui Santos,Golden State Warriors,2.5,3.05,NA,Sportsbet,Denver Nuggets,16,19476,15467313,565999912,2702529402,NA
Denver Nuggets v Golden State Warriors,Denver Nuggets,Golden State Warriors,Player Threes,Jamal Murray,Denver Nuggets,2.5,1.58,NA,Sportsbet,Golden State Warriors,16,19476,15467313,565999912,2702509855,NA
Denver Nuggets v Golden State Warriors,Denver Nuggets,Golden State Warriors,Player Threes,Tim Hardaway Jr.,Denver Nuggets,2.5,2.05,NA,Sportsbet,Golden State Warriors,16,19476,15467313,565999912,2702514688,NA
Denver Nuggets v Golden State Warriors,Denver Nuggets,Golden State Warriors,Player Threes,Cameron Johnson,Denver Nuggets,2.5,3.25,NA,Sportsbet,Golden State Warriors,16,19476,15467313,565999912,2702511341,NA
Denver Nuggets v Golden State Warriors,Denver Nuggets,Golden State Warriors,Player Threes,Aaron Gordon,Denver Nuggets,2.5,4.3,NA,Sportsbet,Golden State Warriors,16,19476,15467313,565999912,2702510828,NA
Denver Nuggets v Golden State Warriors,Denver Nuggets,Golden State Warriors,Player Threes,Nikola Joki<c4><87>,NA,2.5,4.2,NA,Sportsbet,NA,16,19476,15467313,565999912,2702509533,NA
Denver Nuggets v Golden State Warriors,Denver Nuggets,Golden State Warriors,Player Threes,Peyton Watson,Denver Nuggets,2.5,6,NA,Sportsbet,Golden State Warriors,16,19476,15467313,565999912,2702513654,NA
Denver Nuggets v Golden State Warriors,Denver Nuggets,Golden State Warriors,Player Threes,Brandin Podziemski,Golden State Warriors,1.5,1.52,NA,Sportsbet,Denver Nuggets,16,19476,15467313,565999911,2702529137,NA
Denver Nuggets v Golden State Warriors,Denver Nuggets,Golden State Warriors,Player Threes,De'Anthony Melton,Golden State Warriors,1.5,1.81,NA,Sportsbet,Denver Nuggets,16,19476,15467313,565999911,2702529708,NA
Denver Nuggets v Golden State Warriors,Denver Nuggets,Golden State Warriors,Player Threes,Draymond Green,Golden State Warriors,1.5,1.89,NA,Sportsbet,Denver Nuggets,16,19476,15467313,565999911,2702530416,NA
Denver Nuggets v Golden State Warriors,Denver Nuggets,Golden State Warriors,Player Threes,Gui Santos,Golden State Warriors,1.5,1.67,NA,Sportsbet,Denver Nuggets,16,19476,15467313,565999911,2702529401,NA
Denver Nuggets v Golden State Warriors,Denver Nuggets,Golden State Warriors,Player Threes,Kristaps Porzi<c5><86><c4><a3>is,NA,1.5,1.56,NA,Sportsbet,NA,16,19476,15467313,565999911,2702528583,NA
Denver Nuggets v Golden State Warriors,Denver Nuggets,Golden State Warriors,Player Threes,Cameron Johnson,Denver Nuggets,1.5,1.73,NA,Sportsbet,Golden State Warriors,16,19476,15467313,565999911,2702511340,NA
Denver Nuggets v Golden State Warriors,Denver Nuggets,Golden State Warriors,Player Threes,Jamal Murray,Denver Nuggets,1.5,1.17,NA,Sportsbet,Golden State Warriors,16,19476,15467313,565999911,2702509854,NA
Denver Nuggets v Golden State Warriors,Denver Nuggets,Golden State Warriors,Player Threes,Nikola Joki<c4><87>,NA,1.5,1.98,NA,Sportsbet,NA,16,19476,15467313,565999911,2702509532,NA
Denver Nuggets v Golden State Warriors,Denver Nuggets,Golden State Warriors,Player Threes,Tim Hardaway Jr.,Denver Nuggets,1.5,1.36,NA,Sportsbet,Golden State Warriors,16,19476,15467313,565999911,2702514687,NA
Denver Nuggets v Golden State Warriors,Denver Nuggets,Golden State Warriors,Player Threes,Aaron Gordon,Denver Nuggets,1.5,2.05,NA,Sportsbet,Golden State Warriors,16,19476,15467313,565999911,2702510827,NA
Denver Nuggets v Golden State Warriors,Denver Nuggets,Golden State Warriors,Player Threes,Peyton Watson,Denver Nuggets,1.5,2.7,NA,Sportsbet,Golden State Warriors,16,19476,15467313,565999911,2702513653,NA
Denver Nuggets v Golden State Warriors,Denver Nuggets,Golden State Warriors,Player Threes,Christian Braun,Denver Nuggets,1.5,3.15,NA,Sportsbet,Golden State Warriors,16,19476,15467313,565999911,2702511526,NA
Denver Nuggets v Golden State Warriors,Denver Nuggets,Golden State Warriors,Player Threes,Jamal Murray,Denver Nuggets,6.5,17,NA,Sportsbet,Golden State Warriors,16,19476,15467313,565999916,2702509859,NA
Denver Nuggets v Golden State Warriors,Denver Nuggets,Golden State Warriors,Player Threes,Tim Hardaway Jr.,Denver Nuggets,6.5,21,NA,Sportsbet,Golden State Warriors,16,19476,15467313,565999916,2702514692,NA
Denver Nuggets v Golden State Warriors,Denver Nuggets,Golden State Warriors,Player Threes,Brandin Podziemski,Golden State Warriors,5.5,23,NA,Sportsbet,Denver Nuggets,16,19476,15467313,565999915,2702529141,NA
Denver Nuggets v Golden State Warriors,Denver Nuggets,Golden State Warriors,Player Threes,Kristaps Porzi<c5><86><c4><a3>is,NA,5.5,23,NA,Sportsbet,NA,16,19476,15467313,565999915,2702528587,NA
Denver Nuggets v Golden State Warriors,Denver Nuggets,Golden State Warriors,Player Threes,Gui Santos,Golden State Warriors,5.5,31,NA,Sportsbet,Denver Nuggets,16,19476,15467313,565999915,2702529405,NA
Denver Nuggets v Golden State Warriors,Denver Nuggets,Golden State Warriors,Player Threes,Jamal Murray,Denver Nuggets,5.5,8.5,NA,Sportsbet,Golden State Warriors,16,19476,15467313,565999915,2702509858,NA
Denver Nuggets v Golden State Warriors,Denver Nuggets,Golden State Warriors,Player Threes,Tim Hardaway Jr.,Denver Nuggets,5.5,12,NA,Sportsbet,Golden State Warriors,16,19476,15467313,565999915,2702514691,NA
Portland Trail Blazers v Washington Wizards,Portland Trail Blazers,Washington Wizards,Player Threes,Deni Avdija,Portland Trail Blazers,1.5,1.52,2.4,Sportsbet,Washington Wizards,16,19476,15467306,566016583,2702587803,2702587804
Portland Trail Blazers v Washington Wizards,Portland Trail Blazers,Washington Wizards,Player Threes,Jrue Holiday,Portland Trail Blazers,2.5,1.84,1.92,Sportsbet,Washington Wizards,16,19476,15467306,566017062,2702589987,2702589988
Portland Trail Blazers v Washington Wizards,Portland Trail Blazers,Washington Wizards,Player Threes,Donovan Clingan,Portland Trail Blazers,1.5,2.6,1.45,Sportsbet,Washington Wizards,16,19476,15467306,566017459,2702592082,2702592083
Portland Trail Blazers v Washington Wizards,Portland Trail Blazers,Washington Wizards,Player Threes,Toumani Camara,Portland Trail Blazers,2.5,1.96,1.8,Sportsbet,Washington Wizards,16,19476,15467306,566020499,2702607331,2702607332
Portland Trail Blazers v Washington Wizards,Portland Trail Blazers,Washington Wizards,Player Threes,Scoot Henderson,Portland Trail Blazers,2.5,2.45,1.5,Sportsbet,Washington Wizards,16,19476,15467306,566020880,2702608771,2702608772
Portland Trail Blazers v Washington Wizards,Portland Trail Blazers,Washington Wizards,Player Threes,Bilal Coulibaly,Washington Wizards,1.5,2.6,1.45,Sportsbet,Portland Trail Blazers,16,19476,15467306,566022808,2702616014,2702616015
Portland Trail Blazers v Washington Wizards,Portland Trail Blazers,Washington Wizards,Player Threes,Carlton Carrington,NA,1.5,1.8,1.96,Sportsbet,NA,16,19476,15467306,566023031,2702616816,2702616817
Portland Trail Blazers v Washington Wizards,Portland Trail Blazers,Washington Wizards,Player Threes,Will Riley,Washington Wizards,1.5,1.96,1.8,Sportsbet,Portland Trail Blazers,16,19476,15467306,566023564,2702619318,2702619319
Portland Trail Blazers v Washington Wizards,Portland Trail Blazers,Washington Wizards,Player Threes,Tristan Vukcevic,Washington Wizards,1.5,1.96,1.8,Sportsbet,Portland Trail Blazers,16,19476,15467306,566023614,2702619534,2702619535
Portland Trail Blazers v Washington Wizards,Portland Trail Blazers,Washington Wizards,Player Threes,Matisse Thybulle,Portland Trail Blazers,1.5,2.45,1.5,Sportsbet,Washington Wizards,16,19476,15467306,566247468,2703600377,2703600378
Portland Trail Blazers v Washington Wizards,Portland Trail Blazers,Washington Wizards,Player Threes,Jaden Hardy,Washington Wizards,1.5,1.8,1.96,Sportsbet,Portland Trail Blazers,16,19476,15467306,566249356,2703609516,2703609517
Toronto Raptors v Orlando Magic,Toronto Raptors,Orlando Magic,Player Threes,Scottie Barnes,Toronto Raptors,1.5,2.9,1.36,Sportsbet,Orlando Magic,16,19476,15467314,565985831,2702447477,2702447478
Toronto Raptors v Orlando Magic,Toronto Raptors,Orlando Magic,Player Threes,RJ Barrett,Toronto Raptors,1.5,1.68,2.1,Sportsbet,Orlando Magic,16,19476,15467314,565985830,2702447475,2702447476
Toronto Raptors v Orlando Magic,Toronto Raptors,Orlando Magic,Player Threes,Ja'Kobe Walter,Toronto Raptors,1.5,1.5,2.45,Sportsbet,Orlando Magic,16,19476,15467314,565985832,2702447479,2702447480
Toronto Raptors v Orlando Magic,Toronto Raptors,Orlando Magic,Player Threes,Tristan da Silva,Orlando Magic,1.5,1.8,1.96,Sportsbet,Toronto Raptors,16,19476,15467314,565987895,2702456618,2702456619
Toronto Raptors v Orlando Magic,Toronto Raptors,Orlando Magic,Player Threes,Jalen Suggs,Orlando Magic,1.5,1.5,2.45,Sportsbet,Toronto Raptors,16,19476,15467314,565987896,2702456620,2702456621
Toronto Raptors v Orlando Magic,Toronto Raptors,Orlando Magic,Player Threes,Desmond Bane,Orlando Magic,1.5,1.5,2.45,Sportsbet,Toronto Raptors,16,19476,15467314,565987894,2702456616,2702456617
Toronto Raptors v Orlando Magic,Toronto Raptors,Orlando Magic,Player Threes,Paolo Banchero,Orlando Magic,1.5,2.2,1.6,Sportsbet,Toronto Raptors,16,19476,15467314,565987893,2702456614,2702456615
Toronto Raptors v Orlando Magic,Toronto Raptors,Orlando Magic,Player Threes,Jamal Cain,Orlando Magic,1.5,2.9,1.36,Sportsbet,Toronto Raptors,16,19476,15467314,566029270,2702641292,2702641293
Toronto Raptors v Orlando Magic,Toronto Raptors,Orlando Magic,Player Threes,Jamal Shead,Toronto Raptors,1.5,2.2,1.6,Sportsbet,Orlando Magic,16,19476,15467314,566246072,2703595490,2703595491
Toronto Raptors v Orlando Magic,Toronto Raptors,Orlando Magic,Player Threes,Sandro Mamukelashvili,Toronto Raptors,1.5,2.2,1.6,Sportsbet,Orlando Magic,16,19476,15467314,566246154,2703595818,2703595819
Toronto Raptors v Orlando Magic,Toronto Raptors,Orlando Magic,Player Threes,Jevon Carter,Orlando Magic,1.5,2.05,1.74,Sportsbet,Toronto Raptors,16,19476,15467314,566250092,2703612582,2703612583
New Orleans Pelicans v Houston Rockets,New Orleans Pelicans,Houston Rockets,Player Threes,Trey Murphy III,New Orleans Pelicans,3.5,2.1,1.68,Sportsbet,Houston Rockets,16,19476,15467310,566007850,2702545660,2702545661
New Orleans Pelicans v Houston Rockets,New Orleans Pelicans,Houston Rockets,Player Threes,Kevin Durant,Houston Rockets,2.5,2.25,1.58,Sportsbet,New Orleans Pelicans,16,19476,15467310,566007849,2702545658,2702545659
New Orleans Pelicans v Houston Rockets,New Orleans Pelicans,Houston Rockets,Player Threes,Dejounte Murray,New Orleans Pelicans,1.5,1.84,1.92,Sportsbet,Houston Rockets,16,19476,15467310,566007851,2702545662,2702545663
New Orleans Pelicans v Houston Rockets,New Orleans Pelicans,Houston Rockets,Player Threes,Jabari Smith Jr.,Houston Rockets,1.5,1.5,2.45,Sportsbet,New Orleans Pelicans,16,19476,15467310,566008828,2702551311,2702551312
New Orleans Pelicans v Houston Rockets,New Orleans Pelicans,Houston Rockets,Player Threes,Reed Sheppard,Houston Rockets,3.5,2.25,1.58,Sportsbet,New Orleans Pelicans,16,19476,15467310,566008829,2702551313,2702551314
New Orleans Pelicans v Houston Rockets,New Orleans Pelicans,Houston Rockets,Player Threes,Herbert Jones,New Orleans Pelicans,1.5,1.85,1.91,Sportsbet,Houston Rockets,16,19476,15467310,566009359,2702553367,2702553368
New Orleans Pelicans v Houston Rockets,New Orleans Pelicans,Houston Rockets,Player Threes,Saddiq Bey,New Orleans Pelicans,1.5,1.5,2.45,Sportsbet,Houston Rockets,16,19476,15467310,566009358,2702553365,2702553366
New Orleans Pelicans v Houston Rockets,New Orleans Pelicans,Houston Rockets,Player Threes,Tari Eason,Houston Rockets,1.5,2.75,1.4,Sportsbet,New Orleans Pelicans,16,19476,15467310,566244336,2703589500,2703589501
Oklahoma City Thunder v New York Knicks,Oklahoma City Thunder,New York Knicks,Player Threes,Shai Gilgeous-Alexander,Oklahoma City Thunder,1.5,1.88,1.88,Sportsbet,New York Knicks,16,19476,15467316,565736854,2701383043,2701383044
Oklahoma City Thunder v New York Knicks,Oklahoma City Thunder,New York Knicks,Player Threes,Luguentz Dort,Oklahoma City Thunder,1.5,2,1.78,Sportsbet,New York Knicks,16,19476,15467316,565736856,2701383047,2701383048
Oklahoma City Thunder v New York Knicks,Oklahoma City Thunder,New York Knicks,Player Threes,Chet Holmgren,Oklahoma City Thunder,1.5,2.45,1.5,Sportsbet,New York Knicks,16,19476,15467316,565736855,2701383045,2701383046
Oklahoma City Thunder v New York Knicks,Oklahoma City Thunder,New York Knicks,Player Threes,Jalen Brunson,New York Knicks,1.5,1.52,2.4,Sportsbet,Oklahoma City Thunder,16,19476,15467316,565737157,2701385844,2701385845
Oklahoma City Thunder v New York Knicks,Oklahoma City Thunder,New York Knicks,Player Threes,Karl-Anthony Towns,New York Knicks,1.5,2.75,1.4,Sportsbet,Oklahoma City Thunder,16,19476,15467316,565737209,2701386198,2701386199
Oklahoma City Thunder v New York Knicks,Oklahoma City Thunder,New York Knicks,Player Threes,Mikal Bridges,New York Knicks,1.5,1.86,1.9,Sportsbet,Oklahoma City Thunder,16,19476,15467316,565737458,2701387961,2701387962
Oklahoma City Thunder v New York Knicks,Oklahoma City Thunder,New York Knicks,Player Threes,OG Anunoby,New York Knicks,2.5,2.1,1.68,Sportsbet,Oklahoma City Thunder,16,19476,15467316,565737478,2701388137,2701388138
Oklahoma City Thunder v New York Knicks,Oklahoma City Thunder,New York Knicks,Player Threes,Josh Hart,New York Knicks,1.5,2.1,1.68,Sportsbet,Oklahoma City Thunder,16,19476,15467316,565737639,2701389518,2701389519
Oklahoma City Thunder v New York Knicks,Oklahoma City Thunder,New York Knicks,Player Threes,Miles McBride,New York Knicks,1.5,1.84,1.92,Sportsbet,Oklahoma City Thunder,16,19476,15467316,566253261,2703627766,2703627767
Denver Nuggets v Golden State Warriors,Denver Nuggets,Golden State Warriors,Player Threes,Nikola Joki<c4><87>,NA,1.5,1.96,1.8,Sportsbet,NA,16,19476,15467313,565999879,2702509495,2702509496
Denver Nuggets v Golden State Warriors,Denver Nuggets,Golden State Warriors,Player Threes,Jamal Murray,Denver Nuggets,2.5,1.58,2.25,Sportsbet,Golden State Warriors,16,19476,15467313,566000017,2702509906,2702509907
Denver Nuggets v Golden State Warriors,Denver Nuggets,Golden State Warriors,Player Threes,Aaron Gordon,Denver Nuggets,1.5,2.08,1.72,Sportsbet,Golden State Warriors,16,19476,15467313,566000331,2702510879,2702510880
Denver Nuggets v Golden State Warriors,Denver Nuggets,Golden State Warriors,Player Threes,Cameron Johnson,Denver Nuggets,1.5,1.72,2.08,Sportsbet,Golden State Warriors,16,19476,15467313,566000456,2702511392,2702511393
Denver Nuggets v Golden State Warriors,Denver Nuggets,Golden State Warriors,Player Threes,Peyton Watson,Denver Nuggets,1.5,2.75,1.4,Sportsbet,Golden State Warriors,16,19476,15467313,566000839,2702513675,2702513676
Denver Nuggets v Golden State Warriors,Denver Nuggets,Golden State Warriors,Player Threes,Tim Hardaway Jr.,Denver Nuggets,2.5,2.05,1.74,Sportsbet,Golden State Warriors,16,19476,15467313,566000994,2702514709,2702514710
Denver Nuggets v Golden State Warriors,Denver Nuggets,Golden State Warriors,Player Threes,Kristaps Porzi<c5><86><c4><a3>is,NA,1.5,1.56,2.3,Sportsbet,NA,16,19476,15467313,566004000,2702528635,2702528636
Denver Nuggets v Golden State Warriors,Denver Nuggets,Golden State Warriors,Player Threes,Brandin Podziemski,Golden State Warriors,2.5,2.6,1.45,Sportsbet,Denver Nuggets,16,19476,15467313,566004175,2702529189,2702529190
Denver Nuggets v Golden State Warriors,Denver Nuggets,Golden State Warriors,Player Threes,Gui Santos,Golden State Warriors,1.5,1.68,2.1,Sportsbet,Denver Nuggets,16,19476,15467313,566004234,2702529453,2702529454
Denver Nuggets v Golden State Warriors,Denver Nuggets,Golden State Warriors,Player Threes,De'Anthony Melton,Golden State Warriors,1.5,1.8,1.96,Sportsbet,Denver Nuggets,16,19476,15467313,566004320,2702529760,2702529761
Denver Nuggets v Golden State Warriors,Denver Nuggets,Golden State Warriors,Player Threes,Draymond Green,Golden State Warriors,1.5,1.9,1.86,Sportsbet,Denver Nuggets,16,19476,15467313,566004499,2702530468,2702530469
