match,home_team,away_team,player_name,player_team,opposition_team,market_name,line,over_price,under_price,agency,prop_id,under_prop_id
Memphis Grizzlies v Sacramento Kings,Memphis Grizzlies,Sacramento Kings,Cam Spencer,Memphis Grizzlies,Sacramento Kings,Player Rebounds,3.5,2.3,1.58,TAB,570125,570126
Memphis Grizzlies v Sacramento Kings,Memphis Grizzlies,Sacramento Kings,DeMar DeRozan,Sacramento Kings,Memphis Grizzlies,Player Rebounds,2.5,1.87,1.87,TAB,569407,569408
Memphis Grizzlies v Sacramento Kings,Memphis Grizzlies,Sacramento Kings,GG Jackson,Memphis Grizzlies,Sacramento Kings,Player Rebounds,5.5,1.8,1.95,TAB,569511,569512
Memphis Grizzlies v Sacramento Kings,Memphis Grizzlies,Sacramento Kings,Javon Small,Memphis Grizzlies,Sacramento Kings,Player Rebounds,4.5,2,1.75,TAB,570113,570114
Memphis Grizzlies v Sacramento Kings,Memphis Grizzlies,Sacramento Kings,Jaylen Wells,Memphis Grizzlies,Sacramento Kings,Player Rebounds,3.5,1.8,1.95,TAB,569565,569566
Memphis Grizzlies v Sacramento Kings,Memphis Grizzlies,Sacramento Kings,Keegan Murray,Sacramento Kings,Memphis Grizzlies,Player Rebounds,6.5,2.05,1.72,TAB,569339,569340
Memphis Grizzlies v Sacramento Kings,Memphis Grizzlies,Sacramento Kings,Malik Monk,Sacramento Kings,Memphis Grizzlies,Player Rebounds,2.5,2.45,1.52,TAB,570167,570168
Memphis Grizzlies v Sacramento Kings,Memphis Grizzlies,Sacramento Kings,Maxime Raynaud,Sacramento Kings,Memphis Grizzlies,Player Rebounds,10.5,1.85,1.9,TAB,569307,569308
Memphis Grizzlies v Sacramento Kings,Memphis Grizzlies,Sacramento Kings,Nique Clifford,Sacramento Kings,Memphis Grizzlies,Player Rebounds,4.5,2,1.75,TAB,569993,569994
Memphis Grizzlies v Sacramento Kings,Memphis Grizzlies,Sacramento Kings,NA,NA,NA,Player Rebounds,5.5,1.8,1.95,TAB,569761,569762
Memphis Grizzlies v Sacramento Kings,Memphis Grizzlies,Sacramento Kings,Precious Achiuwa,Sacramento Kings,Memphis Grizzlies,Player Rebounds,6.5,1.9,1.85,TAB,569599,569600
Memphis Grizzlies v Sacramento Kings,Memphis Grizzlies,Sacramento Kings,Russell Westbrook,Sacramento Kings,Memphis Grizzlies,Player Rebounds,3.5,1.72,2.05,TAB,569945,569946
Memphis Grizzlies v Sacramento Kings,Memphis Grizzlies,Sacramento Kings,NA,NA,NA,Player Rebounds,3.5,2.15,1.65,TAB,569875,569876
Memphis Grizzlies v Sacramento Kings,Memphis Grizzlies,Sacramento Kings,Taylor Hendricks,Memphis Grizzlies,Sacramento Kings,Player Rebounds,6.5,2.25,1.6,TAB,569919,569920
Memphis Grizzlies v Sacramento Kings,Memphis Grizzlies,Sacramento Kings,Walter Clayton Jr.,Memphis Grizzlies,Sacramento Kings,Player Rebounds,3.5,2.2,1.62,TAB,569295,569296
Houston Rockets v Utah Jazz,Houston Rockets,Utah Jazz,Clint Capela,Houston Rockets,Utah Jazz,Player Rebounds,1.5,1.05,NA,TAB,645702,NA
Houston Rockets v Utah Jazz,Houston Rockets,Utah Jazz,Ace Bailey,Utah Jazz,Houston Rockets,Player Rebounds,1.5,1.07,NA,TAB,645699,NA
Houston Rockets v Utah Jazz,Houston Rockets,Utah Jazz,John Konchar,Utah Jazz,Houston Rockets,Player Rebounds,1.5,1.11,NA,TAB,645703,NA
Houston Rockets v Utah Jazz,Houston Rockets,Utah Jazz,Cody Williams,Utah Jazz,Houston Rockets,Player Rebounds,1.5,1.22,NA,TAB,645707,NA
Houston Rockets v Utah Jazz,Houston Rockets,Utah Jazz,Brice Sensabaugh,Utah Jazz,Houston Rockets,Player Rebounds,1.5,1.24,NA,TAB,645704,NA
Houston Rockets v Utah Jazz,Houston Rockets,Utah Jazz,Dorian Finney-Smith,Houston Rockets,Utah Jazz,Player Rebounds,1.5,1.28,NA,TAB,645706,NA
Houston Rockets v Utah Jazz,Houston Rockets,Utah Jazz,Vince Williams Jr.,Utah Jazz,Houston Rockets,Player Rebounds,1.5,1.3,NA,TAB,645700,NA
Houston Rockets v Utah Jazz,Houston Rockets,Utah Jazz,Isaiah Collier,Utah Jazz,Houston Rockets,Player Rebounds,1.5,1.3,NA,TAB,645708,NA
Houston Rockets v Utah Jazz,Houston Rockets,Utah Jazz,Reed Sheppard,Houston Rockets,Utah Jazz,Player Rebounds,1.5,1.42,NA,TAB,645710,NA
Houston Rockets v Utah Jazz,Houston Rockets,Utah Jazz,Jabari Smith Jr.,Houston Rockets,Utah Jazz,Player Rebounds,3.5,1.03,NA,TAB,645717,NA
Houston Rockets v Utah Jazz,Houston Rockets,Utah Jazz,Kyle Filipowski,Utah Jazz,Houston Rockets,Player Rebounds,3.5,1.04,NA,TAB,645715,NA
Houston Rockets v Utah Jazz,Houston Rockets,Utah Jazz,Amen Thompson,Houston Rockets,Utah Jazz,Player Rebounds,3.5,1.04,NA,TAB,645716,NA
Houston Rockets v Utah Jazz,Houston Rockets,Utah Jazz,Tari Eason,Houston Rockets,Utah Jazz,Player Rebounds,3.5,1.05,NA,TAB,645718,NA
Houston Rockets v Utah Jazz,Houston Rockets,Utah Jazz,Kevin Durant,Houston Rockets,Utah Jazz,Player Rebounds,3.5,1.26,NA,TAB,645720,NA
Houston Rockets v Utah Jazz,Houston Rockets,Utah Jazz,Clint Capela,Houston Rockets,Utah Jazz,Player Rebounds,3.5,1.38,NA,TAB,645725,NA
Houston Rockets v Utah Jazz,Houston Rockets,Utah Jazz,Lauri Markkanen,Utah Jazz,Houston Rockets,Player Rebounds,3.5,1.4,NA,TAB,645719,NA
Houston Rockets v Utah Jazz,Houston Rockets,Utah Jazz,Ace Bailey,Utah Jazz,Houston Rockets,Player Rebounds,3.5,1.58,NA,TAB,645721,NA
Houston Rockets v Utah Jazz,Houston Rockets,Utah Jazz,John Konchar,Utah Jazz,Houston Rockets,Player Rebounds,3.5,1.65,NA,TAB,645727,NA
Houston Rockets v Utah Jazz,Houston Rockets,Utah Jazz,Brice Sensabaugh,Utah Jazz,Houston Rockets,Player Rebounds,3.5,2.3,NA,TAB,645729,NA
Houston Rockets v Utah Jazz,Houston Rockets,Utah Jazz,Vince Williams Jr.,Utah Jazz,Houston Rockets,Player Rebounds,3.5,2.4,NA,TAB,645722,NA
Houston Rockets v Utah Jazz,Houston Rockets,Utah Jazz,Dorian Finney-Smith,Houston Rockets,Utah Jazz,Player Rebounds,3.5,2.5,NA,TAB,645730,NA
Houston Rockets v Utah Jazz,Houston Rockets,Utah Jazz,Alperen Sengun,Houston Rockets,Utah Jazz,Player Rebounds,5.5,1.11,NA,TAB,645731,NA
Houston Rockets v Utah Jazz,Houston Rockets,Utah Jazz,Kyle Filipowski,Utah Jazz,Houston Rockets,Player Rebounds,5.5,1.26,NA,TAB,645732,NA
Houston Rockets v Utah Jazz,Houston Rockets,Utah Jazz,Amen Thompson,Houston Rockets,Utah Jazz,Player Rebounds,5.5,1.35,NA,TAB,645733,NA
Houston Rockets v Utah Jazz,Houston Rockets,Utah Jazz,Jabari Smith Jr.,Houston Rockets,Utah Jazz,Player Rebounds,5.5,1.36,NA,TAB,645734,NA
Houston Rockets v Utah Jazz,Houston Rockets,Utah Jazz,Tari Eason,Houston Rockets,Utah Jazz,Player Rebounds,5.5,1.42,NA,TAB,645735,NA
Houston Rockets v Utah Jazz,Houston Rockets,Utah Jazz,Kevin Durant,Houston Rockets,Utah Jazz,Player Rebounds,5.5,2.05,NA,TAB,645737,NA
Houston Rockets v Utah Jazz,Houston Rockets,Utah Jazz,Clint Capela,Houston Rockets,Utah Jazz,Player Rebounds,5.5,2.1,NA,TAB,645742,NA
Houston Rockets v Utah Jazz,Houston Rockets,Utah Jazz,Lauri Markkanen,Utah Jazz,Houston Rockets,Player Rebounds,5.5,2.3,NA,TAB,645736,NA
Houston Rockets v Utah Jazz,Houston Rockets,Utah Jazz,Ace Bailey,Utah Jazz,Houston Rockets,Player Rebounds,5.5,3.1,NA,TAB,645738,NA
Houston Rockets v Utah Jazz,Houston Rockets,Utah Jazz,John Konchar,Utah Jazz,Houston Rockets,Player Rebounds,5.5,3.3,NA,TAB,645744,NA
Houston Rockets v Utah Jazz,Houston Rockets,Utah Jazz,Vince Williams Jr.,Utah Jazz,Houston Rockets,Player Rebounds,5.5,6.5,NA,TAB,645739,NA
Houston Rockets v Utah Jazz,Houston Rockets,Utah Jazz,Brice Sensabaugh,Utah Jazz,Houston Rockets,Player Rebounds,5.5,7,NA,TAB,645746,NA
Houston Rockets v Utah Jazz,Houston Rockets,Utah Jazz,Alperen Sengun,Houston Rockets,Utah Jazz,Player Rebounds,7.5,1.42,NA,TAB,645747,NA
Houston Rockets v Utah Jazz,Houston Rockets,Utah Jazz,Kyle Filipowski,Utah Jazz,Houston Rockets,Player Rebounds,7.5,1.7,NA,TAB,645748,NA
Houston Rockets v Utah Jazz,Houston Rockets,Utah Jazz,Amen Thompson,Houston Rockets,Utah Jazz,Player Rebounds,7.5,2.05,NA,TAB,645749,NA
Houston Rockets v Utah Jazz,Houston Rockets,Utah Jazz,Jabari Smith Jr.,Houston Rockets,Utah Jazz,Player Rebounds,7.5,2.15,NA,TAB,645750,NA
Houston Rockets v Utah Jazz,Houston Rockets,Utah Jazz,Tari Eason,Houston Rockets,Utah Jazz,Player Rebounds,7.5,2.2,NA,TAB,645751,NA
Houston Rockets v Utah Jazz,Houston Rockets,Utah Jazz,Clint Capela,Houston Rockets,Utah Jazz,Player Rebounds,7.5,3.6,NA,TAB,645756,NA
Houston Rockets v Utah Jazz,Houston Rockets,Utah Jazz,Kevin Durant,Houston Rockets,Utah Jazz,Player Rebounds,7.5,4.5,NA,TAB,645753,NA
Houston Rockets v Utah Jazz,Houston Rockets,Utah Jazz,Lauri Markkanen,Utah Jazz,Houston Rockets,Player Rebounds,7.5,4.75,NA,TAB,645752,NA
Houston Rockets v Utah Jazz,Houston Rockets,Utah Jazz,Ace Bailey,Utah Jazz,Houston Rockets,Player Rebounds,7.5,9,NA,TAB,645754,NA
Houston Rockets v Utah Jazz,Houston Rockets,Utah Jazz,Alperen Sengun,Houston Rockets,Utah Jazz,Player Rebounds,9.5,2.05,NA,TAB,645758,NA
Houston Rockets v Utah Jazz,Houston Rockets,Utah Jazz,Kyle Filipowski,Utah Jazz,Houston Rockets,Player Rebounds,9.5,2.5,NA,TAB,645757,NA
Houston Rockets v Utah Jazz,Houston Rockets,Utah Jazz,Amen Thompson,Houston Rockets,Utah Jazz,Player Rebounds,9.5,3.75,NA,TAB,645759,NA
Houston Rockets v Utah Jazz,Houston Rockets,Utah Jazz,Jabari Smith Jr.,Houston Rockets,Utah Jazz,Player Rebounds,9.5,4,NA,TAB,645760,NA
Houston Rockets v Utah Jazz,Houston Rockets,Utah Jazz,Tari Eason,Houston Rockets,Utah Jazz,Player Rebounds,9.5,4,NA,TAB,645761,NA
Houston Rockets v Utah Jazz,Houston Rockets,Utah Jazz,Clint Capela,Houston Rockets,Utah Jazz,Player Rebounds,9.5,7,NA,TAB,645764,NA
Houston Rockets v Utah Jazz,Houston Rockets,Utah Jazz,Lauri Markkanen,Utah Jazz,Houston Rockets,Player Rebounds,9.5,9,NA,TAB,645762,NA
Houston Rockets v Utah Jazz,Houston Rockets,Utah Jazz,Alperen Sengun,Houston Rockets,Utah Jazz,Player Rebounds,11.5,3.4,NA,TAB,645766,NA
Houston Rockets v Utah Jazz,Houston Rockets,Utah Jazz,Kyle Filipowski,Utah Jazz,Houston Rockets,Player Rebounds,11.5,4.25,NA,TAB,645765,NA
Houston Rockets v Utah Jazz,Houston Rockets,Utah Jazz,Amen Thompson,Houston Rockets,Utah Jazz,Player Rebounds,11.5,8.5,NA,TAB,645767,NA
Houston Rockets v Utah Jazz,Houston Rockets,Utah Jazz,Kyle Filipowski,Utah Jazz,Houston Rockets,Player Rebounds,13.5,8.5,NA,TAB,645907,NA
