match,home_team,away_team,date,line,player_name,player_team,opposition_team,over_price,under_price,agency,market_name
LA Clippers v Indiana Pacers,LA Clippers,Indiana Pacers,2026-03-05,9.5,NA Aaron Nesmith,NA,NA,1.76,2,Unibet,Player Points
LA Clippers v Indiana Pacers,LA Clippers,Indiana Pacers,2026-03-05,10.5,NA Aaron Nesmith,NA,NA,2.05,1.72,Unibet,Player Points
LA Clippers v Indiana Pacers,LA Clippers,Indiana Pacers,2026-03-05,13.5,NA Andrew Nembhard,NA,NA,1.76,2,Unibet,Player Points
LA Clippers v Indiana Pacers,LA Clippers,Indiana Pacers,2026-03-05,14.5,NA Andrew Nembhard,NA,NA,2,1.75,Unibet,Player Points
LA Clippers v Indiana Pacers,LA Clippers,Indiana Pacers,2026-03-05,18.5,NA Bennedict Mathurin,NA,NA,1.72,2.05,Unibet,Player Points
LA Clippers v Indiana Pacers,LA Clippers,Indiana Pacers,2026-03-05,19.5,NA Bennedict Mathurin,NA,NA,1.93,1.82,Unibet,Player Points
LA Clippers v Indiana Pacers,LA Clippers,Indiana Pacers,2026-03-05,20.5,NA Bennedict Mathurin,NA,NA,2.17,1.62,Unibet,Player Points
LA Clippers v Indiana Pacers,LA Clippers,Indiana Pacers,2026-03-05,8.5,NA Brook Lopez,NA,NA,1.61,2.18,Unibet,Player Points
LA Clippers v Indiana Pacers,LA Clippers,Indiana Pacers,2026-03-05,9.5,NA Brook Lopez,NA,NA,1.87,1.87,Unibet,Player Points
LA Clippers v Indiana Pacers,LA Clippers,Indiana Pacers,2026-03-05,10.5,NA Brook Lopez,NA,NA,2.2,1.6,Unibet,Player Points
LA Clippers v Indiana Pacers,LA Clippers,Indiana Pacers,2026-03-05,13.5,NA Darius Garland,NA,NA,1.74,2.02,Unibet,Player Points
LA Clippers v Indiana Pacers,LA Clippers,Indiana Pacers,2026-03-05,14.5,NA Darius Garland,NA,NA,1.97,1.77,Unibet,Player Points
LA Clippers v Indiana Pacers,LA Clippers,Indiana Pacers,2026-03-05,11.5,NA Derrick Jones Jr.,NA,NA,1.7,2.07,Unibet,Player Points
LA Clippers v Indiana Pacers,LA Clippers,Indiana Pacers,2026-03-05,12.5,NA Derrick Jones Jr.,NA,NA,1.96,1.78,Unibet,Player Points
LA Clippers v Indiana Pacers,LA Clippers,Indiana Pacers,2026-03-05,11.5,NA Jarace Walker,NA,NA,1.63,2.16,Unibet,Player Points
LA Clippers v Indiana Pacers,LA Clippers,Indiana Pacers,2026-03-05,12.5,NA Jarace Walker,NA,NA,1.87,1.87,Unibet,Player Points
LA Clippers v Indiana Pacers,LA Clippers,Indiana Pacers,2026-03-05,13.5,NA Jarace Walker,NA,NA,2.14,1.64,Unibet,Player Points
LA Clippers v Indiana Pacers,LA Clippers,Indiana Pacers,2026-03-05,9.5,NA Jay Huff,NA,NA,1.78,1.96,Unibet,Player Points
LA Clippers v Indiana Pacers,LA Clippers,Indiana Pacers,2026-03-05,10.5,NA Jay Huff,NA,NA,2.08,1.68,Unibet,Player Points
LA Clippers v Indiana Pacers,LA Clippers,Indiana Pacers,2026-03-05,26.5,NA Kawhi Leonard,NA,NA,1.64,2.15,Unibet,Player Points
LA Clippers v Indiana Pacers,LA Clippers,Indiana Pacers,2026-03-05,27.5,NA Kawhi Leonard,NA,NA,1.81,1.93,Unibet,Player Points
LA Clippers v Indiana Pacers,LA Clippers,Indiana Pacers,2026-03-05,28.5,NA Kawhi Leonard,NA,NA,2.02,1.74,Unibet,Player Points
LA Clippers v Indiana Pacers,LA Clippers,Indiana Pacers,2026-03-05,6.5,NA Kobe Sanders,NA,NA,1.83,1.89,Unibet,Player Points
LA Clippers v Indiana Pacers,LA Clippers,Indiana Pacers,2026-03-05,7.5,NA Kris Dunn,NA,NA,1.78,1.97,Unibet,Player Points
LA Clippers v Indiana Pacers,LA Clippers,Indiana Pacers,2026-03-05,8.5,NA Kris Dunn,NA,NA,2.12,1.65,Unibet,Player Points
LA Clippers v Indiana Pacers,LA Clippers,Indiana Pacers,2026-03-05,18.5,NA Pascal Siakam,NA,NA,1.71,2.06,Unibet,Player Points
LA Clippers v Indiana Pacers,LA Clippers,Indiana Pacers,2026-03-05,19.5,NA Pascal Siakam,NA,NA,1.91,1.83,Unibet,Player Points
LA Clippers v Indiana Pacers,LA Clippers,Indiana Pacers,2026-03-05,20.5,NA Pascal Siakam,NA,NA,2.15,1.63,Unibet,Player Points
LA Clippers v Indiana Pacers,LA Clippers,Indiana Pacers,2026-03-05,7.5,NA T.J. McConnell,NA,NA,1.78,1.95,Unibet,Player Points
LA Clippers v Indiana Pacers,LA Clippers,Indiana Pacers,2026-03-05,8.5,NA T.J. McConnell,NA,NA,2.2,1.6,Unibet,Player Points
