gameId,teamId,teamCity,teamName,teamTricode,teamSlug,minutes,estimatedOffensiveRating,offensiveRating,estimatedDefensiveRating,defensiveRating,estimatedNetRating,netRating,assistPercentage,assistToTurnover,assistRatio,offensiveReboundPercentage,defensiveReboundPercentage,reboundPercentage,estimatedTeamTurnoverPercentage,turnoverRatio,effectiveFieldGoalPercentage,trueShootingPercentage,usagePercentage,estimatedUsagePercentage,estimatedPace,pace,pacePer40,possessions,PIE
0022400172,1610612738,Boston,Celtics,BOS,celtics,240:00,114.0,116.7,121.0,122.9,-6.9,-6.3,0.579,1.83,16.5,0.291,0.692,0.486,12.215,12.5,0.528,0.564,1.0,0.198,97.9,96.0,80.0,96.0,0.461
0022400172,1610612744,Golden State,Warriors,GSW,warriors,240:00,121.0,122.9,114.0,116.7,6.9,6.3,0.524,2.0,16.3,0.308,0.709,0.514,11.275,11.5,0.538,0.581,1.0,0.197,97.9,96.0,80.0,96.0,0.539
0022400144,1610612745,Houston,Rockets,HOU,rockets,265:00,109.4,113.1,121.0,118.7,-11.5,-5.6,0.614,2.45,17.4,0.364,0.745,0.522,9.949,10.3,0.481,0.515,1.0,0.201,97.61,96.91,80.75,107.0,0.446
0022400144,1610612744,Golden State,Warriors,GSW,warriors,265:00,121.0,118.7,109.4,113.1,11.5,5.6,0.65,1.86,18.6,0.255,0.636,0.478,13.333,13.1,0.609,0.635,1.0,0.202,97.61,96.91,80.75,107.0,0.554
0022400151,1610612751,Brooklyn,Nets,BKN,nets,240:00,97.2,98.9,105.5,112.8,-8.3,-13.8,0.719,1.64,18.9,0.136,0.605,0.368,14.793,15.1,0.514,0.543,1.0,0.197,97.54,93.5,77.92,93.0,0.407
0022400151,1610612765,Detroit,Pistons,DET,pistons,240:00,105.5,112.8,97.2,98.9,8.3,13.8,0.676,1.19,18.6,0.395,0.864,0.632,20.908,22.3,0.552,0.599,1.0,0.19,97.54,93.5,77.92,94.0,0.593
0022400107,1610612761,Toronto,Raptors,TOR,raptors,265:00,108.5,109.6,115.2,112.4,-6.8,-2.7,0.612,2.0,18.4,0.387,0.712,0.535,13.016,13.2,0.495,0.529,1.0,0.2,102.09,102.79,85.66,114.0,0.469
0022400107,1610612743,Denver,Nuggets,DEN,nuggets,265:00,115.2,112.4,108.5,109.6,6.8,2.7,0.617,1.81,18.8,0.288,0.613,0.465,14.519,14.2,0.536,0.582,1.0,0.201,102.09,102.79,85.66,113.0,0.531
0022400174,1610612763,Memphis,Grizzlies,MEM,grizzlies,240:00,120.1,127.2,109.4,111.8,10.7,15.4,0.583,1.56,18.8,0.388,0.788,0.594,16.496,17.5,0.608,0.635,1.0,0.196,106.68,102.5,85.42,103.0,0.57
0022400174,1610612747,Los Angeles,Lakers,LAL,lakers,240:00,109.4,111.8,120.1,127.2,-10.7,-15.4,0.561,2.09,16.9,0.212,0.612,0.406,10.553,10.8,0.522,0.558,1.0,0.198,106.68,102.5,85.42,102.0,0.43
0022400150,1610612746,LA,Clippers,LAC,clippers,240:00,89.8,92.0,103.6,105.0,-13.8,-13.0,0.719,1.05,17.0,0.264,0.88,0.563,21.476,22.0,0.475,0.509,1.0,0.196,101.9,100.0,83.33,100.0,0.445
0022400150,1610612760,Oklahoma City,Thunder,OKC,thunder,240:00,103.6,105.0,89.8,92.0,13.8,13.0,0.694,2.08,19.3,0.12,0.736,0.437,11.839,12.0,0.524,0.568,1.0,0.199,101.9,100.0,83.33,100.0,0.555
0022400099,1610612757,Portland,Trail Blazers,POR,blazers,240:00,123.7,128.9,102.4,106.2,21.2,22.7,0.581,1.56,16.9,0.5,0.604,0.551,15.829,16.5,0.538,0.584,1.0,0.198,100.82,97.0,80.83,97.0,0.584
0022400099,1610612740,New Orleans,Pelicans,NOP,pelicans,240:00,102.4,106.2,123.7,128.9,-21.2,-22.7,0.632,1.41,17.2,0.396,0.5,0.449,16.905,17.5,0.477,0.523,1.0,0.197,100.82,97.0,80.83,97.0,0.416
0022400133,1610612739,Cleveland,Cavaliers,CLE,cavaliers,240:00,117.9,117.6,101.3,107.9,16.5,9.7,0.568,1.92,18.7,0.222,0.778,0.525,12.77,12.7,0.592,0.626,1.0,0.199,104.68,101.5,84.58,102.0,0.556
0022400133,1610612753,Orlando,Magic,ORL,magic,240:00,101.3,107.9,117.9,117.6,-16.5,-9.7,0.634,1.86,18.5,0.222,0.778,0.475,13.016,13.9,0.517,0.542,1.0,0.197,104.68,101.5,84.58,101.0,0.444
0022400128,1610612763,Memphis,Grizzlies,MEM,grizzlies,240:00,115.5,116.2,94.0,96.1,21.5,20.1,0.605,1.53,18.8,0.268,0.82,0.598,16.092,16.2,0.573,0.638,1.0,0.195,105.5,104.0,86.67,105.0,0.675
0022400128,1610612749,Milwaukee,Bucks,MIL,bucks,240:00,94.0,96.1,115.5,116.2,-21.5,-20.1,0.488,2.0,14.9,0.18,0.732,0.402,9.491,9.7,0.474,0.474,1.0,0.198,105.5,104.0,86.67,103.0,0.325
0022400137,1610612761,Toronto,Raptors,TOR,raptors,240:00,115.0,121.4,122.4,127.2,-7.4,-5.8,0.673,3.18,22.1,0.375,0.688,0.519,10.118,10.7,0.533,0.554,1.0,0.197,107.88,103.0,85.83,103.0,0.452
0022400137,1610612747,Los Angeles,Lakers,LAL,lakers,240:00,122.4,127.2,115.0,121.4,7.4,5.8,0.69,2.9,20.0,0.313,0.625,0.481,9.342,9.7,0.54,0.618,1.0,0.2,107.88,103.0,85.83,103.0,0.548
0022400175,1610612740,New Orleans,Pelicans,NOP,pelicans,240:00,119.2,124.5,127.5,131.0,-8.3,-6.5,0.5,2.1,16.0,0.25,0.609,0.426,9.773,10.2,0.551,0.608,1.0,0.198,102.52,99.0,82.5,98.0,0.453
0022400175,1610612739,Cleveland,Cavaliers,CLE,cavaliers,240:00,127.5,131.0,119.2,124.5,8.3,6.5,0.635,2.54,22.3,0.391,0.75,0.574,12.656,13.0,0.63,0.644,1.0,0.195,102.52,99.0,82.5,100.0,0.547
0022400119,1610612754,Indiana,Pacers,IND,pacers,265:00,114.8,112.5,111.3,112.8,3.6,-0.3,0.66,1.74,19.8,0.345,0.676,0.528,16.162,15.8,0.553,0.589,1.0,0.199,106.96,107.32,89.43,120.0,0.543
0022400119,1610612738,Boston,Celtics,BOS,celtics,265:00,111.3,112.8,114.8,112.5,-3.6,0.3,0.523,1.64,14.4,0.324,0.655,0.472,11.8,12.0,0.491,0.538,1.0,0.202,106.96,107.32,89.43,117.0,0.457
0022400098,1610612751,Brooklyn,Nets,BKN,nets,240:00,113.7,116.2,103.4,103.0,10.3,13.1,0.59,1.92,16.9,0.283,0.795,0.515,11.867,12.1,0.516,0.569,1.0,0.198,99.88,99.0,82.5,99.0,0.523
0022400098,1610612749,Milwaukee,Bucks,MIL,bucks,240:00,103.4,103.0,113.7,116.2,-10.3,-13.1,0.606,1.11,15.9,0.205,0.717,0.485,18.248,18.2,0.514,0.582,1.0,0.201,99.88,99.0,82.5,99.0,0.477
0022400149,1610612756,Phoenix,Suns,PHX,suns,240:00,99.3,100.0,89.9,95.1,9.4,4.9,0.829,2.07,19.9,0.279,0.747,0.537,13.503,13.6,0.468,0.502,1.0,0.197,105.76,102.5,85.42,103.0,0.59
0022400149,1610612757,Portland,Trail Blazers,POR,blazers,240:00,89.9,95.1,99.3,100.0,-9.4,-4.9,0.459,2.83,12.2,0.253,0.721,0.463,5.564,5.9,0.396,0.419,1.0,0.197,105.76,102.5,85.42,102.0,0.41
0022400139,1610612750,Minnesota,Timberwolves,MIN,timberwolves,240:00,119.1,119.0,112.9,114.9,6.2,4.1,0.791,2.0,24.0,0.244,0.6,0.448,17.014,17.0,0.627,0.654,1.0,0.198,101.34,100.5,83.75,100.0,0.527
0022400139,1610612743,Denver,Nuggets,DEN,nuggets,240:00,112.9,114.9,119.1,119.0,-6.2,-4.1,0.732,2.0,20.0,0.4,0.756,0.552,14.597,14.9,0.505,0.554,1.0,0.195,101.34,100.5,83.75,101.0,0.473
0022400078,1610612761,Toronto,Raptors,TOR,raptors,240:00,109.3,113.9,101.6,104.9,7.7,9.0,0.714,0.93,16.9,0.523,0.727,0.636,25.656,26.7,0.5,0.597,1.0,0.198,105.28,101.5,84.58,101.0,0.632
0022400078,1610612755,Philadelphia,76ers,PHI,sixers,240:00,101.6,104.9,109.3,113.9,-7.7,-9.0,0.655,1.19,14.1,0.273,0.477,0.364,15.192,15.7,0.441,0.539,1.0,0.198,105.28,101.5,84.58,102.0,0.368
0022400145,1610612749,Milwaukee,Bucks,MIL,bucks,240:00,114.6,117.7,120.5,118.8,-5.9,-1.0,0.558,1.85,18.1,0.275,0.771,0.515,13.185,13.5,0.584,0.591,1.0,0.199,96.6,96.0,80.0,96.0,0.457
0022400145,1610612739,Cleveland,Cavaliers,CLE,cavaliers,240:00,120.5,118.8,114.6,117.7,5.9,1.0,0.705,4.43,22.9,0.229,0.725,0.485,7.4,7.3,0.566,0.584,1.0,0.201,96.6,96.0,80.0,96.0,0.543
0022400118,1610612739,Cleveland,Cavaliers,CLE,cavaliers,240:00,125.8,127.6,102.3,104.8,23.5,22.9,0.661,3.08,24.7,0.19,0.78,0.482,11.265,11.4,0.665,0.667,1.0,0.197,107.02,105.0,87.5,105.0,0.579
0022400118,1610612747,Los Angeles,Lakers,LAL,lakers,240:00,102.3,104.8,125.8,127.6,-23.5,-22.9,0.553,1.0,15.7,0.22,0.81,0.518,19.531,20.0,0.532,0.601,1.0,0.197,107.02,105.0,87.5,105.0,0.421
0022400154,1610612739,Cleveland,Cavaliers,CLE,cavaliers,240:00,114.0,114.9,113.3,112.9,0.7,2.0,0.609,2.8,20.8,0.14,0.818,0.457,9.831,9.9,0.599,0.6,1.0,0.199,101.16,101.0,84.17,101.0,0.507
0022400154,1610612749,Milwaukee,Bucks,MIL,bucks,240:00,113.3,112.9,114.0,114.9,-0.7,-2.0,0.5,1.4,16.3,0.182,0.86,0.543,14.911,14.9,0.587,0.616,1.0,0.199,101.16,101.0,84.17,101.0,0.493
0022400082,1610612745,Houston,Rockets,HOU,rockets,240:00,116.5,117.4,96.6,100.0,20.0,17.4,0.465,1.05,13.1,0.467,0.683,0.575,17.298,17.4,0.526,0.562,1.0,0.199,110.84,108.5,90.42,109.0,0.581
0022400082,1610612763,Memphis,Grizzlies,MEM,grizzlies,240:00,96.6,100.0,116.5,117.4,-20.0,-17.4,0.632,1.26,16.0,0.317,0.533,0.425,16.989,17.6,0.473,0.505,1.0,0.197,110.84,108.5,90.42,108.0,0.419
0022400198,1610612737,Atlanta,Hawks,ATL,hawks,240:00,106.4,106.6,116.7,120.2,-10.3,-13.6,0.756,2.21,21.1,0.294,0.667,0.475,13.183,13.2,0.511,0.553,1.0,0.2,106.66,105.0,87.5,106.0,0.442
0022400198,1610612741,Chicago,Bulls,CHI,bulls,240:00,116.7,120.2,106.4,106.6,10.3,13.6,0.652,1.67,20.0,0.333,0.706,0.525,16.804,17.3,0.571,0.612,1.0,0.198,106.66,105.0,87.5,104.0,0.558
0022400141,1610612766,Charlotte,Hornets,CHA,hornets,240:00,102.0,106.2,111.5,116.5,-9.5,-10.3,0.6,1.85,18.2,0.25,0.681,0.455,12.876,13.4,0.533,0.542,1.0,0.2,101.14,97.0,80.83,97.0,0.429
0022400141,1610612738,Boston,Celtics,BOS,celtics,240:00,111.5,116.5,102.0,106.2,9.5,10.3,0.639,1.53,17.4,0.319,0.75,0.545,14.805,15.5,0.537,0.599,1.0,0.199,101.14,97.0,80.83,97.0,0.571
0022400112,1610612758,Sacramento,Kings,SAC,kings,240:00,112.1,114.4,95.9,100.0,16.2,14.4,0.676,1.56,18.8,0.244,0.673,0.474,16.162,16.5,0.543,0.603,1.0,0.196,100.6,97.5,81.25,97.0,0.579
0022400112,1610612757,Portland,Trail Blazers,POR,blazers,240:00,95.9,100.0,112.1,114.4,-16.2,-14.4,0.486,0.94,13.0,0.327,0.756,0.526,17.613,18.4,0.446,0.509,1.0,0.198,100.6,97.5,81.25,98.0,0.421
0022400192,1610612760,Oklahoma City,Thunder,OKC,thunder,240:00,121.0,122.3,102.5,103.9,18.6,18.4,0.522,2.18,17.8,0.213,0.691,0.471,10.565,10.7,0.589,0.629,1.0,0.198,104.28,103.0,85.83,103.0,0.595
0022400192,1610612745,Houston,Rockets,HOU,rockets,240:00,102.5,103.9,121.0,122.3,-18.6,-18.4,0.487,1.12,13.8,0.309,0.787,0.529,16.277,16.5,0.494,0.527,1.0,0.199,104.28,103.0,85.83,103.0,0.405
0022400186,1610612753,Orlando,Magic,ORL,magic,240:00,115.9,119.8,86.7,91.7,29.2,28.1,0.622,1.87,20.3,0.366,0.736,0.574,15.115,15.6,0.57,0.604,1.0,0.194,100.36,96.0,80.0,96.0,0.687
0022400186,1610612740,New Orleans,Pelicans,NOP,pelicans,240:00,86.7,91.7,115.9,119.8,-29.2,-28.1,0.563,1.13,14.3,0.264,0.634,0.426,15.767,16.7,0.44,0.481,1.0,0.199,100.36,96.0,80.0,96.0,0.313
0022400091,1610612741,Chicago,Bulls,CHI,bulls,240:00,81.4,82.6,97.6,99.1,-16.2,-16.5,0.719,0.88,15.3,0.222,0.828,0.528,22.283,22.6,0.429,0.467,1.0,0.199,116.74,115.0,95.83,115.0,0.392
0022400091,1610612760,Oklahoma City,Thunder,OKC,thunder,240:00,97.6,99.1,81.4,82.6,16.2,16.5,0.467,2.1,14.3,0.172,0.778,0.472,8.562,8.7,0.458,0.492,1.0,0.197,116.74,115.0,95.83,115.0,0.608
0022400126,1610612744,Golden State,Warriors,GSW,warriors,240:00,111.0,111.8,92.9,94.7,18.1,17.1,0.78,2.29,23.1,0.304,0.639,0.495,14.938,15.1,0.546,0.561,1.0,0.197,94.76,93.5,77.92,93.0,0.59
0022400126,1610612740,New Orleans,Pelicans,NOP,pelicans,240:00,92.9,94.7,111.0,111.8,-18.1,-17.1,0.727,1.6,17.4,0.361,0.696,0.505,15.658,16.0,0.428,0.45,1.0,0.197,94.76,93.5,77.92,94.0,0.41
0022400123,1610612741,Chicago,Bulls,CHI,bulls,240:00,101.0,100.0,98.2,97.1,2.8,2.9,0.639,1.53,17.3,0.216,0.865,0.544,14.851,14.7,0.506,0.537,1.0,0.2,100.9,102.0,85.0,102.0,0.507
0022400123,1610612753,Orlando,Magic,ORL,magic,240:00,98.2,97.1,101.0,100.0,-2.8,-2.9,0.714,2.08,19.0,0.135,0.784,0.456,11.905,11.8,0.471,0.522,1.0,0.2,100.9,102.0,85.0,102.0,0.493
0022400069,1610612740,New Orleans,Pelicans,NOP,pelicans,240:00,110.6,113.9,101.8,102.8,8.7,11.1,0.644,2.42,19.7,0.231,0.78,0.5,10.787,11.1,0.536,0.579,1.0,0.198,110.12,108.0,90.0,108.0,0.572
0022400069,1610612741,Chicago,Bulls,CHI,bulls,240:00,101.8,102.8,110.6,113.9,-8.7,-11.1,0.619,1.24,18.1,0.22,0.769,0.5,19.266,19.4,0.547,0.572,1.0,0.198,110.12,108.0,90.0,108.0,0.428
0022400122,1610612748,Miami,Heat,MIA,heat,240:00,113.2,112.6,122.4,123.4,-9.2,-10.8,0.73,2.7,21.0,0.217,0.791,0.494,10.575,10.5,0.562,0.584,1.0,0.203,94.68,94.5,78.75,95.0,0.442
0022400122,1610612752,New York,Knicks,NYK,knicks,240:00,122.4,123.4,113.2,112.6,9.2,10.8,0.75,2.73,22.8,0.209,0.783,0.506,11.603,11.7,0.598,0.639,1.0,0.196,94.68,94.5,78.75,94.0,0.558
0022400164,1610612740,New Orleans,Pelicans,NOP,pelicans,240:00,103.1,106.4,123.5,128.3,-20.4,-21.9,0.632,1.5,18.3,0.37,0.634,0.494,16.488,17.0,0.512,0.549,1.0,0.192,96.3,93.0,77.5,94.0,0.405
0022400164,1610612757,Portland,Trail Blazers,POR,blazers,240:00,123.5,128.3,103.1,106.4,20.4,21.9,0.457,1.75,16.5,0.366,0.63,0.506,12.558,13.0,0.607,0.624,1.0,0.199,96.3,93.0,77.5,92.0,0.595
0022400083,1610612749,Milwaukee,Bucks,MIL,bucks,240:00,109.9,114.0,124.2,122.0,-14.2,-8.0,0.522,1.6,16.8,0.24,0.78,0.51,13.514,14.0,0.565,0.587,1.0,0.198,109.06,108.0,90.0,107.0,0.45
0022400083,1610612741,Chicago,Bulls,CHI,bulls,240:00,124.2,122.0,109.9,114.0,14.2,8.0,0.652,3.0,20.5,0.22,0.76,0.49,9.335,9.2,0.589,0.627,1.0,0.198,109.06,108.0,90.0,109.0,0.55
0022400074,1610612742,Dallas,Mavericks,DAL,mavericks,240:00,114.2,115.4,105.3,103.8,8.9,11.6,0.643,2.7,18.1,0.302,0.714,0.482,9.513,9.6,0.505,0.535,1.0,0.198,104.34,104.5,87.08,104.0,0.496
0022400074,1610612759,San Antonio,Spurs,SAS,spurs,240:00,105.3,103.8,114.2,115.4,-8.9,-11.6,0.769,1.58,20.6,0.286,0.698,0.518,18.347,18.1,0.523,0.564,1.0,0.201,104.34,104.5,87.08,105.0,0.504
0022400187,1610612738,Boston,Celtics,BOS,celtics,265:00,100.6,106.9,96.7,103.0,3.9,4.0,0.59,1.77,17.1,0.212,0.65,0.446,12.109,12.9,0.511,0.549,1.0,0.198,97.34,91.47,76.23,101.0,0.539
0022400187,1610612751,Brooklyn,Nets,BKN,nets,265:00,96.7,103.0,100.6,106.9,-3.9,-4.0,0.585,1.85,16.7,0.35,0.788,0.554,12.082,12.9,0.46,0.488,1.0,0.197,97.34,91.47,76.23,101.0,0.461
0022400068,1610612745,Houston,Rockets,HOU,rockets,240:00,101.2,109.4,112.8,114.6,-11.6,-5.2,0.5,2.38,13.7,0.373,0.6,0.47,7.707,8.3,0.432,0.47,1.0,0.199,100.68,96.0,80.0,96.0,0.427
0022400068,1610612766,Charlotte,Hornets,CHA,hornets,240:00,112.8,114.6,101.2,109.4,11.6,5.2,0.526,1.18,15.1,0.4,0.627,0.53,17.425,17.7,0.535,0.576,1.0,0.199,100.68,96.0,80.0,96.0,0.573
0022400125,1610612760,Oklahoma City,Thunder,OKC,thunder,240:00,103.4,106.1,93.3,93.0,10.2,13.1,0.683,2.0,20.8,0.184,0.686,0.44,13.79,14.1,0.556,0.567,1.0,0.193,100.62,99.5,82.92,99.0,0.56
0022400125,1610612759,San Antonio,Spurs,SAS,spurs,240:00,93.3,93.0,103.4,106.1,-10.2,-13.1,0.629,1.0,16.3,0.314,0.816,0.56,22.062,22.0,0.482,0.513,1.0,0.2,100.62,99.5,82.92,100.0,0.44
0022400062,1610612747,Los Angeles,Lakers,LAL,lakers,240:00,112.2,115.8,102.1,109.6,10.1,6.2,0.524,3.14,16.3,0.375,0.63,0.5,7.143,7.4,0.468,0.519,1.0,0.2,99.44,94.5,78.75,95.0,0.575
0022400062,1610612750,Minnesota,Timberwolves,MIN,timberwolves,240:00,102.1,109.6,112.2,115.8,-10.1,-6.2,0.486,1.06,13.1,0.37,0.625,0.5,15.86,17.0,0.488,0.532,1.0,0.198,99.44,94.5,78.75,94.0,0.425
0022400200,1610612746,LA,Clippers,LAC,clippers,240:00,108.2,108.2,100.7,106.2,7.4,2.1,0.514,1.29,14.7,0.233,0.689,0.5,14.421,14.4,0.526,0.583,1.0,0.198,99.66,97.0,80.83,97.0,0.54
0022400200,1610612761,Toronto,Raptors,TOR,raptors,240:00,100.7,106.2,108.2,108.2,-7.4,-2.1,0.65,2.6,18.5,0.311,0.767,0.5,9.781,10.3,0.479,0.494,1.0,0.2,99.66,97.0,80.83,97.0,0.46
0022400132,1610612766,Charlotte,Hornets,CHA,hornets,240:00,108.7,111.2,123.5,125.3,-14.8,-14.0,0.476,1.25,15.1,0.34,0.667,0.495,15.955,16.3,0.566,0.566,1.0,0.196,100.34,98.5,82.08,98.0,0.384
0022400132,1610612738,Boston,Celtics,BOS,celtics,240:00,123.5,125.3,108.7,111.2,14.8,14.0,0.512,2.1,15.9,0.333,0.66,0.505,9.96,10.1,0.552,0.611,1.0,0.196,100.34,98.5,82.08,99.0,0.616
0022400106,1610612752,New York,Knicks,NYK,knicks,240:00,103.1,108.3,112.8,112.2,-9.7,-3.9,0.55,1.38,16.2,0.365,0.705,0.521,15.854,16.7,0.494,0.531,1.0,0.2,99.24,97.0,80.83,96.0,0.453
0022400106,1610612739,Cleveland,Cavaliers,CLE,cavaliers,240:00,112.8,112.2,103.1,108.3,9.7,3.9,0.538,1.5,16.5,0.295,0.635,0.479,14.35,14.3,0.549,0.594,1.0,0.199,99.24,97.0,80.83,98.0,0.547
0022400199,1610612739,Cleveland,Cavaliers,CLE,cavaliers,240:00,111.3,114.1,106.5,108.7,4.8,5.4,0.6,1.5,19.6,0.222,0.674,0.468,16.956,17.4,0.608,0.637,1.0,0.195,94.14,92.0,76.67,92.0,0.562
0022400199,1610612751,Brooklyn,Nets,BKN,nets,240:00,106.5,108.7,111.3,114.1,-4.8,-5.4,0.618,1.05,16.8,0.326,0.778,0.532,21.295,21.7,0.546,0.596,1.0,0.194,94.14,92.0,76.67,92.0,0.438
0022400070,1610612762,Utah,Jazz,UTA,jazz,240:00,115.0,119.2,119.9,120.0,-4.9,-0.8,0.525,1.24,14.7,0.388,0.704,0.553,15.77,16.3,0.529,0.592,1.0,0.195,106.44,104.5,87.08,104.0,0.522
0022400070,1610612763,Memphis,Grizzlies,MEM,grizzlies,240:00,119.9,120.0,115.0,119.2,4.9,0.8,0.651,2.15,19.2,0.296,0.612,0.447,12.372,12.4,0.566,0.6,1.0,0.198,106.44,104.5,87.08,105.0,0.478
0022400158,1610612751,Brooklyn,Nets,BKN,nets,240:00,112.9,115.2,105.3,110.6,7.5,4.6,0.7,2.0,20.9,0.311,0.551,0.436,14.906,15.2,0.554,0.577,1.0,0.198,96.32,93.0,77.5,92.0,0.473
0022400158,1610612763,Memphis,Grizzlies,MEM,grizzlies,240:00,105.3,110.6,112.9,115.2,-7.5,-4.6,0.674,1.93,20.6,0.449,0.689,0.564,15.194,16.0,0.516,0.538,1.0,0.199,96.32,93.0,77.5,94.0,0.527
0022400115,1610612762,Utah,Jazz,UTA,jazz,240:00,95.8,98.0,111.7,115.3,-15.9,-17.3,0.686,1.41,17.6,0.268,0.689,0.455,16.973,17.3,0.472,0.504,1.0,0.198,100.66,98.0,81.67,98.0,0.394
0022400115,1610612758,Sacramento,Kings,SAC,kings,240:00,111.7,115.3,95.8,98.0,15.9,17.3,0.542,2.17,19.1,0.311,0.732,0.545,11.862,12.2,0.565,0.576,1.0,0.198,100.66,98.0,81.67,98.0,0.606
0022400188,1610612739,Cleveland,Cavaliers,CLE,cavaliers,240:00,125.6,127.1,106.2,109.3,19.3,17.8,0.717,1.65,22.0,0.275,0.736,0.538,18.464,18.7,0.659,0.699,1.0,0.198,109.24,107.0,89.17,107.0,0.58
0022400188,1610612744,Golden State,Warriors,GSW,warriors,240:00,106.2,109.3,125.6,127.1,-19.3,-17.8,0.681,1.88,20.9,0.264,0.725,0.462,15.432,15.9,0.546,0.562,1.0,0.198,109.24,107.0,89.17,107.0,0.42
0022400134,1610612765,Detroit,Pistons,DET,pistons,240:00,97.9,99.0,123.8,129.3,-25.9,-30.3,0.561,1.05,17.8,0.195,0.66,0.451,21.982,22.2,0.574,0.583,1.0,0.198,101.74,99.0,82.5,99.0,0.395
0022400134,1610612752,New York,Knicks,NYK,knicks,240:00,123.8,129.3,97.9,99.0,25.9,30.3,0.596,3.1,21.2,0.34,0.805,0.549,9.671,10.1,0.604,0.607,1.0,0.196,101.74,99.0,82.5,99.0,0.605
0022400076,1610612758,Sacramento,Kings,SAC,kings,240:00,112.3,112.7,112.0,115.8,0.3,-3.1,0.553,2.33,16.5,0.191,0.83,0.511,8.789,8.8,0.53,0.59,1.0,0.203,103.44,101.5,84.58,102.0,0.515
0022400076,1610612750,Minnesota,Timberwolves,MIN,timberwolves,240:00,112.0,115.8,112.3,112.7,-0.3,3.1,0.585,1.41,17.8,0.17,0.809,0.489,16.271,16.8,0.593,0.626,1.0,0.196,103.44,101.5,84.58,101.0,0.485
0022400067,1610612761,Toronto,Raptors,TOR,raptors,240:00,102.2,102.9,131.5,134.7,-29.3,-31.7,0.694,1.32,17.5,0.385,0.718,0.527,18.311,18.4,0.488,0.537,1.0,0.2,103.6,102.0,85.0,103.0,0.352
0022400067,1610612739,Cleveland,Cavaliers,CLE,cavaliers,240:00,131.5,134.7,102.2,102.9,29.3,31.7,0.569,2.23,20.6,0.282,0.615,0.473,12.568,12.9,0.667,0.691,1.0,0.199,103.6,102.0,85.0,101.0,0.648
0022400065,1610612748,Miami,Heat,MIA,heat,240:00,100.2,100.0,114.1,118.4,-13.8,-18.4,0.75,2.18,18.5,0.192,0.61,0.414,11.368,11.3,0.457,0.512,1.0,0.2,99.22,97.5,81.25,97.0,0.424
0022400065,1610612753,Orlando,Magic,ORL,magic,240:00,114.1,118.4,100.2,100.0,13.8,18.4,0.683,2.0,19.0,0.39,0.808,0.586,13.769,14.3,0.521,0.549,1.0,0.196,99.22,97.5,81.25,98.0,0.576
0022400092,1610612763,Memphis,Grizzlies,MEM,grizzlies,240:00,114.2,118.1,104.4,106.7,9.8,11.4,0.826,2.11,24.9,0.279,0.685,0.505,16.581,17.1,0.61,0.642,1.0,0.196,107.44,104.5,87.08,105.0,0.604
0022400092,1610612753,Orlando,Magic,ORL,magic,240:00,104.4,106.7,114.2,118.1,-9.8,-11.4,0.568,1.11,15.1,0.315,0.721,0.495,17.871,18.3,0.523,0.559,1.0,0.199,107.44,104.5,87.08,104.0,0.396
0022400155,1610612764,Washington,Wizards,WAS,wizards,240:00,104.4,108.7,121.4,120.2,-17.0,-11.5,0.69,2.9,20.1,0.255,0.707,0.487,9.325,9.7,0.49,0.532,1.0,0.198,105.1,103.5,86.25,103.0,0.456
0022400155,1610612744,Golden State,Warriors,GSW,warriors,240:00,121.4,120.2,104.4,108.7,17.0,11.5,0.659,4.14,19.6,0.293,0.745,0.513,6.799,6.7,0.515,0.558,1.0,0.197,105.1,103.5,86.25,104.0,0.544
0022400101,1610612744,Golden State,Warriors,GSW,warriors,240:00,99.4,100.0,107.6,108.7,-8.2,-8.7,0.5,0.9,13.8,0.315,0.686,0.495,20.061,20.2,0.511,0.532,1.0,0.199,104.4,103.5,86.25,104.0,0.427
0022400101,1610612746,LA,Clippers,LAC,clippers,240:00,107.6,108.7,99.4,100.0,8.2,8.7,0.643,1.5,18.6,0.314,0.685,0.505,17.288,17.5,0.522,0.559,1.0,0.198,104.4,103.5,86.25,103.0,0.573
0022400146,1610612759,San Antonio,Spurs,SAS,spurs,240:00,117.1,117.7,105.3,108.4,11.8,9.3,0.744,2.46,23.6,0.262,0.813,0.556,13.474,13.5,0.596,0.624,1.0,0.197,97.14,95.5,79.58,96.0,0.595
0022400146,1610612750,Minnesota,Timberwolves,MIN,timberwolves,240:00,105.3,108.4,117.1,117.7,-11.8,-9.3,0.538,1.62,16.8,0.188,0.738,0.444,13.292,13.7,0.543,0.567,1.0,0.197,97.14,95.5,79.58,95.0,0.405
0022400090,1610612764,Washington,Wizards,WAS,wizards,240:00,108.3,111.5,123.9,127.4,-15.6,-15.8,0.676,1.67,16.7,0.355,0.63,0.472,14.008,14.4,0.464,0.527,1.0,0.201,108.02,105.0,87.5,104.0,0.4
0022400090,1610612739,Cleveland,Cavaliers,CLE,cavaliers,240:00,123.9,127.4,108.3,111.5,15.6,15.8,0.574,1.59,18.4,0.37,0.645,0.528,15.602,16.0,0.636,0.656,1.0,0.198,108.02,105.0,87.5,106.0,0.6
0022400173,1610612745,Houston,Rockets,HOU,rockets,240:00,122.6,123.3,98.0,97.1,24.6,26.2,0.519,2.33,19.6,0.298,0.792,0.547,11.583,11.7,0.615,0.619,1.0,0.197,102.82,103.0,85.83,103.0,0.618
0022400173,1610612759,San Antonio,Spurs,SAS,spurs,240:00,98.0,97.1,122.6,123.3,-24.6,-26.2,0.541,1.0,15.4,0.208,0.702,0.453,19.6,19.4,0.53,0.555,1.0,0.198,102.82,103.0,85.83,103.0,0.382
0022400086,1610612757,Portland,Trail Blazers,POR,blazers,240:00,94.7,101.0,102.3,102.9,-7.6,-2.0,0.703,1.3,18.0,0.309,0.741,0.523,18.382,19.6,0.483,0.521,1.0,0.197,105.72,102.0,85.0,102.0,0.491
0022400086,1610612740,New Orleans,Pelicans,NOP,pelicans,240:00,102.3,102.9,94.7,101.0,7.6,2.0,0.694,1.79,18.0,0.259,0.691,0.477,13.64,13.7,0.488,0.527,1.0,0.201,105.72,102.0,85.0,102.0,0.509
0022400156,1610612765,Detroit,Pistons,DET,pistons,240:00,114.2,116.2,100.1,105.1,14.1,11.1,0.489,1.83,15.8,0.389,0.765,0.571,11.919,12.1,0.51,0.544,1.0,0.199,101.78,98.5,82.08,99.0,0.527
0022400156,1610612747,Los Angeles,Lakers,LAL,lakers,240:00,100.1,105.1,114.2,116.2,-14.1,-11.1,0.757,2.15,20.3,0.235,0.611,0.429,12.636,13.3,0.488,0.532,1.0,0.198,101.78,98.5,82.08,98.0,0.473
0022400167,1610612756,Phoenix,Suns,PHX,suns,240:00,119.9,116.8,114.9,114.9,4.9,2.0,0.571,1.71,18.3,0.238,0.771,0.522,14.222,13.9,0.579,0.631,1.0,0.201,99.68,101.0,84.17,101.0,0.53
0022400167,1610612755,Philadelphia,76ers,PHI,sixers,240:00,114.9,114.9,119.9,116.8,-4.9,-2.0,0.675,1.8,19.7,0.229,0.762,0.478,14.863,14.9,0.575,0.611,1.0,0.197,99.68,101.0,84.17,101.0,0.47
0022400163,1610612760,Oklahoma City,Thunder,OKC,thunder,240:00,98.0,101.0,81.2,86.0,16.8,15.0,0.59,1.35,17.4,0.234,0.741,0.505,16.34,16.8,0.529,0.554,1.0,0.196,104.96,100.5,83.75,101.0,0.578
0022400163,1610612753,Orlando,Magic,ORL,magic,240:00,81.2,86.0,98.0,101.0,-16.8,-15.0,0.69,1.05,15.1,0.259,0.766,0.495,17.945,19.0,0.384,0.458,1.0,0.198,104.96,100.5,83.75,100.0,0.422
0022400077,1610612753,Orlando,Magic,ORL,magic,240:00,118.9,118.4,97.8,102.0,21.1,16.3,0.718,2.15,21.5,0.175,0.745,0.495,13.331,13.3,0.62,0.648,1.0,0.201,100.38,98.5,82.08,98.0,0.65
0022400077,1610612751,Brooklyn,Nets,BKN,nets,240:00,97.8,102.0,118.9,118.4,-21.1,-16.3,0.629,1.16,16.5,0.255,0.825,0.505,18.404,19.2,0.506,0.547,1.0,0.192,100.38,98.5,82.08,99.0,0.35
0022400176,1610612742,Dallas,Mavericks,DAL,mavericks,240:00,109.9,111.2,94.2,92.5,15.8,18.7,0.733,2.2,22.0,0.24,0.727,0.495,13.858,14.0,0.548,0.582,1.0,0.2,106.68,107.0,89.17,107.0,0.606
0022400176,1610612741,Chicago,Bulls,CHI,bulls,240:00,94.2,92.5,109.9,111.2,-15.8,-18.7,0.694,1.09,17.3,0.273,0.76,0.505,21.88,21.5,0.488,0.515,1.0,0.2,106.68,107.0,89.17,107.0,0.394
0022400140,1610612757,Portland,Trail Blazers,POR,blazers,240:00,108.9,114.0,133.8,137.0,-24.9,-23.0,0.692,1.42,18.9,0.32,0.6,0.453,18.157,19.0,0.56,0.59,1.0,0.197,103.5,100.0,83.33,100.0,0.404
0022400140,1610612760,Oklahoma City,Thunder,OKC,thunder,240:00,133.8,137.0,108.9,114.0,24.9,23.0,0.608,2.38,21.0,0.4,0.68,0.547,12.7,13.0,0.637,0.663,1.0,0.201,103.5,100.0,83.33,100.0,0.596
0022400113,1610612751,Brooklyn,Nets,BKN,nets,265:00,126.5,131.1,136.3,137.1,-9.8,-6.0,0.755,4.11,24.0,0.271,0.735,0.505,8.191,8.5,0.615,0.644,1.0,0.197,97.61,95.55,79.62,106.0,0.474
0022400113,1610612743,Denver,Nuggets,DEN,nuggets,265:00,136.3,137.1,126.5,131.1,9.8,6.0,0.674,6.2,21.3,0.265,0.729,0.495,4.731,4.8,0.59,0.656,1.0,0.202,97.61,95.55,79.62,105.0,0.526
0022400102,1610612753,Orlando,Magic,ORL,magic,240:00,114.7,119.0,115.9,113.9,-1.2,5.1,0.667,1.73,18.5,0.34,0.698,0.53,14.462,15.0,0.548,0.597,1.0,0.2,101.46,100.5,83.75,100.0,0.537
0022400102,1610612754,Indiana,Pacers,IND,pacers,240:00,115.9,113.9,114.7,119.0,1.2,-5.1,0.61,1.92,18.0,0.302,0.66,0.47,13.105,12.9,0.54,0.568,1.0,0.198,101.46,100.5,83.75,101.0,0.463
0022400147,1610612764,Washington,Wizards,WAS,wizards,240:00,94.0,95.1,111.8,114.6,-17.8,-19.4,0.605,1.92,17.0,0.193,0.609,0.413,11.512,11.7,0.456,0.489,1.0,0.198,104.9,103.0,85.83,103.0,0.457
0022400147,1610612748,Miami,Heat,MIA,heat,240:00,111.8,114.6,94.0,95.1,17.8,19.4,0.442,1.36,13.1,0.391,0.807,0.587,13.263,13.6,0.495,0.524,1.0,0.198,104.9,103.0,85.83,103.0,0.543
0022400197,1610612759,San Antonio,Spurs,SAS,spurs,240:00,102.5,105.8,104.3,106.7,-1.9,-1.0,0.763,1.45,20.4,0.208,0.75,0.479,18.629,19.2,0.547,0.589,1.0,0.199,106.88,104.0,86.67,104.0,0.483
0022400197,1610612762,Utah,Jazz,UTA,jazz,240:00,104.3,106.7,102.5,105.8,1.9,1.0,0.605,1.28,16.6,0.25,0.792,0.521,16.917,17.3,0.524,0.57,1.0,0.196,106.88,104.0,86.67,104.0,0.517
0022400185,1610612765,Detroit,Pistons,DET,pistons,240:00,111.3,115.1,109.9,113.1,1.4,2.0,0.614,1.29,18.3,0.326,0.618,0.485,19.154,19.8,0.587,0.612,1.0,0.197,109.88,106.5,88.75,106.0,0.507
0022400185,1610612737,Atlanta,Hawks,ATL,hawks,240:00,109.9,113.1,111.3,115.1,-1.4,-2.0,0.682,1.67,19.3,0.382,0.674,0.515,16.346,16.8,0.531,0.565,1.0,0.198,109.88,106.5,88.75,107.0,0.493
0022400157,1610612737,Atlanta,Hawks,ATL,hawks,240:00,86.1,87.7,115.3,117.1,-29.2,-29.4,0.622,1.15,16.5,0.241,0.778,0.509,18.512,18.9,0.449,0.484,1.0,0.196,107.38,105.5,87.92,106.0,0.372
0022400157,1610612738,Boston,Celtics,BOS,celtics,240:00,115.3,117.1,86.1,87.7,29.2,29.4,0.563,2.08,18.7,0.222,0.759,0.491,12.181,12.4,0.576,0.587,1.0,0.195,107.38,105.5,87.92,105.0,0.628
0022400063,1610612765,Detroit,Pistons,DET,pistons,240:00,106.5,110.1,112.7,113.9,-6.2,-3.8,0.579,1.57,16.1,0.321,0.744,0.51,13.683,14.1,0.483,0.543,1.0,0.198,102.16,100.0,83.33,99.0,0.414
0022400063,1610612754,Indiana,Pacers,IND,pacers,240:00,112.7,113.9,106.5,110.1,6.2,3.8,0.762,2.13,22.7,0.256,0.679,0.49,14.706,14.9,0.56,0.612,1.0,0.198,102.16,100.0,83.33,101.0,0.586
0022400084,1610612762,Utah,Jazz,UTA,jazz,240:00,77.2,82.7,121.4,123.3,-44.2,-40.6,0.621,0.82,12.5,0.343,0.607,0.463,19.742,21.2,0.364,0.416,1.0,0.195,108.04,103.5,86.25,104.0,0.269
0022400084,1610612744,Golden State,Warriors,GSW,warriors,240:00,121.4,123.3,77.2,82.7,44.2,40.6,0.686,2.33,22.1,0.393,0.657,0.537,14.335,14.6,0.575,0.584,1.0,0.197,108.04,103.5,86.25,103.0,0.731
0022400168,1610612746,LA,Clippers,LAC,clippers,240:00,122.2,122.8,107.9,114.3,14.3,8.5,0.61,2.27,18.7,0.333,0.625,0.471,11.894,12.0,0.561,0.58,1.0,0.195,94.42,91.5,76.25,92.0,0.496
0022400168,1610612759,San Antonio,Spurs,SAS,spurs,240:00,107.9,114.3,122.2,122.8,-14.3,-8.5,0.579,1.57,16.9,0.375,0.667,0.529,14.529,15.4,0.506,0.551,1.0,0.192,94.42,91.5,76.25,91.0,0.504
0022400169,1610612766,Charlotte,Hornets,CHA,hornets,240:00,106.9,105.9,103.9,107.0,3.0,-1.1,0.564,1.83,16.8,0.196,0.82,0.505,11.876,11.8,0.511,0.556,1.0,0.2,102.0,101.0,84.17,102.0,0.483
0022400169,1610612765,Detroit,Pistons,DET,pistons,240:00,103.9,107.0,106.9,105.9,-3.0,1.1,0.739,3.09,23.8,0.18,0.804,0.495,10.684,11.0,0.543,0.546,1.0,0.198,102.0,101.0,84.17,100.0,0.517
0022400096,1610612747,Los Angeles,Lakers,LAL,lakers,240:00,120.7,122.4,117.6,119.8,3.1,2.6,0.667,1.68,20.8,0.378,0.818,0.596,17.502,17.8,0.598,0.639,1.0,0.199,108.28,106.5,88.75,107.0,0.504
0022400096,1610612758,Sacramento,Kings,SAC,kings,240:00,117.6,119.8,120.7,122.4,-3.1,-2.6,0.711,2.29,22.1,0.182,0.622,0.404,12.963,13.2,0.597,0.641,1.0,0.2,108.28,106.5,88.75,106.0,0.496
0022400160,1610612741,Chicago,Bulls,CHI,bulls,240:00,120.0,122.3,130.8,131.1,-10.8,-8.7,0.8,4.0,23.8,0.231,0.674,0.432,8.571,8.7,0.547,0.594,1.0,0.197,104.1,103.0,85.83,103.0,0.458
0022400160,1610612762,Utah,Jazz,UTA,jazz,240:00,130.8,131.1,120.0,122.3,10.8,8.7,0.729,2.69,23.3,0.326,0.769,0.568,12.597,12.6,0.629,0.66,1.0,0.2,104.1,103.0,85.83,103.0,0.542
0022400161,1610612745,Houston,Rockets,HOU,rockets,240:00,113.6,117.2,102.9,105.4,10.7,11.8,0.488,1.91,16.4,0.37,0.719,0.563,11.468,11.8,0.534,0.568,1.0,0.198,95.08,92.5,77.08,93.0,0.586
0022400161,1610612752,New York,Knicks,NYK,knicks,240:00,102.9,105.4,113.6,117.2,-10.7,-11.8,0.588,2.0,15.7,0.281,0.63,0.437,10.611,10.9,0.449,0.499,1.0,0.2,95.08,92.5,77.08,92.0,0.414
0022400127,1610612746,LA,Clippers,LAC,clippers,240:00,106.1,111.7,107.9,111.6,-1.7,0.1,0.634,1.86,18.9,0.327,0.679,0.5,14.153,14.9,0.528,0.536,1.0,0.198,98.6,94.5,78.75,94.0,0.505
0022400127,1610612757,Portland,Trail Blazers,POR,blazers,240:00,107.9,111.6,106.1,111.7,1.7,-0.1,0.463,1.46,14.7,0.321,0.673,0.5,13.228,13.7,0.522,0.545,1.0,0.198,98.6,94.5,78.75,95.0,0.495
0022400179,1610612746,LA,Clippers,LAC,clippers,240:00,120.4,120.9,107.3,107.7,13.1,13.2,0.659,1.42,21.4,0.281,0.703,0.507,20.797,20.9,0.653,0.684,1.0,0.193,91.36,91.0,75.83,91.0,0.594
0022400179,1610612755,Philadelphia,76ers,PHI,sixers,240:00,107.3,107.7,120.4,120.9,-13.1,-13.2,0.475,0.95,15.8,0.297,0.719,0.493,21.891,22.0,0.596,0.602,1.0,0.197,91.36,91.0,75.83,91.0,0.406
0022400165,1610612742,Dallas,Mavericks,DAL,mavericks,240:00,122.1,121.0,125.5,126.4,-3.4,-5.5,0.63,3.22,21.0,0.13,0.773,0.444,8.654,8.6,0.601,0.635,1.0,0.2,105.4,105.5,87.92,105.0,0.467
0022400165,1610612754,Indiana,Pacers,IND,pacers,240:00,125.5,126.4,122.1,121.0,3.4,5.5,0.556,3.0,20.9,0.227,0.87,0.556,9.363,9.4,0.637,0.645,1.0,0.197,105.4,105.5,87.92,106.0,0.533
0022400081,1610612752,New York,Knicks,NYK,knicks,240:00,125.8,126.8,99.2,100.0,26.6,26.8,0.432,1.58,14.9,0.293,0.711,0.512,12.275,12.4,0.595,0.636,1.0,0.199,98.28,97.5,81.25,97.0,0.591
0022400081,1610612754,Indiana,Pacers,IND,pacers,240:00,99.2,100.0,125.8,126.8,-26.6,-26.8,0.683,1.75,20.6,0.289,0.707,0.488,16.194,16.3,0.512,0.534,1.0,0.199,98.28,97.5,81.25,98.0,0.409
0022400103,1610612737,Atlanta,Hawks,ATL,hawks,240:00,111.4,112.3,110.3,115.2,1.1,-3.0,0.821,2.0,22.1,0.222,0.725,0.49,14.976,15.1,0.574,0.614,1.0,0.2,108.26,105.5,87.92,106.0,0.542
0022400103,1610612764,Washington,Wizards,WAS,wizards,240:00,110.3,115.2,111.4,112.3,-1.1,3.0,0.585,1.33,16.8,0.275,0.778,0.51,16.411,17.1,0.566,0.601,1.0,0.199,108.26,105.5,87.92,105.0,0.458
0022400108,1610612763,Memphis,Grizzlies,MEM,grizzlies,240:00,113.1,118.3,119.5,120.0,-6.3,-1.7,0.725,3.7,22.6,0.354,0.759,0.545,9.198,9.6,0.523,0.527,1.0,0.199,107.1,104.5,87.08,104.0,0.488
0022400108,1610612741,Chicago,Bulls,CHI,bulls,240:00,119.5,120.0,113.1,118.3,6.3,1.7,0.8,4.0,23.6,0.241,0.646,0.455,8.532,8.6,0.575,0.586,1.0,0.199,107.1,104.5,87.08,105.0,0.512
0022400189,1610612752,New York,Knicks,NYK,knicks,240:00,120.4,123.4,99.9,98.9,20.5,24.5,0.814,3.18,24.1,0.36,0.72,0.54,11.416,11.7,0.549,0.584,1.0,0.194,95.24,94.5,78.75,94.0,0.629
0022400189,1610612749,Milwaukee,Bucks,MIL,bucks,240:00,99.9,98.9,120.4,123.4,-20.5,-24.5,0.556,1.67,16.0,0.28,0.64,0.46,12.75,12.6,0.476,0.505,1.0,0.202,95.24,94.5,78.75,95.0,0.371
0022400105,1610612748,Miami,Heat,MIA,heat,240:00,107.3,110.4,101.6,102.1,5.7,8.3,0.632,2.0,18.1,0.264,0.643,0.459,12.146,12.5,0.517,0.548,1.0,0.193,97.64,96.0,80.0,96.0,0.595
0022400105,1610612765,Detroit,Pistons,DET,pistons,240:00,101.6,102.1,107.3,110.4,-5.7,-8.3,0.4,0.82,10.8,0.357,0.736,0.541,17.62,17.7,0.462,0.498,1.0,0.196,97.64,96.0,80.0,96.0,0.405
0022400196,1610612758,Sacramento,Kings,SAC,kings,240:00,100.5,100.0,106.9,110.3,-6.4,-10.3,0.514,1.36,15.6,0.14,0.681,0.422,14.35,14.3,0.494,0.553,1.0,0.197,98.84,97.5,81.25,98.0,0.476
0022400196,1610612746,LA,Clippers,LAC,clippers,240:00,106.9,110.3,100.5,100.0,6.4,10.3,0.556,0.95,15.1,0.319,0.86,0.578,20.975,21.6,0.531,0.587,1.0,0.194,98.84,97.5,81.25,97.0,0.524
0022400089,1610612765,Detroit,Pistons,DET,pistons,240:00,113.8,121.6,123.8,126.5,-9.9,-4.9,0.628,1.8,19.3,0.383,0.673,0.535,14.468,15.5,0.568,0.604,1.0,0.199,101.94,97.5,81.25,97.0,0.504
0022400089,1610612738,Boston,Celtics,BOS,celtics,240:00,123.8,126.5,113.8,121.6,9.9,4.9,0.5,1.9,14.4,0.327,0.617,0.465,9.98,10.2,0.544,0.601,1.0,0.198,101.94,97.5,81.25,98.0,0.496
0022400109,1610612759,San Antonio,Spurs,SAS,spurs,240:00,104.9,107.4,112.1,115.2,-7.2,-7.8,0.595,1.29,16.3,0.396,0.692,0.543,17.664,18.1,0.483,0.525,1.0,0.2,95.4,93.0,77.5,94.0,0.497
0022400109,1610612745,Houston,Rockets,HOU,rockets,240:00,112.1,115.2,104.9,107.4,7.2,7.8,0.571,1.67,15.7,0.308,0.604,0.457,12.69,13.0,0.5,0.555,1.0,0.201,95.4,93.0,77.5,92.0,0.503
0022400111,1610612756,Phoenix,Suns,PHX,suns,240:00,111.5,113.5,102.0,108.2,9.4,5.3,0.525,1.91,16.4,0.245,0.695,0.491,11.247,11.5,0.523,0.569,1.0,0.199,100.36,96.5,80.42,96.0,0.538
0022400111,1610612747,Los Angeles,Lakers,LAL,lakers,240:00,102.0,108.2,111.5,113.5,-9.4,-5.3,0.641,2.08,18.0,0.305,0.755,0.509,11.66,12.4,0.489,0.515,1.0,0.195,100.36,96.5,80.42,97.0,0.462
0022400162,1610612750,Minnesota,Timberwolves,MIN,timberwolves,240:00,118.2,116.3,93.0,95.9,25.2,20.5,0.59,1.53,17.9,0.238,0.741,0.521,15.554,15.3,0.608,0.63,1.0,0.201,98.24,97.5,81.25,98.0,0.625
0022400162,1610612766,Charlotte,Hornets,CHA,hornets,240:00,93.0,95.9,118.2,116.3,-25.2,-20.5,0.543,1.36,14.8,0.259,0.762,0.479,13.994,14.4,0.455,0.489,1.0,0.2,98.24,97.5,81.25,97.0,0.375
0022400095,1610612756,Phoenix,Suns,PHX,suns,240:00,113.7,117.5,104.2,104.1,9.5,13.4,0.722,2.36,19.5,0.239,0.754,0.524,10.969,11.3,0.538,0.592,1.0,0.199,99.1,97.5,81.25,97.0,0.589
0022400095,1610612742,Dallas,Mavericks,DAL,mavericks,240:00,104.2,104.1,113.7,117.5,-9.5,-13.4,0.595,2.44,16.7,0.246,0.761,0.476,9.191,9.2,0.468,0.505,1.0,0.197,99.1,97.5,81.25,98.0,0.411
0022400184,1610612766,Charlotte,Hornets,CHA,hornets,240:00,105.9,109.6,86.3,88.3,19.6,21.3,0.605,1.53,17.3,0.358,0.852,0.607,15.419,16.0,0.517,0.541,1.0,0.199,96.72,94.0,78.33,94.0,0.601
0022400184,1610612754,Indiana,Pacers,IND,pacers,240:00,86.3,88.3,105.9,109.6,-19.6,-21.3,0.727,1.71,18.9,0.148,0.642,0.393,14.559,14.9,0.452,0.465,1.0,0.192,96.72,94.0,78.33,94.0,0.399
0022400114,1610612750,Minnesota,Timberwolves,MIN,timberwolves,240:00,117.0,117.5,121.3,122.4,-4.3,-4.9,0.846,1.65,23.3,0.295,0.7,0.511,20.525,20.6,0.63,0.645,1.0,0.201,98.18,97.5,81.25,97.0,0.485
0022400114,1610612742,Dallas,Mavericks,DAL,mavericks,240:00,121.3,122.4,117.0,117.5,4.3,4.9,0.556,2.5,18.4,0.3,0.705,0.489,10.109,10.2,0.57,0.595,1.0,0.197,98.18,97.5,81.25,98.0,0.515
0022400143,1610612761,Toronto,Raptors,TOR,raptors,265:00,113.3,112.9,109.3,110.3,4.0,2.6,0.674,1.63,19.5,0.288,0.684,0.495,16.43,16.4,0.574,0.603,1.0,0.201,105.38,105.06,87.55,116.0,0.515
0022400143,1610612758,Sacramento,Kings,SAC,kings,265:00,109.3,110.3,113.3,112.9,-4.0,-2.6,0.457,1.17,13.7,0.316,0.712,0.505,15.374,15.5,0.51,0.561,1.0,0.2,105.38,105.06,87.55,116.0,0.485
0022400170,1610612754,Indiana,Pacers,IND,pacers,240:00,124.9,121.6,111.6,115.6,13.3,6.0,0.512,1.91,17.6,0.139,0.717,0.463,11.648,11.3,0.618,0.675,1.0,0.201,96.94,96.5,80.42,97.0,0.537
0022400170,1610612753,Orlando,Magic,ORL,magic,240:00,111.6,115.6,124.9,121.6,-13.3,-6.0,0.619,1.63,19.2,0.283,0.861,0.537,16.09,16.7,0.555,0.594,1.0,0.197,96.94,96.5,80.42,96.0,0.463
0022400136,1610612751,Brooklyn,Nets,BKN,nets,240:00,118.0,118.8,107.1,108.7,10.9,10.1,0.694,3.09,23.5,0.217,0.698,0.475,10.814,10.9,0.58,0.602,1.0,0.199,103.14,102.0,85.0,101.0,0.579
0022400136,1610612741,Chicago,Bulls,CHI,bulls,240:00,107.1,108.7,118.0,118.8,-10.9,-10.1,0.632,1.5,17.3,0.302,0.783,0.525,15.302,15.5,0.528,0.568,1.0,0.201,103.14,102.0,85.0,103.0,0.421
0022400129,1610612742,Dallas,Mavericks,DAL,mavericks,240:00,108.7,107.4,107.1,116.1,1.7,-8.8,0.538,2.1,16.8,0.25,0.583,0.435,10.661,10.5,0.518,0.544,1.0,0.2,97.34,94.0,78.33,95.0,0.479
0022400129,1610612745,Houston,Rockets,HOU,rockets,240:00,107.1,116.1,108.7,107.4,-1.7,8.8,0.525,2.1,15.0,0.417,0.75,0.565,9.913,10.8,0.454,0.496,1.0,0.195,97.34,94.0,78.33,93.0,0.521
0022400072,1610612757,Portland,Trail Blazers,POR,blazers,240:00,94.4,96.3,128.2,128.4,-33.8,-32.1,0.583,1.17,14.6,0.271,0.612,0.426,16.334,16.7,0.435,0.494,1.0,0.198,109.7,108.5,90.42,108.0,0.324
0022400072,1610612744,Golden State,Warriors,GSW,warriors,240:00,128.2,128.4,94.4,96.3,33.8,32.1,0.792,2.11,23.4,0.388,0.729,0.574,16.484,16.5,0.624,0.659,1.0,0.2,109.7,108.5,90.42,109.0,0.676
0022400097,1610612754,Indiana,Pacers,IND,pacers,265:00,101.8,105.6,105.7,108.3,-3.9,-2.7,0.718,1.4,19.1,0.265,0.552,0.421,17.864,18.5,0.542,0.576,1.0,0.198,101.25,98.26,81.89,108.0,0.517
0022400097,1610612755,Philadelphia,76ers,PHI,sixers,265:00,105.7,108.3,101.8,105.6,3.9,2.7,0.357,0.75,10.2,0.448,0.735,0.579,17.915,18.3,0.485,0.528,1.0,0.199,101.25,98.26,81.89,109.0,0.483
0022400183,1610612759,San Antonio,Spurs,SAS,spurs,240:00,125.6,125.5,109.7,110.5,15.9,15.0,0.795,2.19,24.8,0.317,0.66,0.505,17.036,17.0,0.634,0.656,1.0,0.196,94.8,94.5,78.75,94.0,0.592
0022400183,1610612757,Portland,Trail Blazers,POR,blazers,240:00,109.7,110.5,125.6,125.5,-15.9,-15.0,0.561,1.64,17.3,0.34,0.683,0.495,14.632,14.7,0.529,0.549,1.0,0.199,94.8,94.5,78.75,95.0,0.408
0022400153,1610612742,Dallas,Mavericks,DAL,mavericks,240:00,105.8,106.9,82.2,84.2,23.5,22.8,0.595,1.32,18.0,0.283,0.698,0.523,18.606,18.8,0.553,0.568,1.0,0.195,102.74,101.0,84.17,101.0,0.672
0022400153,1610612753,Orlando,Magic,ORL,magic,240:00,82.2,84.2,105.8,106.9,-23.5,-22.8,0.613,1.27,14.0,0.302,0.717,0.477,14.512,14.9,0.376,0.419,1.0,0.199,102.74,101.0,84.17,101.0,0.328
0022400066,1610612755,Philadelphia,76ers,PHI,sixers,240:00,105.9,109.0,124.4,121.6,-18.5,-12.6,0.439,1.8,13.1,0.356,0.78,0.53,9.72,10.0,0.459,0.496,1.0,0.202,101.26,101.0,84.17,100.0,0.37
0022400066,1610612749,Milwaukee,Bucks,MIL,bucks,240:00,124.4,121.6,105.9,109.0,18.5,12.6,0.628,1.93,20.1,0.22,0.644,0.47,14.051,13.7,0.638,0.662,1.0,0.199,101.26,101.0,84.17,102.0,0.63
0022400193,1610612750,Minnesota,Timberwolves,MIN,timberwolves,240:00,112.2,122.1,95.7,99.0,16.5,23.1,0.681,1.6,20.6,0.423,0.714,0.574,17.674,19.2,0.598,0.616,1.0,0.195,109.86,103.5,86.25,104.0,0.639
0022400193,1610612757,Portland,Trail Blazers,POR,blazers,240:00,95.7,99.0,112.2,122.1,-16.5,-23.1,0.333,0.76,9.9,0.286,0.577,0.426,15.953,16.5,0.462,0.502,1.0,0.197,109.86,103.5,86.25,103.0,0.361
0022400166,1610612743,Denver,Nuggets,DEN,nuggets,240:00,117.8,118.6,107.3,115.5,10.5,3.1,0.707,1.71,19.9,0.37,0.61,0.505,16.55,16.7,0.554,0.607,1.0,0.202,106.82,102.5,85.42,102.0,0.525
0022400166,1610612761,Toronto,Raptors,TOR,raptors,240:00,107.3,115.5,117.8,118.6,-10.5,-3.1,0.809,2.71,23.3,0.39,0.63,0.495,12.622,13.6,0.519,0.536,1.0,0.195,106.82,102.5,85.42,103.0,0.475
0022400152,1610612740,New Orleans,Pelicans,NOP,pelicans,240:00,112.3,113.3,126.9,128.6,-14.6,-15.3,0.564,1.22,15.9,0.385,0.667,0.505,18.219,18.4,0.522,0.562,1.0,0.199,99.04,98.0,81.67,98.0,0.399
0022400152,1610612737,Atlanta,Hawks,ATL,hawks,240:00,126.9,128.6,112.3,113.3,14.6,15.3,0.58,1.81,21.0,0.333,0.615,0.495,16.116,16.3,0.653,0.675,1.0,0.198,99.04,98.0,81.67,98.0,0.601
0022400094,1610612759,San Antonio,Spurs,SAS,spurs,240:00,110.9,113.5,101.7,111.6,9.2,2.0,0.59,1.35,17.5,0.317,0.702,0.541,17.29,17.7,0.544,0.597,1.0,0.198,101.28,95.5,79.58,96.0,0.583
0022400094,1610612745,Houston,Rockets,HOU,rockets,240:00,101.7,111.6,110.9,113.5,-9.2,-2.0,0.553,1.91,15.8,0.298,0.683,0.459,10.553,11.6,0.484,0.524,1.0,0.196,101.28,95.5,79.58,95.0,0.417
0022400093,1610612750,Minnesota,Timberwolves,MIN,timberwolves,240:00,113.8,110.9,97.4,101.0,16.4,9.9,0.744,2.23,21.3,0.213,0.686,0.459,13.206,12.9,0.554,0.593,1.0,0.201,101.08,100.5,83.75,101.0,0.565
0022400093,1610612761,Toronto,Raptors,TOR,raptors,240:00,97.4,101.0,113.8,110.9,-16.4,-9.9,0.707,1.45,20.0,0.314,0.787,0.541,19.283,20.0,0.511,0.528,1.0,0.199,101.08,100.5,83.75,100.0,0.435
0022400171,1610612737,Atlanta,Hawks,ATL,hawks,240:00,119.0,122.2,116.5,116.0,2.5,6.2,0.689,3.88,20.9,0.345,0.773,0.529,7.868,8.1,0.525,0.552,1.0,0.201,100.64,99.5,82.92,99.0,0.528
0022400171,1610612752,New York,Knicks,NYK,knicks,240:00,116.5,116.0,119.0,122.2,-2.5,-6.2,0.707,1.81,21.4,0.227,0.655,0.471,16.064,16.0,0.619,0.64,1.0,0.199,100.64,99.5,82.92,100.0,0.472
0022400194,1610612743,Denver,Nuggets,DEN,nuggets,240:00,133.2,131.1,116.5,118.4,16.7,12.6,0.74,2.06,25.6,0.219,0.735,0.531,17.758,17.5,0.728,0.755,1.0,0.199,103.04,103.0,85.83,103.0,0.577
0022400194,1610612748,Miami,Heat,MIA,heat,240:00,116.5,118.4,133.2,131.1,-16.7,-12.6,0.717,2.36,22.5,0.265,0.781,0.469,13.369,13.6,0.596,0.612,1.0,0.195,103.04,103.0,85.83,103.0,0.423
0022400100,1610612760,Oklahoma City,Thunder,OKC,thunder,240:00,125.4,125.5,97.4,103.0,28.0,22.5,0.591,2.6,18.7,0.306,0.617,0.477,9.796,9.8,0.584,0.621,1.0,0.2,104.42,101.5,84.58,102.0,0.636
0022400100,1610612737,Atlanta,Hawks,ATL,hawks,240:00,97.4,103.0,125.4,125.5,-28.0,-22.5,0.667,1.2,16.2,0.383,0.694,0.523,18.734,19.8,0.451,0.501,1.0,0.196,104.42,101.5,84.58,101.0,0.364
0022400195,1610612747,Los Angeles,Lakers,LAL,lakers,240:00,117.0,119.6,104.8,110.4,12.2,9.2,0.636,2.15,21.2,0.233,0.721,0.519,13.11,13.4,0.612,0.636,1.0,0.196,100.14,96.5,80.42,97.0,0.567
0022400195,1610612755,Philadelphia,76ers,PHI,sixers,240:00,104.8,110.4,117.0,119.6,-12.2,-9.2,0.718,3.5,19.7,0.279,0.767,0.481,7.911,8.3,0.474,0.499,1.0,0.193,100.14,96.5,80.42,96.0,0.433
0022400138,1610612740,New Orleans,Pelicans,NOP,pelicans,240:00,122.1,127.6,114.9,120.4,7.2,7.1,0.571,3.5,19.3,0.37,0.727,0.531,7.816,8.2,0.545,0.572,1.0,0.194,102.54,98.0,81.67,98.0,0.521
0022400138,1610612754,Indiana,Pacers,IND,pacers,240:00,114.9,120.4,122.1,127.6,-7.2,-7.1,0.761,2.5,24.4,0.273,0.63,0.469,13.629,14.3,0.607,0.623,1.0,0.201,102.54,98.0,81.67,98.0,0.479
0022400073,1610612764,Washington,Wizards,WAS,wizards,240:00,94.5,99.0,117.4,117.3,-22.9,-18.3,0.659,1.8,18.6,0.286,0.7,0.481,13.899,14.6,0.468,0.496,1.0,0.197,105.9,103.5,86.25,103.0,0.436
0022400073,1610612738,Boston,Celtics,BOS,celtics,240:00,117.4,117.3,94.5,99.0,22.9,18.3,0.5,1.5,15.3,0.3,0.714,0.519,13.477,13.5,0.561,0.599,1.0,0.2,105.9,103.5,86.25,104.0,0.564
0022400071,1610612746,LA,Clippers,LAC,clippers,265:00,98.9,100.0,104.5,102.7,-5.6,-2.7,0.643,1.23,17.5,0.293,0.864,0.539,19.264,19.5,0.5,0.537,1.0,0.198,101.96,102.34,85.28,113.0,0.448
0022400071,1610612756,Phoenix,Suns,PHX,suns,265:00,104.5,102.7,98.9,100.0,5.6,2.7,0.658,1.14,17.9,0.136,0.707,0.461,19.827,19.5,0.583,0.624,1.0,0.202,101.96,102.34,85.28,113.0,0.552
0022400088,1610612766,Charlotte,Hornets,CHA,hornets,240:00,102.7,108.2,114.8,116.3,-12.1,-8.2,0.513,1.0,14.5,0.396,0.694,0.539,19.372,20.4,0.511,0.539,1.0,0.195,101.28,98.0,81.67,98.0,0.404
0022400088,1610612748,Miami,Heat,MIA,heat,240:00,114.8,116.3,102.7,108.2,12.1,8.2,0.825,2.36,22.7,0.306,0.604,0.461,14.096,14.3,0.547,0.58,1.0,0.196,101.28,98.0,81.67,98.0,0.596
0022400116,1610612744,Golden State,Warriors,GSW,warriors,240:00,124.3,129.2,106.5,110.4,17.9,18.8,0.739,4.25,23.5,0.327,0.676,0.472,8.022,8.3,0.582,0.604,1.0,0.199,99.64,96.0,80.0,96.0,0.562
0022400116,1610612740,New Orleans,Pelicans,NOP,pelicans,240:00,106.5,110.4,124.3,129.2,-17.9,-18.8,0.575,0.96,17.5,0.324,0.673,0.528,24.106,25.0,0.601,0.627,1.0,0.193,99.64,96.0,80.0,96.0,0.438
0022400131,1610612746,LA,Clippers,LAC,clippers,240:00,117.5,119.0,127.1,123.8,-9.6,-4.8,0.6,1.93,18.8,0.34,0.795,0.553,13.829,14.0,0.548,0.582,1.0,0.2,99.78,100.5,83.75,100.0,0.467
0022400131,1610612756,Phoenix,Suns,PHX,suns,240:00,127.1,123.8,117.5,119.0,9.6,4.8,0.69,2.42,21.4,0.205,0.66,0.447,12.205,11.9,0.622,0.663,1.0,0.201,99.78,100.5,83.75,101.0,0.533
0022400190,1610612742,Dallas,Mavericks,DAL,mavericks,240:00,121.9,122.8,124.0,123.9,-2.1,-1.1,0.439,1.64,15.2,0.256,0.711,0.5,11.869,12.0,0.581,0.63,1.0,0.199,92.3,92.0,76.67,92.0,0.485
0022400190,1610612756,Phoenix,Suns,PHX,suns,240:00,124.0,123.9,121.9,122.8,2.1,1.1,0.605,2.89,20.2,0.289,0.744,0.5,9.791,9.8,0.587,0.607,1.0,0.198,92.3,92.0,76.67,92.0,0.515
0022400117,1610612766,Charlotte,Hornets,CHA,hornets,240:00,129.0,134.0,126.4,129.1,2.5,4.9,0.633,1.94,20.4,0.396,0.571,0.478,14.953,15.5,0.628,0.657,1.0,0.197,106.1,103.0,85.83,103.0,0.49
0022400117,1610612761,Toronto,Raptors,TOR,raptors,240:00,126.4,129.1,129.0,134.0,-2.5,-4.9,0.712,2.64,23.8,0.429,0.604,0.522,13.308,13.6,0.621,0.638,1.0,0.201,106.1,103.0,85.83,103.0,0.51
0022400064,1610612737,Atlanta,Hawks,ATL,hawks,240:00,115.1,114.3,106.4,110.5,8.7,3.8,0.641,1.56,17.7,0.304,0.679,0.51,15.349,15.2,0.544,0.599,1.0,0.201,106.62,105.0,87.5,105.0,0.589
0022400064,1610612751,Brooklyn,Nets,BKN,nets,240:00,106.4,110.5,115.1,114.3,-8.7,-3.8,0.525,1.11,14.8,0.321,0.696,0.49,17.431,18.1,0.533,0.569,1.0,0.197,106.62,105.0,87.5,105.0,0.411
0022400124,1610612763,Memphis,Grizzlies,MEM,grizzlies,240:00,102.2,107.1,116.7,120.2,-14.5,-13.1,0.711,1.23,18.9,0.391,0.675,0.523,21.203,22.2,0.519,0.565,1.0,0.197,102.88,99.0,82.5,99.0,0.45
0022400124,1610612751,Brooklyn,Nets,BKN,nets,240:00,116.7,120.2,102.2,107.1,14.5,13.1,0.659,1.42,19.7,0.325,0.609,0.477,18.627,19.2,0.606,0.654,1.0,0.191,102.88,99.0,82.5,99.0,0.55
0022400159,1610612748,Miami,Heat,MIA,heat,240:00,108.7,117.0,116.1,122.0,-7.4,-5.0,0.649,2.18,18.0,0.373,0.682,0.516,10.87,11.7,0.524,0.56,1.0,0.198,98.4,92.5,77.08,94.0,0.518
0022400159,1610612758,Sacramento,Kings,SAC,kings,240:00,116.1,122.0,108.7,117.0,7.4,5.0,0.523,1.64,17.7,0.318,0.627,0.484,14.644,15.4,0.57,0.599,1.0,0.193,98.4,92.5,77.08,91.0,0.482
0022400080,1610612739,Cleveland,Cavaliers,CLE,cavaliers,240:00,112.9,114.1,98.6,101.0,14.3,13.1,0.667,2.15,21.0,0.182,0.739,0.467,12.984,13.1,0.591,0.613,1.0,0.198,101.3,99.5,82.92,99.0,0.603
0022400080,1610612765,Detroit,Pistons,DET,pistons,240:00,98.6,101.0,112.9,114.1,-14.3,-13.1,0.658,1.14,18.5,0.261,0.818,0.533,21.468,22.0,0.549,0.571,1.0,0.197,101.3,99.5,82.92,100.0,0.397
0022400178,1610612756,Phoenix,Suns,PHX,suns,240:00,117.4,117.3,114.5,114.3,2.9,3.1,0.69,1.81,21.2,0.273,0.731,0.521,16.34,16.3,0.607,0.626,1.0,0.2,97.86,98.0,81.67,98.0,0.513
0022400178,1610612748,Miami,Heat,MIA,heat,240:00,114.5,114.3,117.4,117.3,-2.9,-3.1,0.675,2.7,19.6,0.269,0.727,0.479,10.225,10.2,0.505,0.556,1.0,0.199,97.86,98.0,81.67,98.0,0.487
0022400079,1610612737,Atlanta,Hawks,ATL,hawks,240:00,119.4,119.0,113.6,116.5,5.8,2.5,0.641,1.79,18.3,0.267,0.567,0.438,13.369,13.3,0.568,0.64,1.0,0.201,105.18,104.0,86.67,105.0,0.577
0022400079,1610612766,Charlotte,Hornets,CHA,hornets,240:00,113.6,116.5,119.4,119.0,-5.8,-2.5,0.595,1.22,14.7,0.433,0.733,0.562,17.039,17.5,0.495,0.547,1.0,0.201,105.18,104.0,86.67,103.0,0.423
0022400191,1610612763,Memphis,Grizzlies,MEM,grizzlies,240:00,112.3,121.9,94.4,99.0,17.8,22.9,0.652,1.58,19.1,0.407,0.702,0.559,16.667,18.1,0.546,0.593,1.0,0.192,112.06,105.0,87.5,105.0,0.607
0022400191,1610612764,Washington,Wizards,WAS,wizards,240:00,94.4,99.0,112.3,121.9,-17.8,-22.9,0.711,1.5,18.2,0.298,0.593,0.441,16.346,17.1,0.457,0.504,1.0,0.2,112.06,105.0,87.5,105.0,0.393
0022400142,1610612755,Philadelphia,76ers,PHI,sixers,240:00,103.1,108.1,121.3,124.0,-18.2,-15.9,0.611,1.57,16.4,0.25,0.61,0.402,13.487,14.1,0.511,0.547,1.0,0.197,103.02,99.5,82.92,99.0,0.377
0022400142,1610612763,Memphis,Grizzlies,MEM,grizzlies,240:00,121.3,124.0,103.1,108.1,18.2,15.9,0.729,2.06,23.6,0.39,0.75,0.598,16.628,17.0,0.621,0.644,1.0,0.196,103.02,99.5,82.92,100.0,0.623
0022400061,1610612738,Boston,Celtics,BOS,celtics,240:00,144.2,145.1,118.4,119.8,25.8,25.3,0.688,8.25,24.4,0.298,0.816,0.529,4.371,4.4,0.658,0.67,1.0,0.199,91.78,91.0,75.83,91.0,0.581
0022400061,1610612752,New York,Knicks,NYK,knicks,240:00,118.4,119.8,144.2,145.1,-25.8,-25.3,0.465,1.67,17.1,0.184,0.702,0.471,13.038,13.2,0.622,0.641,1.0,0.196,91.78,91.0,75.83,91.0,0.419
0022400104,1610612738,Boston,Celtics,BOS,celtics,240:00,112.9,117.8,103.2,105.9,9.7,11.9,0.558,1.71,18.0,0.191,0.796,0.5,13.288,13.9,0.598,0.624,1.0,0.196,105.0,101.5,84.58,101.0,0.559
0022400104,1610612749,Milwaukee,Bucks,MIL,bucks,240:00,103.2,105.9,112.9,117.8,-9.7,-11.9,0.486,1.06,13.8,0.204,0.809,0.5,16.246,16.7,0.5,0.565,1.0,0.194,105.0,101.5,84.58,102.0,0.441
0022400180,1610612758,Sacramento,Kings,SAC,kings,240:00,123.1,128.4,108.5,113.8,14.6,14.6,0.619,2.6,18.6,0.438,0.739,0.585,10.093,10.5,0.522,0.586,1.0,0.196,98.84,94.5,78.75,95.0,0.588
0022400180,1610612761,Toronto,Raptors,TOR,raptors,240:00,108.5,113.8,123.1,128.4,-14.6,-14.6,0.581,2.08,19.0,0.261,0.563,0.415,12.17,12.8,0.545,0.566,1.0,0.195,98.84,94.5,78.75,94.0,0.412
0022400075,1610612743,Denver,Nuggets,DEN,nuggets,240:00,84.3,87.9,96.9,104.1,-12.5,-16.2,0.829,1.81,19.4,0.391,0.683,0.532,15.51,16.2,0.393,0.418,1.0,0.2,104.22,98.5,82.08,99.0,0.472
0022400075,1610612760,Oklahoma City,Thunder,OKC,thunder,240:00,96.9,104.1,84.3,87.9,12.5,16.2,0.535,1.92,16.3,0.317,0.609,0.468,11.398,12.2,0.465,0.48,1.0,0.196,104.22,98.5,82.08,98.0,0.528
0022400181,1610612741,Chicago,Bulls,CHI,bulls,240:00,121.9,122.7,129.2,137.8,-7.3,-15.1,0.638,2.31,21.8,0.273,0.595,0.43,13.32,13.4,0.619,0.629,1.0,0.201,101.04,97.5,81.25,97.0,0.444
0022400181,1610612750,Minnesota,Timberwolves,MIN,timberwolves,240:00,129.2,137.8,121.9,122.7,7.3,15.1,0.569,2.07,20.2,0.405,0.727,0.57,13.4,14.3,0.634,0.672,1.0,0.196,101.04,97.5,81.25,98.0,0.556
0022400087,1610612743,Denver,Nuggets,DEN,nuggets,240:00,106.6,107.2,112.1,114.7,-5.5,-7.5,0.571,2.0,15.7,0.278,0.705,0.469,10.25,10.3,0.483,0.533,1.0,0.201,97.4,96.0,80.0,97.0,0.461
0022400087,1610612746,LA,Clippers,LAC,clippers,240:00,112.1,114.7,106.6,107.2,5.5,7.5,0.75,1.76,21.7,0.295,0.722,0.531,17.483,17.9,0.561,0.597,1.0,0.198,97.4,96.0,80.0,95.0,0.539
0022400135,1610612737,Atlanta,Hawks,ATL,hawks,240:00,109.6,110.6,115.8,118.3,-6.2,-7.7,0.732,2.31,21.0,0.2,0.681,0.422,12.39,12.5,0.549,0.575,1.0,0.2,105.56,104.0,86.67,104.0,0.451
0022400135,1610612758,Sacramento,Kings,SAC,kings,240:00,115.8,118.3,109.6,110.6,6.2,7.7,0.651,2.0,19.4,0.319,0.8,0.578,13.183,13.5,0.545,0.602,1.0,0.201,105.56,104.0,86.67,104.0,0.549
0022400177,1610612743,Denver,Nuggets,DEN,nuggets,240:00,114.3,113.8,109.8,111.9,4.5,1.8,0.81,1.89,21.9,0.32,0.75,0.555,16.587,16.5,0.562,0.599,1.0,0.202,109.82,109.0,90.83,109.0,0.533
0022400177,1610612760,Oklahoma City,Thunder,OKC,thunder,240:00,109.8,111.9,114.3,113.8,-4.5,-1.8,0.659,2.07,18.9,0.25,0.68,0.445,12.599,12.8,0.52,0.554,1.0,0.197,109.82,109.0,90.83,109.0,0.467
0022400085,1610612747,Los Angeles,Lakers,LAL,lakers,240:00,124.0,121.8,114.3,113.7,9.7,8.1,0.825,2.54,23.9,0.189,0.8,0.506,13.11,12.9,0.627,0.667,1.0,0.202,100.32,101.5,84.58,101.0,0.541
0022400085,1610612756,Phoenix,Suns,PHX,suns,240:00,114.3,113.7,124.0,121.8,-9.7,-8.1,0.833,2.06,24.7,0.2,0.811,0.494,16.752,16.7,0.616,0.648,1.0,0.199,100.32,101.5,84.58,102.0,0.459
0022400130,1610612762,Utah,Jazz,UTA,jazz,240:00,86.8,88.0,103.8,105.0,-17.0,-17.0,0.594,0.73,14.0,0.353,0.727,0.547,25.651,26.0,0.433,0.487,1.0,0.201,101.74,100.5,83.75,100.0,0.39
0022400130,1610612759,San Antonio,Spurs,SAS,spurs,240:00,103.8,105.0,86.8,88.0,17.0,17.0,0.658,2.27,18.1,0.273,0.647,0.453,10.772,10.9,0.478,0.519,1.0,0.2,101.74,100.5,83.75,101.0,0.61
0022400120,1610612755,Philadelphia,76ers,PHI,sixers,240:00,102.9,103.3,113.3,114.1,-10.4,-10.9,0.515,1.89,14.5,0.2,0.689,0.432,9.749,9.8,0.468,0.52,1.0,0.199,92.5,92.0,76.67,92.0,0.442
0022400120,1610612765,Detroit,Pistons,DET,pistons,240:00,113.3,114.1,102.9,103.3,10.4,10.9,0.639,1.35,18.0,0.311,0.8,0.568,18.343,18.5,0.558,0.599,1.0,0.197,92.5,92.0,76.67,92.0,0.558
0022400110,1610612742,Dallas,Mavericks,DAL,mavericks,240:00,106.3,110.0,97.4,101.0,8.9,9.0,0.628,1.93,18.8,0.327,0.633,0.487,13.529,14.0,0.511,0.537,1.0,0.199,104.12,100.5,83.75,100.0,0.553
0022400110,1610612762,Utah,Jazz,UTA,jazz,240:00,97.4,101.0,106.3,110.0,-8.9,-9.0,0.706,1.6,16.7,0.367,0.673,0.513,14.318,14.9,0.424,0.487,1.0,0.197,104.12,100.5,83.75,101.0,0.447
0022400182,1610612749,Milwaukee,Bucks,MIL,bucks,240:00,126.5,126.8,101.1,103.1,25.5,23.7,0.465,1.82,15.6,0.289,0.773,0.528,11.317,11.3,0.601,0.633,1.0,0.198,98.06,97.0,80.83,97.0,0.582
0022400182,1610612762,Utah,Jazz,UTA,jazz,240:00,101.1,103.1,126.5,126.8,-25.5,-23.7,0.727,1.09,18.3,0.227,0.711,0.472,22.24,22.7,0.539,0.589,1.0,0.196,98.06,97.0,80.83,97.0,0.418
0022400148,1610612743,Denver,Nuggets,DEN,nuggets,240:00,119.3,121.7,96.6,97.2,22.7,24.5,0.688,1.83,20.6,0.418,0.792,0.592,16.648,17.0,0.566,0.591,1.0,0.197,107.38,106.0,88.33,106.0,0.607
0022400148,1610612762,Utah,Jazz,UTA,jazz,240:00,96.6,97.2,119.3,121.7,-22.7,-24.5,0.75,1.0,17.3,0.208,0.582,0.408,22.506,22.6,0.5,0.568,1.0,0.194,107.38,106.0,88.33,106.0,0.393
0022400121,1610612764,Washington,Wizards,WAS,wizards,240:00,120.9,125.5,109.8,113.2,11.1,12.3,0.681,2.0,21.6,0.256,0.64,0.462,14.545,15.1,0.618,0.665,1.0,0.195,109.62,106.0,88.33,106.0,0.553
0022400121,1610612737,Atlanta,Hawks,ATL,hawks,240:00,109.8,113.2,120.9,125.5,-11.1,-12.3,0.622,1.65,18.8,0.36,0.744,0.538,15.562,16.0,0.537,0.576,1.0,0.196,109.62,106.0,88.33,106.0,0.447
0022400210,1610612757,Portland,Trail Blazers,POR,blazers,240:00,75.9,80.9,121.5,120.7,-45.6,-39.8,0.529,0.75,11.9,0.348,0.659,0.467,20.471,21.8,0.36,0.407,1.0,0.197,113.78,110.5,92.08,110.0,0.198
0022400210,1610612763,Memphis,Grizzlies,MEM,grizzlies,240:00,121.5,120.7,75.9,80.9,45.6,39.8,0.681,1.39,21.0,0.341,0.652,0.533,20.848,20.7,0.647,0.688,1.0,0.198,113.78,110.5,92.08,111.0,0.802
0022400207,1610612760,Oklahoma City,Thunder,OKC,thunder,240:00,113.2,117.2,125.6,128.3,-12.4,-11.1,0.595,2.27,17.7,0.34,0.617,0.47,10.738,11.1,0.505,0.55,1.0,0.198,101.78,99.0,82.5,99.0,0.447
0022400207,1610612744,Golden State,Warriors,GSW,warriors,240:00,125.6,128.3,113.2,117.2,12.4,11.1,0.778,2.33,23.5,0.383,0.66,0.53,14.834,15.2,0.624,0.641,1.0,0.198,101.78,99.0,82.5,99.0,0.553
0022400208,1610612743,Denver,Nuggets,DEN,nuggets,240:00,125.2,123.2,122.0,121.2,3.2,2.0,0.778,3.5,24.1,0.277,0.761,0.516,10.263,10.1,0.584,0.607,1.0,0.199,97.9,99.0,82.5,99.0,0.509
0022400208,1610612742,Dallas,Mavericks,DAL,mavericks,240:00,122.0,121.2,125.2,123.2,-3.2,-2.0,0.604,2.9,21.1,0.239,0.723,0.484,10.167,10.1,0.589,0.61,1.0,0.199,97.9,99.0,82.5,99.0,0.491
0022400204,1610612753,Orlando,Magic,ORL,magic,240:00,122.2,128.7,101.1,100.0,21.1,28.7,0.61,2.08,18.0,0.365,0.762,0.543,12.121,12.8,0.544,0.593,1.0,0.193,96.0,94.0,78.33,94.0,0.61
0022400204,1610612764,Washington,Wizards,WAS,wizards,240:00,101.1,100.0,122.2,128.7,-21.1,-28.7,0.606,1.18,16.7,0.238,0.635,0.457,18.28,18.1,0.528,0.566,1.0,0.2,96.0,94.0,78.33,94.0,0.39
0022400201,1610612765,Detroit,Pistons,DET,pistons,240:00,97.9,103.1,102.5,106.3,-4.6,-3.2,0.583,1.17,15.8,0.321,0.638,0.486,17.801,18.8,0.494,0.526,1.0,0.196,99.84,95.5,79.58,96.0,0.476
0022400201,1610612745,Houston,Rockets,HOU,rockets,240:00,102.5,106.3,97.9,103.1,4.6,3.2,0.5,1.58,14.1,0.362,0.679,0.514,12.175,12.6,0.446,0.488,1.0,0.197,99.84,95.5,79.58,95.0,0.524
0022400202,1610612749,Milwaukee,Bucks,MIL,bucks,240:00,108.9,109.2,110.9,115.3,-2.0,-6.1,0.538,1.62,16.9,0.136,0.75,0.469,13.233,13.3,0.562,0.593,1.0,0.196,100.06,98.0,81.67,98.0,0.499
0022400202,1610612738,Boston,Celtics,BOS,celtics,240:00,110.9,115.3,108.9,109.2,2.0,6.1,0.771,2.25,19.7,0.25,0.864,0.531,11.779,12.2,0.517,0.577,1.0,0.198,100.06,98.0,81.67,98.0,0.501
0022400211,1610612747,Los Angeles,Lakers,LAL,lakers,240:00,131.8,133.7,105.4,113.2,26.4,20.5,0.682,6.0,22.5,0.273,0.587,0.433,5.358,5.4,0.581,0.626,1.0,0.197,95.5,91.5,76.25,92.0,0.619
0022400211,1610612761,Toronto,Raptors,TOR,raptors,240:00,105.4,113.2,131.8,133.7,-26.4,-20.5,0.703,1.44,19.2,0.413,0.727,0.567,18.428,19.8,0.512,0.562,1.0,0.195,95.5,91.5,76.25,91.0,0.381
0022400203,1610612754,Indiana,Pacers,IND,pacers,240:00,126.9,133.3,119.9,122.2,7.0,11.1,0.6,2.7,19.9,0.239,0.75,0.477,9.615,10.1,0.631,0.667,1.0,0.191,102.44,99.0,82.5,99.0,0.518
0022400203,1610612752,New York,Knicks,NYK,knicks,240:00,119.9,122.2,126.9,133.3,-7.0,-11.1,0.5,1.64,17.4,0.25,0.761,0.523,13.878,14.1,0.596,0.638,1.0,0.195,102.44,99.0,82.5,99.0,0.482
0022400209,1610612756,Phoenix,Suns,PHX,suns,265:00,102.1,104.4,108.2,112.4,-6.1,-8.0,0.682,2.5,19.5,0.19,0.764,0.458,10.381,10.6,0.505,0.529,1.0,0.196,105.49,102.34,85.28,113.0,0.474
0022400209,1610612758,Sacramento,Kings,SAC,kings,265:00,108.2,112.4,102.1,104.4,6.1,8.0,0.46,1.53,15.5,0.236,0.81,0.542,12.781,13.3,0.544,0.575,1.0,0.196,105.49,102.34,85.28,113.0,0.526
0022400205,1610612755,Philadelphia,76ers,PHI,sixers,265:00,102.5,100.0,92.4,98.1,10.1,1.9,0.615,1.41,17.6,0.188,0.661,0.455,16.277,15.9,0.518,0.561,1.0,0.201,98.77,96.91,80.75,107.0,0.518
0022400205,1610612766,Charlotte,Hornets,CHA,hornets,265:00,92.4,98.1,102.5,100.0,-10.1,-1.9,0.611,1.05,14.9,0.339,0.813,0.545,18.473,19.6,0.453,0.502,1.0,0.197,98.77,96.91,80.75,107.0,0.482
0022400206,1610612750,Minnesota,Timberwolves,MIN,timberwolves,240:00,96.2,94.9,91.6,96.0,4.6,-1.0,0.629,1.1,16.2,0.296,0.739,0.5,20.467,20.2,0.472,0.501,1.0,0.197,100.7,99.0,82.5,99.0,0.487
0022400206,1610612748,Miami,Heat,MIA,heat,240:00,91.6,96.0,96.2,94.9,-4.6,1.0,0.529,0.78,14.1,0.261,0.704,0.5,22.184,23.2,0.513,0.548,1.0,0.195,100.7,99.0,82.5,99.0,0.513
0022400212,1610612741,Chicago,Bulls,CHI,bulls,240:00,105.6,109.7,113.8,114.4,-8.2,-4.7,0.605,1.24,18.4,0.283,0.746,0.543,19.619,20.4,0.575,0.601,1.0,0.198,105.8,103.5,86.25,103.0,0.489
0022400212,1610612739,Cleveland,Cavaliers,CLE,cavaliers,240:00,113.8,114.4,105.6,109.7,8.2,4.7,0.605,2.89,18.2,0.254,0.717,0.457,8.607,8.7,0.521,0.553,1.0,0.197,105.8,103.5,86.25,104.0,0.511
0022400213,1610612745,Houston,Rockets,HOU,rockets,240:00,104.9,104.9,87.9,90.2,17.0,14.7,0.325,0.62,9.8,0.417,0.759,0.598,20.588,20.6,0.489,0.546,1.0,0.198,103.36,102.0,85.0,102.0,0.593
0022400213,1610612764,Washington,Wizards,WAS,wizards,240:00,87.9,90.2,104.9,104.9,-17.0,-14.7,0.583,1.11,15.7,0.241,0.583,0.402,18.144,18.6,0.472,0.491,1.0,0.199,103.36,102.0,85.0,102.0,0.407
0022400216,1610612759,San Antonio,Spurs,SAS,spurs,240:00,117.7,120.8,99.0,100.0,18.7,20.8,0.721,1.72,22.5,0.262,0.774,0.547,18.27,18.8,0.635,0.655,1.0,0.195,97.74,96.0,80.0,96.0,0.604
0022400216,1610612758,Sacramento,Kings,SAC,kings,240:00,99.0,100.0,117.7,120.8,-18.7,-20.8,0.462,1.64,14.5,0.226,0.738,0.453,11.345,11.5,0.484,0.505,1.0,0.2,97.74,96.0,80.0,96.0,0.396
0022400215,1610612760,Oklahoma City,Thunder,OKC,thunder,240:00,129.9,131.4,125.8,125.5,4.2,5.9,0.66,2.82,21.7,0.267,0.564,0.405,10.667,10.8,0.615,0.663,1.0,0.198,102.44,102.0,85.0,102.0,0.529
0022400215,1610612746,LA,Clippers,LAC,clippers,240:00,125.8,125.5,129.9,131.4,-4.2,-5.9,0.705,1.29,21.0,0.436,0.733,0.595,23.585,23.5,0.675,0.69,1.0,0.197,102.44,102.0,85.0,102.0,0.471
0022400214,1610612740,New Orleans,Pelicans,NOP,pelicans,240:00,109.1,110.5,112.2,112.6,-3.1,-2.1,0.738,2.82,21.9,0.346,0.646,0.49,11.425,11.6,0.5,0.529,1.0,0.199,95.82,95.0,79.17,95.0,0.538
0022400214,1610612751,Brooklyn,Nets,BKN,nets,240:00,112.2,112.6,109.1,110.5,3.1,2.1,0.667,1.41,18.0,0.354,0.654,0.51,17.827,17.9,0.542,0.579,1.0,0.199,95.82,95.0,79.17,95.0,0.462
0022400006,1610612762,Utah,Jazz,UTA,jazz,240:00,115.5,119.1,125.4,126.3,-9.9,-7.2,0.711,2.46,22.7,0.333,0.682,0.5,13.408,13.8,0.571,0.584,1.0,0.195,96.32,94.5,78.75,94.0,0.471
0022400006,1610612756,Phoenix,Suns,PHX,suns,240:00,125.4,126.3,115.5,119.1,9.9,7.2,0.488,2.1,16.6,0.318,0.667,0.5,10.452,10.5,0.605,0.627,1.0,0.199,96.32,94.5,78.75,95.0,0.529
0022400007,1610612744,Golden State,Warriors,GSW,warriors,240:00,119.0,116.5,111.9,112.5,7.1,4.0,0.644,2.23,19.6,0.333,0.756,0.525,12.887,12.6,0.553,0.567,1.0,0.2,102.72,103.5,86.25,103.0,0.54
0022400007,1610612742,Dallas,Mavericks,DAL,mavericks,240:00,111.9,112.5,119.0,116.5,-7.1,-4.0,0.591,1.44,18.8,0.244,0.667,0.475,17.215,17.3,0.589,0.619,1.0,0.197,102.72,103.5,86.25,104.0,0.46
0022400001,1610612738,Boston,Celtics,BOS,celtics,240:00,115.0,117.2,115.0,117.0,0.0,0.2,0.737,1.4,20.8,0.231,0.528,0.402,19.826,20.2,0.627,0.668,1.0,0.2,101.3,99.5,82.92,99.0,0.49
0022400001,1610612737,Atlanta,Hawks,ATL,hawks,240:00,115.0,117.0,115.0,117.2,0.0,-0.2,0.7,2.19,22.3,0.472,0.769,0.598,15.729,16.0,0.55,0.553,1.0,0.2,101.3,99.5,82.92,100.0,0.51
0022400003,1610612753,Orlando,Magic,ORL,magic,240:00,109.2,114.0,85.4,88.1,23.8,25.9,0.581,2.27,18.2,0.222,0.736,0.477,10.54,11.0,0.532,0.562,1.0,0.198,104.26,100.5,83.75,100.0,0.614
0022400003,1610612766,Charlotte,Hornets,CHA,hornets,240:00,85.4,88.1,109.2,114.0,-23.8,-25.9,0.647,1.0,16.4,0.264,0.778,0.523,21.121,21.8,0.482,0.494,1.0,0.2,104.26,100.5,83.75,101.0,0.386
0022400005,1610612749,Milwaukee,Bucks,MIL,bucks,240:00,94.9,100.0,85.2,86.7,9.8,13.3,0.658,1.47,17.7,0.322,0.655,0.487,16.302,17.2,0.489,0.499,1.0,0.198,102.04,98.5,82.08,99.0,0.556
0022400005,1610612761,Toronto,Raptors,TOR,raptors,240:00,85.2,86.7,94.9,100.0,-9.8,-13.3,0.667,0.91,14.6,0.345,0.678,0.513,22.044,22.4,0.401,0.448,1.0,0.199,102.04,98.5,82.08,98.0,0.444
0022400004,1610612755,Philadelphia,76ers,PHI,sixers,240:00,99.4,99.0,108.2,111.0,-8.7,-12.0,0.613,1.27,14.9,0.212,0.711,0.443,15.066,15.0,0.458,0.529,1.0,0.197,101.08,100.0,83.33,100.0,0.396
0022400004,1610612752,New York,Knicks,NYK,knicks,240:00,108.2,111.0,99.4,99.0,8.7,12.0,0.705,2.07,21.9,0.289,0.788,0.557,14.62,15.0,0.545,0.581,1.0,0.201,101.08,100.0,83.33,100.0,0.604
0022400008,1610612757,Portland,Trail Blazers,POR,blazers,240:00,119.8,120.8,105.8,106.9,14.1,13.9,0.698,1.5,21.0,0.286,0.806,0.526,19.646,19.8,0.619,0.657,1.0,0.197,101.96,101.0,84.17,101.0,0.56
0022400008,1610612750,Minnesota,Timberwolves,MIN,timberwolves,240:00,105.8,106.9,119.8,120.8,-14.1,-13.9,0.595,0.96,17.2,0.194,0.714,0.474,22.523,22.8,0.596,0.65,1.0,0.196,101.96,101.0,84.17,101.0,0.44
0022400002,1610612765,Detroit,Pistons,DET,pistons,265:00,113.6,116.0,113.4,113.1,0.2,3.0,0.744,1.68,20.6,0.353,0.732,0.551,17.541,17.9,0.538,0.59,1.0,0.199,97.38,96.45,80.38,106.0,0.524
0022400002,1610612748,Miami,Heat,MIA,heat,265:00,113.4,113.1,113.6,116.0,-0.2,-3.0,0.532,2.08,17.4,0.268,0.647,0.449,11.244,11.2,0.55,0.567,1.0,0.195,97.38,96.45,80.38,107.0,0.476
0022400221,1610612760,Oklahoma City,Thunder,OKC,thunder,240:00,109.2,112.8,91.2,93.6,18.0,19.1,0.513,2.86,16.4,0.196,0.537,0.371,7.214,7.4,0.528,0.558,1.0,0.196,96.76,94.0,78.33,94.0,0.603
0022400221,1610612740,New Orleans,Pelicans,NOP,pelicans,240:00,91.2,93.6,109.2,112.8,-18.0,-19.1,0.618,0.88,15.2,0.463,0.804,0.629,24.876,25.5,0.448,0.471,1.0,0.197,96.76,94.0,78.33,94.0,0.397
0022400226,1610612757,Portland,Trail Blazers,POR,blazers,240:00,103.8,103.9,93.6,97.0,10.2,6.9,0.447,0.85,13.1,0.311,0.695,0.529,19.585,19.6,0.512,0.569,1.0,0.198,103.4,101.5,84.58,102.0,0.585
0022400226,1610612750,Minnesota,Timberwolves,MIN,timberwolves,240:00,93.6,97.0,103.8,103.9,-10.2,-6.9,0.432,1.14,12.0,0.305,0.689,0.471,13.374,13.9,0.431,0.473,1.0,0.199,103.4,101.5,84.58,101.0,0.415
0022400220,1610612755,Philadelphia,76ers,PHI,sixers,240:00,109.5,110.4,120.7,116.3,-11.2,-5.9,0.585,2.0,18.1,0.269,0.795,0.51,12.392,12.5,0.522,0.547,1.0,0.198,95.66,97.0,80.83,96.0,0.461
0022400220,1610612739,Cleveland,Cavaliers,CLE,cavaliers,240:00,120.7,116.3,109.5,110.4,11.2,5.9,0.595,2.27,19.5,0.205,0.731,0.49,11.643,11.2,0.588,0.616,1.0,0.199,95.66,97.0,80.83,98.0,0.539
0022400218,1610612751,Brooklyn,Nets,BKN,nets,240:00,117.6,117.5,139.6,143.3,-22.0,-25.8,0.65,2.0,20.6,0.146,0.674,0.425,13.413,13.4,0.627,0.656,1.0,0.198,98.24,97.0,80.83,97.0,0.41
0022400218,1610612738,Boston,Celtics,BOS,celtics,240:00,139.6,143.3,117.6,117.5,22.0,25.8,0.7,4.38,23.9,0.326,0.854,0.575,8.035,8.2,0.656,0.671,1.0,0.195,98.24,97.0,80.83,97.0,0.59
0022400223,1610612749,Milwaukee,Bucks,MIL,bucks,265:00,116.5,116.5,109.4,113.2,7.1,3.3,0.578,2.17,18.1,0.275,0.727,0.509,11.009,11.0,0.553,0.599,1.0,0.198,99.04,97.36,81.13,109.0,0.559
0022400223,1610612765,Detroit,Pistons,DET,pistons,265:00,109.4,113.2,116.5,116.5,-7.1,-3.3,0.63,1.93,19.4,0.273,0.725,0.491,13.671,14.2,0.55,0.568,1.0,0.197,99.04,97.36,81.13,106.0,0.441
0022400225,1610612747,Los Angeles,Lakers,LAL,lakers,240:00,116.3,120.8,116.6,117.1,-0.3,3.6,0.721,1.72,20.9,0.283,0.706,0.505,16.352,17.0,0.624,0.646,1.0,0.2,107.8,105.5,87.92,106.0,0.516
0022400225,1610612763,Memphis,Grizzlies,MEM,grizzlies,240:00,116.6,117.1,116.3,120.8,0.3,-3.6,0.667,2.0,19.2,0.294,0.717,0.495,13.268,13.3,0.539,0.594,1.0,0.201,107.8,105.5,87.92,105.0,0.484
0022400227,1610612758,Sacramento,Kings,SAC,kings,240:00,131.6,130.9,104.6,107.2,27.0,23.7,0.76,2.24,27.1,0.258,0.641,0.516,17.62,17.5,0.737,0.743,1.0,0.201,97.96,97.0,80.83,97.0,0.648
0022400227,1610612756,Phoenix,Suns,PHX,suns,240:00,104.6,107.2,131.6,130.9,-27.0,-23.7,0.639,2.3,16.3,0.359,0.742,0.484,10.056,10.3,0.438,0.48,1.0,0.199,97.96,97.0,80.83,97.0,0.352
0022400222,1610612745,Houston,Rockets,HOU,rockets,240:00,110.5,111.0,98.1,105.1,12.4,5.9,0.667,2.0,19.1,0.379,0.729,0.556,13.933,14.0,0.51,0.531,1.0,0.198,102.76,99.0,82.5,100.0,0.555
0022400222,1610612746,LA,Clippers,LAC,clippers,240:00,98.1,105.1,110.5,111.0,-12.4,-5.9,0.711,2.25,19.0,0.271,0.621,0.444,11.424,12.2,0.469,0.5,1.0,0.193,102.76,99.0,82.5,98.0,0.445
0022400224,1610612759,San Antonio,Spurs,SAS,spurs,240:00,129.8,128.7,119.2,122.6,10.6,6.1,0.792,4.22,24.8,0.267,0.702,0.489,8.405,8.3,0.62,0.655,1.0,0.202,108.06,107.0,89.17,108.0,0.571
0022400224,1610612764,Washington,Wizards,WAS,wizards,240:00,119.2,122.6,129.8,128.7,-10.6,-6.1,0.551,1.5,18.4,0.298,0.733,0.511,16.508,17.0,0.611,0.637,1.0,0.2,108.06,107.0,89.17,106.0,0.429
0022400219,1610612752,New York,Knicks,NYK,knicks,240:00,115.0,118.3,118.2,120.4,-3.2,-2.1,0.646,2.07,21.0,0.292,0.786,0.522,14.029,14.4,0.59,0.603,1.0,0.197,105.9,103.5,86.25,104.0,0.473
0022400219,1610612741,Chicago,Bulls,CHI,bulls,240:00,118.2,120.4,115.0,118.3,3.2,2.1,0.705,1.72,21.7,0.214,0.708,0.478,17.162,17.5,0.622,0.66,1.0,0.198,105.9,103.5,86.25,103.0,0.527
0022400217,1610612753,Orlando,Magic,ORL,magic,240:00,99.4,96.9,88.3,92.8,11.1,4.1,0.765,1.53,19.3,0.275,0.755,0.519,17.97,17.5,0.476,0.513,1.0,0.201,98.26,97.0,80.83,97.0,0.548
0022400217,1610612754,Indiana,Pacers,IND,pacers,240:00,88.3,92.8,99.4,96.9,-11.1,-4.1,0.688,1.29,16.8,0.245,0.725,0.481,16.68,17.5,0.44,0.49,1.0,0.196,98.26,97.0,80.83,97.0,0.452
