gameId,teamId,teamCity,teamName,teamTricode,teamSlug,minutes,pointsOffTurnovers,pointsSecondChance,pointsFastBreak,pointsPaint,oppPointsOffTurnovers,oppPointsSecondChance,oppPointsFastBreak,oppPointsPaint,blocks,blocksAgainst,foulsPersonal,foulsDrawn,personId,firstName,familyName,nameI,playerSlug,position,comment,jerseyNum
0022300141,1610612759,San Antonio,Spurs,SAS,spurs,265:00,22,18,8,58,12,16,7,44,7,6,21,15,,,,,,,,
0022300141,1610612761,Toronto,Raptors,TOR,raptors,265:00,12,16,7,44,22,18,8,58,6,7,15,21,,,,,,,,
0022300163,1610612745,Houston,Rockets,HOU,rockets,240:00,14,24,20,68,11,3,9,42,3,6,23,18,,,,,,,,
0022300163,1610612747,Los Angeles,Lakers,LAL,lakers,240:00,11,3,9,42,14,24,20,68,6,3,18,23,,,,,,,,
0022300143,1610612742,Dallas,Mavericks,DAL,mavericks,240:00,12,18,15,50,10,14,14,72,6,2,19,25,,,,,,,,
0022300143,1610612766,Charlotte,Hornets,CHA,hornets,240:00,10,14,14,72,12,18,15,50,2,6,25,19,,,,,,,,
0022300006,1610612743,Denver,Nuggets,DEN,nuggets,240:00,21,20,21,68,25,8,9,40,6,6,17,19,,,,,,,,
0022300006,1610612742,Dallas,Mavericks,DAL,mavericks,240:00,25,8,9,40,21,20,21,68,6,6,19,17,,,,,,,,
0022300092,1610612761,Toronto,Raptors,TOR,raptors,240:00,10,17,19,34,24,13,15,50,5,7,19,18,,,,,,,,
0022300092,1610612755,Philadelphia,76ers,PHI,sixers,240:00,24,13,15,50,10,17,19,34,7,5,18,19,,,,,,,,
0022300125,1610612762,Utah,Jazz,UTA,jazz,240:00,17,9,16,46,24,17,9,40,3,7,22,22,,,,,,,,
0022300125,1610612763,Memphis,Grizzlies,MEM,grizzlies,240:00,24,17,9,40,17,9,16,46,7,3,22,22,,,,,,,,
0022300150,1610612748,Miami,Heat,MIA,heat,240:00,23,13,9,48,25,6,19,64,4,5,14,17,,,,,,,,
0022300150,1610612747,Los Angeles,Lakers,LAL,lakers,240:00,25,6,19,64,23,13,9,48,5,4,17,14,,,,,,,,
0022300146,1610612754,Indiana,Pacers,IND,pacers,240:00,15,20,34,60,16,18,15,56,4,5,24,15,,,,,,,,
0022300146,1610612759,San Antonio,Spurs,SAS,spurs,240:00,16,18,15,56,15,20,34,60,5,4,15,24,,,,,,,,
0022300069,1610612761,Toronto,Raptors,TOR,raptors,240:00,14,14,34,38,11,21,12,44,11,9,18,14,,,,,,,,
0022300069,1610612750,Minnesota,Timberwolves,MIN,timberwolves,240:00,11,21,12,44,14,14,34,38,9,11,14,18,,,,,,,,
0022300166,1610612750,Minnesota,Timberwolves,MIN,timberwolves,240:00,27,8,20,56,13,15,2,48,7,1,23,23,,,,,,,,
0022300166,1610612740,New Orleans,Pelicans,NOP,pelicans,240:00,13,15,2,48,27,8,20,56,1,7,23,23,,,,,,,,
0022300101,1610612766,Charlotte,Hornets,CHA,hornets,240:00,19,13,16,74,13,15,28,64,5,8,23,19,,,,,,,,
0022300101,1610612751,Brooklyn,Nets,BKN,nets,240:00,13,15,28,64,19,13,16,74,8,5,19,23,,,,,,,,
0022300169,1610612743,Denver,Nuggets,DEN,nuggets,240:00,14,8,12,52,8,14,13,42,4,0,20,20,,,,,,,,
0022300169,1610612744,Golden State,Warriors,GSW,warriors,240:00,8,14,13,42,14,8,12,52,0,4,20,20,,,,,,,,
0022300182,1610612745,Houston,Rockets,HOU,rockets,240:00,7,17,3,42,11,17,3,58,4,5,16,20,,,,,,,,
0022300182,1610612743,Denver,Nuggets,DEN,nuggets,240:00,11,17,3,58,7,17,3,42,5,4,20,16,,,,,,,,
0022300099,1610612746,LA,Clippers,LAC,clippers,240:00,34,20,18,54,6,8,13,30,5,6,16,23,,,,,,,,
0022300099,1610612759,San Antonio,Spurs,SAS,spurs,240:00,6,8,13,30,34,20,18,54,6,5,23,16,,,,,,,,
0022300145,1610612765,Detroit,Pistons,DET,pistons,240:00,14,10,17,32,15,26,14,52,2,4,20,14,,,,,,,,
0022300145,1610612744,Golden State,Warriors,GSW,warriors,240:00,15,26,14,52,14,10,17,32,4,2,14,20,,,,,,,,
0022300007,1610612757,Portland,Trail Blazers,POR,blazers,265:00,28,23,21,50,16,9,26,64,7,10,15,25,,,,,,,,
0022300007,1610612763,Memphis,Grizzlies,MEM,grizzlies,265:00,16,9,26,64,28,23,21,50,10,7,25,15,,,,,,,,
0022300117,1610612737,Atlanta,Hawks,ATL,hawks,240:00,16,19,19,64,25,5,27,74,3,3,16,25,,,,,,,,
0022300117,1610612764,Washington,Wizards,WAS,wizards,240:00,25,5,27,74,16,19,19,64,3,3,25,16,,,,,,,,
0022300185,1610612756,Phoenix,Suns,PHX,suns,240:00,5,9,6,38,18,3,14,50,7,8,19,21,,,,,,,,
0022300185,1610612760,Oklahoma City,Thunder,OKC,thunder,240:00,18,3,14,50,5,9,6,38,8,7,21,19,,,,,,,,
0022300063,1610612766,Charlotte,Hornets,CHA,hornets,240:00,12,14,17,56,17,14,19,58,3,1,21,19,,,,,,,,
0022300063,1610612737,Atlanta,Hawks,ATL,hawks,240:00,17,14,19,58,12,14,17,56,1,3,19,21,,,,,,,,
0022300170,1610612758,Sacramento,Kings,SAC,kings,265:00,23,26,18,58,19,10,9,50,6,5,24,29,,,,,,,,
0022300170,1610612757,Portland,Trail Blazers,POR,blazers,265:00,19,10,9,50,23,26,18,58,5,6,29,24,,,,,,,,
0022300171,1610612754,Indiana,Pacers,IND,pacers,240:00,14,18,14,40,20,14,12,60,6,5,25,19,,,,,,,,
0022300171,1610612749,Milwaukee,Bucks,MIL,bucks,240:00,20,14,12,60,14,18,14,40,5,6,19,25,,,,,,,,
0022300114,1610612746,LA,Clippers,LAC,clippers,240:00,23,16,17,50,16,11,8,58,4,3,26,24,,,,,,,,
0022300114,1610612753,Orlando,Magic,ORL,magic,240:00,16,11,8,58,23,16,17,50,3,4,24,26,,,,,,,,
0022300186,1610612744,Golden State,Warriors,GSW,warriors,240:00,20,20,12,38,15,10,12,62,0,6,28,19,,,,,,,,
0022300186,1610612750,Minnesota,Timberwolves,MIN,timberwolves,240:00,15,10,12,62,20,20,12,38,6,0,19,28,,,,,,,,
0022300013,1610612759,San Antonio,Spurs,SAS,spurs,240:00,21,13,18,42,16,15,6,50,8,4,21,19,,,,,,,,
0022300013,1610612750,Minnesota,Timberwolves,MIN,timberwolves,240:00,16,15,6,50,21,13,18,42,4,8,19,21,,,,,,,,
0022300095,1610612760,Oklahoma City,Thunder,OKC,thunder,240:00,15,14,11,58,16,10,17,72,4,5,14,21,,,,,,,,
0022300095,1610612743,Denver,Nuggets,DEN,nuggets,240:00,16,10,17,72,15,14,11,58,5,4,21,14,,,,,,,,
0022300161,1610612752,New York,Knicks,NYK,knicks,240:00,19,22,16,50,6,13,11,58,0,7,14,22,,,,,,,,
0022300161,1610612759,San Antonio,Spurs,SAS,spurs,240:00,6,13,11,58,19,22,16,50,7,0,22,14,,,,,,,,
0022300176,1610612744,Golden State,Warriors,GSW,warriors,240:00,8,20,15,34,32,15,19,50,3,3,29,24,,,,,,,,
0022300176,1610612739,Cleveland,Cavaliers,CLE,cavaliers,240:00,32,15,19,50,8,20,15,34,3,3,24,29,,,,,,,,
0022300064,1610612754,Indiana,Pacers,IND,pacers,240:00,22,11,32,60,14,12,22,68,8,9,23,11,,,,,,,,
0022300064,1610612764,Washington,Wizards,WAS,wizards,240:00,14,12,22,68,22,11,32,60,9,8,11,23,,,,,,,,
0022300083,1610612759,San Antonio,Spurs,SAS,spurs,265:00,19,13,12,56,26,13,15,76,4,2,17,26,,,,,,,,
0022300083,1610612745,Houston,Rockets,HOU,rockets,265:00,26,13,15,76,19,13,12,56,2,4,26,17,,,,,,,,
0022300164,1610612763,Memphis,Grizzlies,MEM,grizzlies,240:00,22,12,23,48,13,13,13,44,4,8,27,24,,,,,,,,
0022300164,1610612748,Miami,Heat,MIA,heat,240:00,13,13,13,44,22,12,23,48,8,4,24,27,,,,,,,,
0022300160,1610612751,Brooklyn,Nets,BKN,nets,240:00,16,18,14,34,15,23,13,48,10,8,14,15,,,,,,,,
0022300160,1610612746,LA,Clippers,LAC,clippers,240:00,15,23,13,48,16,18,14,34,8,10,15,14,,,,,,,,
0022300149,1610612751,Brooklyn,Nets,BKN,nets,240:00,20,12,20,46,15,15,11,48,4,2,16,13,,,,,,,,
0022300149,1610612749,Milwaukee,Bucks,MIL,bucks,240:00,15,15,11,48,20,12,20,46,2,4,13,16,,,,,,,,
0022300127,1610612747,Los Angeles,Lakers,LAL,lakers,265:00,23,9,23,54,13,10,9,56,9,1,24,31,,,,,,,,
0022300127,1610612746,LA,Clippers,LAC,clippers,265:00,13,10,9,56,23,9,23,54,1,9,31,24,,,,,,,,
0022300123,1610612750,Minnesota,Timberwolves,MIN,timberwolves,240:00,22,13,16,50,12,11,9,56,5,10,15,22,,,,,,,,
0022300123,1610612743,Denver,Nuggets,DEN,nuggets,240:00,12,11,9,56,22,13,16,50,10,5,22,15,,,,,,,,
0022300124,1610612742,Dallas,Mavericks,DAL,mavericks,240:00,9,24,7,24,19,11,14,54,2,3,11,23,,,,,,,,
0022300124,1610612741,Chicago,Bulls,CHI,bulls,240:00,19,11,14,54,9,24,7,24,3,2,23,11,,,,,,,,
0022300184,1610612759,San Antonio,Spurs,SAS,spurs,240:00,15,18,17,38,33,13,9,42,6,3,21,12,,,,,,,,
0022300184,1610612748,Miami,Heat,MIA,heat,240:00,33,13,9,42,15,18,17,38,3,6,12,21,,,,,,,,
0022300014,1610612742,Dallas,Mavericks,DAL,mavericks,240:00,20,19,15,50,13,20,15,62,1,2,23,27,,,,,,,,
0022300014,1610612746,LA,Clippers,LAC,clippers,240:00,13,20,15,62,20,19,15,50,2,1,27,23,,,,,,,,
0022300173,1610612753,Orlando,Magic,ORL,magic,240:00,20,22,9,40,7,4,15,50,1,6,17,24,,,,,,,,
0022300173,1610612749,Milwaukee,Bucks,MIL,bucks,240:00,7,4,15,50,20,22,9,40,6,1,24,17,,,,,,,,
0022300159,1610612755,Philadelphia,76ers,PHI,sixers,240:00,14,19,21,56,20,12,19,40,7,6,16,13,,,,,,,,
0022300159,1610612738,Boston,Celtics,BOS,celtics,240:00,20,12,19,40,14,19,21,56,6,7,13,16,,,,,,,,
0022300142,1610612739,Cleveland,Cavaliers,CLE,cavaliers,240:00,11,18,26,58,19,17,10,24,2,4,21,18,,,,,,,,
0022300142,1610612744,Golden State,Warriors,GSW,warriors,240:00,19,17,10,24,11,18,26,58,4,2,18,21,,,,,,,,
0022300072,1610612762,Utah,Jazz,UTA,jazz,240:00,14,15,15,64,9,14,10,48,2,8,20,25,,,,,,,,
0022300072,1610612758,Sacramento,Kings,SAC,kings,240:00,9,14,10,48,14,15,15,64,8,2,25,20,,,,,,,,
0022300010,1610612738,Boston,Celtics,BOS,celtics,240:00,18,29,12,32,2,5,13,32,3,3,13,25,,,,,,,,
0022300010,1610612751,Brooklyn,Nets,BKN,nets,240:00,2,5,13,32,18,29,12,32,3,3,25,13,,,,,,,,
0022300003,1610612748,Miami,Heat,MIA,heat,240:00,17,13,9,58,27,5,22,64,1,4,18,18,,,,,,,,
0022300003,1610612764,Washington,Wizards,WAS,wizards,240:00,27,5,22,64,17,13,9,58,4,1,18,18,,,,,,,,
0022300167,1610612760,Oklahoma City,Thunder,OKC,thunder,240:00,30,18,10,60,19,17,10,64,8,5,27,24,,,,,,,,
0022300167,1610612739,Cleveland,Cavaliers,CLE,cavaliers,240:00,19,17,10,64,30,18,10,60,5,8,24,27,,,,,,,,
0022300177,1610612752,New York,Knicks,NYK,knicks,240:00,20,13,22,62,10,19,8,56,4,4,18,25,,,,,,,,
0022300177,1610612766,Charlotte,Hornets,CHA,hornets,240:00,10,19,8,56,20,13,22,62,4,4,25,18,,,,,,,,
0022300068,1610612748,Miami,Heat,MIA,heat,240:00,25,19,12,48,9,17,16,40,3,13,18,23,,,,,,,,
0022300068,1610612765,Detroit,Pistons,DET,pistons,240:00,9,17,16,40,25,19,12,48,13,3,23,18,,,,,,,,
0022300110,1610612743,Denver,Nuggets,DEN,nuggets,240:00,18,10,13,68,16,19,13,62,8,2,14,21,,,,,,,,
0022300110,1610612762,Utah,Jazz,UTA,jazz,240:00,16,19,13,62,18,10,13,68,2,8,21,14,,,,,,,,
0022300175,1610612737,Atlanta,Hawks,ATL,hawks,240:00,15,11,11,36,23,14,8,48,6,4,19,14,,,,,,,,
0022300175,1610612748,Miami,Heat,MIA,heat,240:00,23,14,8,48,15,11,11,36,4,6,14,19,,,,,,,,
0022300062,1610612744,Golden State,Warriors,GSW,warriors,240:00,22,20,11,44,9,27,13,48,6,7,23,22,,,,,,,,
0022300062,1610612756,Phoenix,Suns,PHX,suns,240:00,9,27,13,48,22,20,11,44,7,6,22,23,,,,,,,,
0022300073,1610612759,San Antonio,Spurs,SAS,spurs,240:00,16,13,19,46,18,19,19,56,5,3,23,20,,,,,,,,
0022300073,1610612742,Dallas,Mavericks,DAL,mavericks,240:00,18,19,19,56,16,13,19,46,3,5,20,23,,,,,,,,
0022300086,1610612757,Portland,Trail Blazers,POR,blazers,240:00,15,22,7,38,18,14,13,50,1,5,24,16,,,,,,,,
0022300086,1610612753,Orlando,Magic,ORL,magic,240:00,18,14,13,50,15,22,7,38,5,1,16,24,,,,,,,,
0022300180,1610612755,Philadelphia,76ers,PHI,sixers,240:00,18,30,16,70,17,10,5,58,7,9,15,14,,,,,,,,
0022300180,1610612754,Indiana,Pacers,IND,pacers,240:00,17,10,5,58,18,30,16,70,9,7,14,15,,,,,,,,
0022300090,1610612740,New Orleans,Pelicans,NOP,pelicans,240:00,21,7,25,52,14,19,21,50,5,3,22,17,,,,,,,,
0022300090,1610612752,New York,Knicks,NYK,knicks,240:00,14,19,21,50,21,7,25,52,3,5,17,22,,,,,,,,
0022300138,1610612750,Minnesota,Timberwolves,MIN,timberwolves,240:00,23,6,26,54,6,24,13,38,11,7,23,20,,,,,,,,
0022300138,1610612762,Utah,Jazz,UTA,jazz,240:00,6,24,13,38,23,6,26,54,7,11,20,23,,,,,,,,
0022300093,1610612750,Minnesota,Timberwolves,MIN,timberwolves,240:00,22,11,12,58,15,9,22,38,3,1,17,12,,,,,,,,
0022300093,1610612748,Miami,Heat,MIA,heat,240:00,15,9,22,38,22,11,12,58,1,3,12,17,,,,,,,,
0022300113,1610612756,Phoenix,Suns,PHX,suns,240:00,15,16,7,40,16,17,7,56,7,9,18,17,,,,,,,,
0022300113,1610612759,San Antonio,Spurs,SAS,spurs,240:00,16,17,7,56,15,16,7,40,9,7,17,18,,,,,,,,
0022300105,1610612761,Toronto,Raptors,TOR,raptors,240:00,19,12,22,60,19,21,22,50,4,7,17,19,,,,,,,,
0022300105,1610612757,Portland,Trail Blazers,POR,blazers,240:00,19,21,22,50,19,12,22,60,7,4,19,17,,,,,,,,
0022300106,1610612763,Memphis,Grizzlies,MEM,grizzlies,240:00,16,14,14,52,11,12,13,34,4,7,22,17,,,,,,,,
0022300106,1610612742,Dallas,Mavericks,DAL,mavericks,240:00,11,12,13,34,16,14,14,52,7,4,17,22,,,,,,,,
0022300134,1610612753,Orlando,Magic,ORL,magic,240:00,22,36,15,60,14,15,5,52,9,10,18,21,,,,,,,,
0022300134,1610612747,Los Angeles,Lakers,LAL,lakers,240:00,14,15,5,52,22,36,15,60,10,9,21,18,,,,,,,,
0022300011,1610612745,Houston,Rockets,HOU,rockets,240:00,27,16,9,44,4,14,6,40,5,6,22,26,,,,,,,,
0022300011,1610612740,New Orleans,Pelicans,NOP,pelicans,240:00,4,14,6,40,27,16,9,44,6,5,26,22,,,,,,,,
0022300158,1610612754,Indiana,Pacers,IND,pacers,240:00,28,26,23,74,15,22,20,66,7,5,15,17,,,,,,,,
0022300158,1610612762,Utah,Jazz,UTA,jazz,240:00,15,22,20,66,28,26,23,74,5,7,17,15,,,,,,,,
0022300174,1610612738,Boston,Celtics,BOS,celtics,240:00,10,8,9,60,14,6,12,42,4,1,14,14,,,,,,,,
0022300174,1610612761,Toronto,Raptors,TOR,raptors,240:00,14,6,12,42,10,8,9,60,1,4,14,14,,,,,,,,
0022300102,1610612754,Indiana,Pacers,IND,pacers,240:00,21,15,17,44,14,18,10,54,5,6,24,17,,,,,,,,
0022300102,1610612741,Chicago,Bulls,CHI,bulls,240:00,14,18,10,54,21,15,17,44,6,5,17,24,,,,,,,,
0022300136,1610612751,Brooklyn,Nets,BKN,nets,240:00,16,9,7,38,8,19,16,52,5,6,21,17,,,,,,,,
0022300136,1610612738,Boston,Celtics,BOS,celtics,240:00,8,19,16,52,16,9,7,38,6,5,17,21,,,,,,,,
0022300078,1610612763,Memphis,Grizzlies,MEM,grizzlies,240:00,23,8,22,44,26,15,9,46,7,9,23,18,,,,,,,,
0022300078,1610612743,Denver,Nuggets,DEN,nuggets,240:00,26,15,9,46,23,8,22,44,9,7,18,23,,,,,,,,
0022300121,1610612760,Oklahoma City,Thunder,OKC,thunder,240:00,11,8,9,54,23,27,12,52,5,5,24,20,,,,,,,,
0022300121,1610612740,New Orleans,Pelicans,NOP,pelicans,240:00,23,27,12,52,11,8,9,54,5,5,20,24,,,,,,,,
0022300178,1610612751,Brooklyn,Nets,BKN,nets,240:00,13,21,11,38,28,7,21,40,6,3,18,15,,,,,,,,
0022300178,1610612764,Washington,Wizards,WAS,wizards,240:00,28,7,21,40,13,21,11,38,3,6,15,18,,,,,,,,
0022300108,1610612740,New Orleans,Pelicans,NOP,pelicans,240:00,14,11,22,44,12,25,6,54,3,7,18,21,,,,,,,,
0022300108,1610612744,Golden State,Warriors,GSW,warriors,240:00,12,25,6,54,14,11,22,44,7,3,21,18,,,,,,,,
0022300111,1610612747,Los Angeles,Lakers,LAL,lakers,240:00,14,4,7,54,20,20,11,44,10,3,17,22,,,,,,,,
0022300111,1610612753,Orlando,Magic,ORL,magic,240:00,20,20,11,44,14,4,7,54,3,10,22,17,,,,,,,,
0022300140,1610612765,Detroit,Pistons,DET,pistons,240:00,18,8,8,64,26,15,10,64,6,10,23,13,,,,,,,,
0022300140,1610612756,Phoenix,Suns,PHX,suns,240:00,26,15,10,64,18,8,8,64,10,6,13,23,,,,,,,,
0022300128,1610612755,Philadelphia,76ers,PHI,sixers,240:00,23,18,27,66,20,9,20,50,3,3,19,20,,,,,,,,
0022300128,1610612761,Toronto,Raptors,TOR,raptors,240:00,20,9,20,50,23,18,27,66,3,3,20,19,,,,,,,,
0022300091,1610612739,Cleveland,Cavaliers,CLE,cavaliers,240:00,7,20,9,58,12,15,15,62,6,4,16,20,,,,,,,,
0022300091,1610612754,Indiana,Pacers,IND,pacers,240:00,12,15,15,62,7,20,9,58,4,6,20,16,,,,,,,,
0022300120,1610612752,New York,Knicks,NYK,knicks,240:00,20,16,8,42,16,6,14,36,3,5,16,27,,,,,,,,
0022300120,1610612739,Cleveland,Cavaliers,CLE,cavaliers,240:00,16,6,14,36,20,16,8,42,5,3,27,16,,,,,,,,
0022300112,1610612739,Cleveland,Cavaliers,CLE,cavaliers,240:00,18,7,19,42,28,20,17,40,6,1,19,17,,,,,,,,
0022300112,1610612752,New York,Knicks,NYK,knicks,240:00,28,20,17,40,18,7,19,42,1,6,17,19,,,,,,,,
0022300179,1610612746,LA,Clippers,LAC,clippers,,0,0,0,0,0,0,0,0,0,0,0,0,,,,,,,,
0022300179,1610612763,Memphis,Grizzlies,MEM,grizzlies,,0,0,0,0,0,0,0,0,0,0,0,0,,,,,,,,
0022300065,1610612752,New York,Knicks,NYK,knicks,240:00,11,20,7,24,14,4,18,42,0,11,22,22,,,,,,,,
0022300065,1610612738,Boston,Celtics,BOS,celtics,240:00,14,4,18,42,11,20,7,24,11,0,22,22,,,,,,,,
0022300119,1610612748,Miami,Heat,MIA,heat,240:00,20,16,13,44,25,9,24,40,5,4,20,18,,,,,,,,
0022300119,1610612751,Brooklyn,Nets,BKN,nets,240:00,25,9,24,40,20,16,13,44,4,5,18,20,,,,,,,,
0022300103,1610612764,Washington,Wizards,WAS,wizards,240:00,30,11,20,48,23,17,16,52,4,6,13,21,,,,,,,,
0022300103,1610612738,Boston,Celtics,BOS,celtics,240:00,23,17,16,52,30,11,20,48,6,4,21,13,,,,,,,,
0022300187,1610612747,Los Angeles,Lakers,LAL,lakers,240:00,10,10,15,68,16,11,24,48,4,8,11,25,,,,,,,,
0022300187,1610612757,Portland,Trail Blazers,POR,blazers,240:00,16,11,24,48,10,10,15,68,8,4,25,11,,,,,,,,
0022300116,1610612761,Toronto,Raptors,TOR,raptors,240:00,10,21,26,66,17,13,5,40,6,2,25,17,,,,,,,,
0022300116,1610612749,Milwaukee,Bucks,MIL,bucks,240:00,17,13,5,40,10,21,26,66,2,6,17,25,,,,,,,,
0022300081,1610612739,Cleveland,Cavaliers,CLE,cavaliers,240:00,18,9,17,48,15,8,17,38,8,10,16,17,,,,,,,,
0022300081,1610612760,Oklahoma City,Thunder,OKC,thunder,240:00,15,8,17,38,18,9,17,48,10,8,17,16,,,,,,,,
0022300104,1610612737,Atlanta,Hawks,ATL,hawks,240:00,21,7,19,50,9,8,17,48,7,5,12,17,,,,,,,,
0022300104,1610612750,Minnesota,Timberwolves,MIN,timberwolves,240:00,9,8,17,48,21,7,19,50,5,7,17,12,,,,,,,,
0022300075,1610612749,Milwaukee,Bucks,MIL,bucks,240:00,17,12,18,48,16,3,20,46,4,4,23,28,,,,,,,,
0022300075,1610612755,Philadelphia,76ers,PHI,sixers,240:00,16,3,20,46,17,12,18,48,4,4,28,23,,,,,,,,
0022300137,1610612745,Houston,Rockets,HOU,rockets,240:00,13,10,6,54,10,11,2,42,3,6,18,19,,,,,,,,
0022300137,1610612758,Sacramento,Kings,SAC,kings,240:00,10,11,2,42,13,10,6,54,6,3,19,18,,,,,,,,
0022300061,1610612743,Denver,Nuggets,DEN,nuggets,240:00,20,17,20,52,18,4,20,58,6,4,15,18,,,,,,,,
0022300061,1610612747,Los Angeles,Lakers,LAL,lakers,240:00,18,4,20,58,20,17,20,52,4,6,18,15,,,,,,,,
0022300183,1610612740,New Orleans,Pelicans,NOP,pelicans,240:00,6,11,13,48,22,9,30,54,3,6,20,19,,,,,,,,
0022300183,1610612742,Dallas,Mavericks,DAL,mavericks,240:00,22,9,30,54,6,11,13,48,6,3,19,20,,,,,,,,
0022300071,1610612763,Memphis,Grizzlies,MEM,grizzlies,240:00,28,23,2,50,23,25,7,46,7,5,19,21,,,,,,,,
0022300071,1610612740,New Orleans,Pelicans,NOP,pelicans,240:00,23,25,7,46,28,23,2,50,5,7,21,19,,,,,,,,
0022300084,1610612742,Dallas,Mavericks,DAL,mavericks,240:00,16,11,10,50,13,9,20,42,2,4,15,28,,,,,,,,
0022300084,1610612751,Brooklyn,Nets,BKN,nets,240:00,13,9,20,42,16,11,10,50,4,2,28,15,,,,,,,,
0022300085,1610612762,Utah,Jazz,UTA,jazz,240:00,15,33,18,46,16,8,5,48,4,6,24,22,,,,,,,,
0022300085,1610612746,LA,Clippers,LAC,clippers,240:00,16,8,5,48,15,33,18,46,6,4,22,24,,,,,,,,
0022300001,1610612754,Indiana,Pacers,IND,pacers,240:00,15,20,17,52,26,6,24,62,5,9,18,20,,,,,,,,
0022300001,1610612739,Cleveland,Cavaliers,CLE,cavaliers,240:00,26,6,24,62,15,20,17,52,9,5,20,18,,,,,,,,
0022300094,1610612756,Phoenix,Suns,PHX,suns,240:00,27,7,23,64,11,15,6,50,7,5,19,20,,,,,,,,
0022300094,1610612762,Utah,Jazz,UTA,jazz,240:00,11,15,6,50,27,7,23,64,5,7,20,19,,,,,,,,
0022300133,1610612754,Indiana,Pacers,IND,pacers,240:00,16,16,9,40,20,17,12,74,5,10,18,20,,,,,,,,
0022300133,1610612766,Charlotte,Hornets,CHA,hornets,240:00,20,17,12,74,16,16,9,40,10,5,20,18,,,,,,,,
0022300107,1610612749,Milwaukee,Bucks,MIL,bucks,240:00,18,10,9,56,18,0,15,42,5,2,23,20,,,,,,,,
0022300107,1610612748,Miami,Heat,MIA,heat,240:00,18,0,15,42,18,10,9,56,2,5,20,23,,,,,,,,
0022300079,1610612737,Atlanta,Hawks,ATL,hawks,240:00,20,14,17,54,24,12,16,40,6,6,20,21,,,,,,,,
0022300079,1610612752,New York,Knicks,NYK,knicks,240:00,24,12,16,40,20,14,17,54,6,6,21,20,,,,,,,,
0022300151,1610612752,New York,Knicks,NYK,knicks,240:00,35,16,28,56,21,13,6,38,1,3,13,15,,,,,,,,
0022300151,1610612746,LA,Clippers,LAC,clippers,240:00,21,13,6,38,35,16,28,56,3,1,15,13,,,,,,,,
0022300156,1610612743,Denver,Nuggets,DEN,nuggets,240:00,22,18,16,64,13,10,13,46,5,2,16,18,,,,,,,,
0022300156,1610612740,New Orleans,Pelicans,NOP,pelicans,240:00,13,10,13,46,22,18,16,64,2,5,18,16,,,,,,,,
0022300088,1610612765,Detroit,Pistons,DET,pistons,240:00,10,20,11,60,17,10,8,36,4,5,18,20,,,,,,,,
0022300088,1610612741,Chicago,Bulls,CHI,bulls,240:00,17,10,8,36,10,20,11,60,5,4,20,18,,,,,,,,
0022300172,1610612753,Orlando,Magic,ORL,magic,240:00,27,13,21,58,25,13,23,50,6,7,24,25,,,,,,,,
0022300172,1610612737,Atlanta,Hawks,ATL,hawks,240:00,25,13,23,50,27,13,21,58,7,6,25,24,,,,,,,,
0022300096,1610612745,Houston,Rockets,HOU,rockets,240:00,14,5,12,46,13,19,11,24,4,6,20,18,,,,,,,,
0022300096,1610612744,Golden State,Warriors,GSW,warriors,240:00,13,19,11,24,14,5,12,46,6,4,18,20,,,,,,,,
0022300100,1610612758,Sacramento,Kings,SAC,kings,265:00,10,20,7,56,15,16,22,44,7,4,28,22,,,,,,,,
0022300100,1610612747,Los Angeles,Lakers,LAL,lakers,265:00,15,16,22,44,10,20,7,56,4,7,22,28,,,,,,,,
0022300148,1610612755,Philadelphia,76ers,PHI,sixers,240:00,18,5,24,62,18,18,21,60,7,10,15,26,,,,,,,,
0022300148,1610612764,Washington,Wizards,WAS,wizards,240:00,18,18,21,60,18,5,24,62,10,7,26,15,,,,,,,,
0022300015,1610612756,Phoenix,Suns,PHX,suns,240:00,9,21,18,52,15,10,20,52,1,7,24,20,,,,,,,,
0022300015,1610612747,Los Angeles,Lakers,LAL,lakers,240:00,15,10,20,52,9,21,18,52,7,1,20,24,,,,,,,,
0022300077,1610612766,Charlotte,Hornets,CHA,hornets,240:00,26,7,19,48,25,19,14,54,7,6,23,29,,,,,,,,
0022300077,1610612765,Detroit,Pistons,DET,pistons,240:00,25,19,14,54,26,7,19,48,6,7,29,23,,,,,,,,
0022300005,1610612760,Oklahoma City,Thunder,OKC,thunder,240:00,18,14,7,62,30,23,12,48,1,2,20,25,,,,,,,,
0022300005,1610612744,Golden State,Warriors,GSW,warriors,240:00,30,23,12,48,18,14,7,62,2,1,25,20,,,,,,,,
0022300008,1610612765,Detroit,Pistons,DET,pistons,240:00,5,9,16,48,27,13,16,48,5,5,26,23,,,,,,,,
0022300008,1610612755,Philadelphia,76ers,PHI,sixers,240:00,27,13,16,48,5,9,16,48,5,5,23,26,,,,,,,,
0022300168,1610612742,Dallas,Mavericks,DAL,mavericks,240:00,9,12,6,40,14,15,15,72,6,4,21,25,,,,,,,,
0022300168,1610612761,Toronto,Raptors,TOR,raptors,240:00,14,15,15,72,9,12,6,40,4,6,25,21,,,,,,,,
0022300130,1610612762,Utah,Jazz,UTA,jazz,240:00,20,12,12,56,20,13,18,56,7,9,27,25,,,,,,,,
0022300130,1610612753,Orlando,Magic,ORL,magic,240:00,20,13,18,56,20,12,12,56,9,7,25,27,,,,,,,,
0022300147,1610612753,Orlando,Magic,ORL,magic,240:00,21,16,9,52,23,14,18,38,4,6,24,20,,,,,,,,
0022300147,1610612742,Dallas,Mavericks,DAL,mavericks,240:00,23,14,18,38,21,16,9,52,6,4,20,24,,,,,,,,
0022300066,1610612753,Orlando,Magic,ORL,magic,240:00,23,19,5,54,14,10,11,32,6,3,20,24,,,,,,,,
0022300066,1610612745,Houston,Rockets,HOU,rockets,240:00,14,10,11,32,23,19,5,54,3,6,24,20,,,,,,,,
0022300155,1610612760,Oklahoma City,Thunder,OKC,thunder,240:00,14,13,32,56,11,19,21,48,7,3,22,16,,,,,,,,
0022300155,1610612737,Atlanta,Hawks,ATL,hawks,240:00,11,19,21,48,14,13,32,56,3,7,16,22,,,,,,,,
0022300009,1610612764,Washington,Wizards,WAS,wizards,240:00,12,7,11,54,22,32,15,74,6,4,23,19,,,,,,,,
0022300009,1610612766,Charlotte,Hornets,CHA,hornets,240:00,22,32,15,74,12,7,11,54,4,6,19,23,,,,,,,,
0022300097,1610612749,Milwaukee,Bucks,MIL,bucks,240:00,22,17,7,44,22,18,25,50,3,2,22,17,,,,,,,,
0022300097,1610612737,Atlanta,Hawks,ATL,hawks,240:00,22,18,25,50,22,17,7,44,2,3,17,22,,,,,,,,
0022300152,1610612741,Chicago,Bulls,CHI,bulls,240:00,30,16,12,48,1,16,17,46,3,7,18,20,,,,,,,,
0022300152,1610612762,Utah,Jazz,UTA,jazz,240:00,1,16,17,46,30,16,12,48,7,3,20,18,,,,,,,,
0022300118,1610612738,Boston,Celtics,BOS,celtics,240:00,13,15,19,52,12,8,14,70,2,6,19,20,,,,,,,,
0022300118,1610612754,Indiana,Pacers,IND,pacers,240:00,12,8,14,70,13,15,19,52,6,2,20,19,,,,,,,,
0022300004,1610612741,Chicago,Bulls,CHI,bulls,240:00,16,4,8,44,18,7,21,46,4,4,13,12,,,,,,,,
0022300004,1610612751,Brooklyn,Nets,BKN,nets,240:00,18,7,21,46,16,4,8,44,4,4,12,13,,,,,,,,
0022300126,1610612744,Golden State,Warriors,GSW,warriors,240:00,20,10,7,46,18,12,10,38,6,4,17,17,,,,,,,,
0022300126,1610612758,Sacramento,Kings,SAC,kings,240:00,18,12,10,38,20,10,7,46,4,6,17,17,,,,,,,,
0022300135,1610612740,New Orleans,Pelicans,NOP,pelicans,240:00,13,14,17,58,19,24,14,56,7,6,15,16,,,,,,,,
0022300135,1610612737,Atlanta,Hawks,ATL,hawks,240:00,19,24,14,56,13,14,17,58,6,7,16,15,,,,,,,,
0022300087,1610612758,Sacramento,Kings,SAC,kings,240:00,18,8,5,54,26,9,11,44,3,3,16,24,,,,,,,,
0022300087,1610612744,Golden State,Warriors,GSW,warriors,240:00,26,9,11,44,18,8,5,54,3,3,24,16,,,,,,,,
0022300082,1610612741,Chicago,Bulls,CHI,bulls,265:00,23,24,14,50,16,10,12,48,5,2,22,29,,,,,,,,
0022300082,1610612761,Toronto,Raptors,TOR,raptors,265:00,16,10,12,48,23,24,14,50,2,5,29,22,,,,,,,,
0022300139,1610612743,Denver,Nuggets,DEN,nuggets,240:00,18,12,15,48,22,14,16,46,4,3,18,19,,,,,,,,
0022300139,1610612741,Chicago,Bulls,CHI,bulls,240:00,22,14,16,46,18,12,15,48,3,4,19,18,,,,,,,,
0022300131,1610612756,Phoenix,Suns,PHX,suns,240:00,7,12,9,44,17,9,18,58,4,5,15,21,,,,,,,,
0022300131,1610612759,San Antonio,Spurs,SAS,spurs,240:00,17,9,18,58,7,12,9,44,5,4,21,15,,,,,,,,
0022300076,1610612747,Los Angeles,Lakers,LAL,lakers,240:00,29,6,16,60,22,14,6,36,7,3,23,21,,,,,,,,
0022300076,1610612756,Phoenix,Suns,PHX,suns,240:00,22,14,6,36,29,6,16,60,3,7,21,23,,,,,,,,
0022300098,1610612755,Philadelphia,76ers,PHI,sixers,240:00,17,12,23,50,13,12,16,50,17,9,20,26,,,,,,,,
0022300098,1610612757,Portland,Trail Blazers,POR,blazers,240:00,13,12,16,50,17,12,23,50,9,17,26,20,,,,,,,,
0022300153,1610612745,Houston,Rockets,HOU,rockets,240:00,19,8,14,50,9,19,11,38,4,2,19,22,,,,,,,,
0022300153,1610612758,Sacramento,Kings,SAC,kings,240:00,9,19,11,38,19,8,14,50,2,4,22,19,,,,,,,,
0022300074,1610612746,LA,Clippers,LAC,clippers,240:00,24,19,15,58,21,22,14,54,7,4,20,20,,,,,,,,
0022300074,1610612757,Portland,Trail Blazers,POR,blazers,240:00,21,22,14,54,24,19,15,58,4,7,20,20,,,,,,,,
0022300132,1610612755,Philadelphia,76ers,PHI,sixers,240:00,16,17,19,60,16,17,8,42,6,12,24,11,,,,,,,,
0022300132,1610612756,Phoenix,Suns,PHX,suns,240:00,16,17,8,42,16,17,19,60,12,6,11,24,,,,,,,,
0022300162,1610612741,Chicago,Bulls,CHI,bulls,265:00,30,14,17,46,11,14,12,34,7,10,22,20,,,,,,,,
0022300162,1610612756,Phoenix,Suns,PHX,suns,265:00,11,14,12,34,30,14,17,46,10,7,20,22,,,,,,,,
0022300144,1610612757,Portland,Trail Blazers,POR,blazers,240:00,12,20,13,34,19,12,9,52,5,7,21,18,,,,,,,,
0022300144,1610612763,Memphis,Grizzlies,MEM,grizzlies,240:00,19,12,9,52,12,20,13,34,7,5,18,21,,,,,,,,
0022300115,1610612765,Detroit,Pistons,DET,pistons,240:00,18,10,17,56,15,11,3,48,4,7,31,15,,,,,,,,
0022300115,1610612757,Portland,Trail Blazers,POR,blazers,240:00,15,11,3,48,18,10,17,56,7,4,15,31,,,,,,,,
0022300080,1610612738,Boston,Celtics,BOS,celtics,240:00,6,23,9,52,16,16,9,36,6,6,19,16,,,,,,,,
0022300080,1610612748,Miami,Heat,MIA,heat,240:00,16,16,9,36,6,23,9,52,6,6,16,19,,,,,,,,
0022300089,1610612764,Washington,Wizards,WAS,wizards,240:00,18,6,8,42,14,14,14,36,5,8,15,21,,,,,,,,
0022300089,1610612763,Memphis,Grizzlies,MEM,grizzlies,240:00,14,14,14,36,18,6,8,42,8,5,21,15,,,,,,,,
0022300070,1610612741,Chicago,Bulls,CHI,bulls,240:00,22,19,8,44,16,11,17,40,3,4,16,19,,,,,,,,
0022300070,1610612760,Oklahoma City,Thunder,OKC,thunder,240:00,16,11,17,40,22,19,8,44,4,3,19,16,,,,,,,,
0022300016,1610612758,Sacramento,Kings,SAC,kings,240:00,23,23,13,46,20,6,11,58,9,5,22,15,,,,,,,,
0022300016,1610612760,Oklahoma City,Thunder,OKC,thunder,240:00,20,6,11,58,23,23,13,46,5,9,15,22,,,,,,,,
0022300129,1610612740,New Orleans,Pelicans,NOP,pelicans,240:00,24,14,12,44,14,16,15,44,7,5,18,31,,,,,,,,
0022300129,1610612765,Detroit,Pistons,DET,pistons,240:00,14,16,15,44,24,14,12,44,5,7,31,18,,,,,,,,
0022300002,1610612749,Milwaukee,Bucks,MIL,bucks,240:00,4,8,7,28,14,13,15,42,10,1,16,22,,,,,,,,
0022300002,1610612752,New York,Knicks,NYK,knicks,240:00,14,13,15,42,4,8,7,28,1,10,22,16,,,,,,,,
0022300165,1610612749,Milwaukee,Bucks,MIL,bucks,240:00,18,9,13,48,6,13,10,50,7,5,18,24,,,,,,,,
0022300165,1610612765,Detroit,Pistons,DET,pistons,240:00,6,13,10,50,18,9,13,48,5,7,24,18,,,,,,,,
0022300122,1610612745,Houston,Rockets,HOU,rockets,240:00,27,6,21,32,20,22,15,58,2,8,22,19,,,,,,,,
0022300122,1610612766,Charlotte,Hornets,CHA,hornets,240:00,20,22,15,58,27,6,21,32,8,2,19,22,,,,,,,,
0022300154,1610612750,Minnesota,Timberwolves,MIN,timberwolves,265:00,20,9,18,46,26,14,13,38,5,2,26,26,,,,,,,,
0022300154,1610612738,Boston,Celtics,BOS,celtics,265:00,26,14,13,38,20,9,18,46,2,5,26,26,,,,,,,,
0022300012,1610612763,Memphis,Grizzlies,MEM,grizzlies,240:00,24,18,14,48,17,9,17,44,5,12,23,17,,,,,,,,
0022300012,1610612762,Utah,Jazz,UTA,jazz,240:00,17,9,17,44,24,18,14,48,12,5,17,23,,,,,,,,
0022300157,1610612766,Charlotte,Hornets,CHA,hornets,240:00,12,12,5,64,35,18,8,56,5,6,22,26,,,,,,,,
0022300157,1610612764,Washington,Wizards,WAS,wizards,240:00,35,18,8,56,12,12,5,64,6,5,26,22,,,,,,,,
0022300067,1610612751,Brooklyn,Nets,BKN,nets,240:00,16,10,24,56,26,13,21,50,6,6,16,23,,,,,,,,
0022300067,1610612739,Cleveland,Cavaliers,CLE,cavaliers,240:00,26,13,21,50,16,10,24,56,6,6,23,16,,,,,,,,
0022300109,1610612760,Oklahoma City,Thunder,OKC,thunder,240:00,26,11,16,50,27,15,12,42,10,5,19,25,,,,,,,,
0022300109,1610612765,Detroit,Pistons,DET,pistons,240:00,27,15,12,42,26,11,16,50,5,10,25,19,,,,,,,,
0022300181,1610612741,Chicago,Bulls,CHI,bulls,240:00,25,13,16,52,9,24,13,46,6,6,21,19,,,,,,,,
0022300181,1610612765,Detroit,Pistons,DET,pistons,240:00,9,24,13,46,25,13,16,52,6,6,19,21,,,,,,,,
0022300189,1610612761,Toronto,Raptors,TOR,raptors,240:00,23,18,22,76,26,9,18,48,4,5,13,22,,,,,,,,
0022300189,1610612764,Washington,Wizards,WAS,wizards,240:00,26,9,18,48,23,18,22,76,5,4,22,13,,,,,,,,
0022300188,1610612738,Boston,Celtics,BOS,celtics,240:00,12,15,9,34,16,15,5,18,3,2,22,16,,,,,,,,
0022300188,1610612752,New York,Knicks,NYK,knicks,240:00,16,15,5,18,12,15,9,34,2,3,16,22,,,,,,,,
0022300191,1610612758,Sacramento,Kings,SAC,kings,240:00,16,11,10,52,8,25,2,50,4,1,19,18,,,,,,,,
0022300191,1610612739,Cleveland,Cavaliers,CLE,cavaliers,240:00,8,25,2,50,16,11,10,52,1,4,18,19,,,,,,,,
0022300190,1610612749,Milwaukee,Bucks,MIL,bucks,240:00,10,22,15,42,22,22,13,38,5,7,23,25,,,,,,,,
0022300190,1610612741,Chicago,Bulls,CHI,bulls,240:00,22,22,13,38,10,22,15,42,7,5,25,23,,,,,,,,
0022300025,1610612744,Golden State,Warriors,GSW,warriors,240:00,22,14,7,34,20,15,11,36,2,5,22,19,,,,,,,,
0022300025,1610612750,Minnesota,Timberwolves,MIN,timberwolves,240:00,20,15,11,36,22,14,7,34,5,2,19,22,,,,,,,,
0022300023,1610612762,Utah,Jazz,UTA,jazz,240:00,23,20,20,56,9,12,9,40,6,6,18,15,,,,,,,,
0022300023,1610612757,Portland,Trail Blazers,POR,blazers,240:00,9,12,9,40,23,20,20,56,6,6,15,18,,,,,,,,
0022300022,1610612740,New Orleans,Pelicans,NOP,pelicans,240:00,31,12,46,60,10,20,12,40,6,3,20,16,,,,,,,,
0022300022,1610612742,Dallas,Mavericks,DAL,mavericks,240:00,10,20,12,40,31,12,46,60,3,6,16,20,,,,,,,,
0022300026,1610612747,Los Angeles,Lakers,LAL,lakers,240:00,10,20,17,40,22,19,8,34,10,9,13,15,,,,,,,,
0022300026,1610612763,Memphis,Grizzlies,MEM,grizzlies,240:00,22,19,8,34,10,20,17,40,9,10,15,13,,,,,,,,
0022300017,1610612766,Charlotte,Hornets,CHA,hornets,240:00,9,17,2,40,23,8,13,54,0,5,21,19,,,,,,,,
0022300017,1610612748,Miami,Heat,MIA,heat,240:00,23,8,13,54,9,17,2,40,5,0,19,21,,,,,,,,
0022300020,1610612751,Brooklyn,Nets,BKN,nets,240:00,27,11,31,52,16,19,7,36,3,4,24,16,,,,,,,,
0022300020,1610612753,Orlando,Magic,ORL,magic,240:00,16,19,7,36,27,11,31,52,4,3,16,24,,,,,,,,
0022300018,1610612765,Detroit,Pistons,DET,pistons,240:00,17,16,16,70,19,11,17,48,6,7,20,19,,,,,,,,
0022300018,1610612737,Atlanta,Hawks,ATL,hawks,240:00,19,11,17,48,17,16,16,70,7,6,19,20,,,,,,,,
0022300021,1610612760,Oklahoma City,Thunder,OKC,thunder,240:00,23,11,31,60,13,16,2,38,6,6,17,13,,,,,,,,
0022300021,1610612759,San Antonio,Spurs,SAS,spurs,240:00,13,16,2,38,23,11,31,60,6,6,13,17,,,,,,,,
0022300024,1610612743,Denver,Nuggets,DEN,nuggets,240:00,7,13,12,58,19,13,13,34,2,1,19,24,,,,,,,,
0022300024,1610612746,LA,Clippers,LAC,clippers,240:00,19,13,13,34,7,13,12,58,1,2,24,19,,,,,,,,
0022300019,1610612755,Philadelphia,76ers,PHI,sixers,240:00,4,8,22,66,13,8,21,58,3,5,26,28,,,,,,,,
0022300019,1610612754,Indiana,Pacers,IND,pacers,240:00,13,8,21,58,4,8,22,66,5,3,28,26,,,,,,,,
0022300197,1610612756,Phoenix,Suns,PHX,suns,240:00,14,10,0,54,15,28,9,60,4,5,21,14,,,,,,,,
0022300197,1610612750,Minnesota,Timberwolves,MIN,timberwolves,240:00,15,28,9,60,14,10,0,54,5,4,14,21,,,,,,,,
0022300193,1610612737,Atlanta,Hawks,ATL,hawks,240:00,13,4,8,42,21,21,14,50,6,2,20,20,,,,,,,,
0022300193,1610612752,New York,Knicks,NYK,knicks,240:00,21,21,14,50,13,4,8,42,2,6,20,20,,,,,,,,
0022300196,1610612741,Chicago,Bulls,CHI,bulls,240:00,14,11,19,46,17,17,14,44,4,3,25,21,,,,,,,,
0022300196,1610612753,Orlando,Magic,ORL,magic,240:00,17,17,14,44,14,11,19,46,3,4,21,25,,,,,,,,
0022300192,1610612764,Washington,Wizards,WAS,wizards,240:00,8,9,14,56,14,13,17,52,1,4,22,16,,,,,,,,
0022300192,1610612742,Dallas,Mavericks,DAL,mavericks,240:00,14,13,17,52,8,9,14,56,4,1,16,22,,,,,,,,
0022300199,1610612757,Portland,Trail Blazers,POR,blazers,240:00,16,13,11,36,13,9,20,60,3,9,21,16,,,,,,,,
0022300199,1610612739,Cleveland,Cavaliers,CLE,cavaliers,240:00,13,9,20,60,16,13,11,36,9,3,16,21,,,,,,,,
0022300194,1610612755,Philadelphia,76ers,PHI,sixers,240:00,13,16,10,54,10,18,17,40,1,8,14,15,,,,,,,,
0022300194,1610612738,Boston,Celtics,BOS,celtics,240:00,10,18,17,40,13,16,10,54,8,1,15,14,,,,,,,,
0022300198,1610612747,Los Angeles,Lakers,LAL,lakers,240:00,27,6,12,50,30,16,21,54,6,1,17,20,,,,,,,,
0022300198,1610612758,Sacramento,Kings,SAC,kings,240:00,30,16,21,54,27,6,12,50,1,6,20,17,,,,,,,,
0022300195,1610612761,Toronto,Raptors,TOR,raptors,240:00,16,24,16,52,20,9,9,34,8,9,19,25,,,,,,,,
0022300195,1610612749,Milwaukee,Bucks,MIL,bucks,240:00,20,9,9,34,16,24,16,52,9,8,25,19,,,,,,,,
0022300200,1610612748,Miami,Heat,MIA,heat,240:00,16,11,18,44,12,25,11,46,3,3,20,20,,,,,,,,
0022300200,1610612751,Brooklyn,Nets,BKN,nets,240:00,12,25,11,46,16,11,18,44,3,3,20,20,,,,,,,,
0022300201,1610612744,Golden State,Warriors,GSW,warriors,240:00,15,27,9,48,12,6,13,42,4,3,19,20,,,,,,,,
0022300201,1610612760,Oklahoma City,Thunder,OKC,thunder,240:00,12,6,13,42,15,27,9,48,3,4,20,19,,,,,,,,
0022300033,1610612741,Chicago,Bulls,CHI,bulls,240:00,19,3,4,34,25,14,4,52,3,7,21,22,,,,,,,,
0022300033,1610612753,Orlando,Magic,ORL,magic,240:00,25,14,4,52,19,3,4,34,7,3,22,21,,,,,,,,
0022300032,1610612759,San Antonio,Spurs,SAS,spurs,240:00,25,15,7,48,16,7,16,50,3,2,21,22,,,,,,,,
0022300032,1610612758,Sacramento,Kings,SAC,kings,240:00,16,7,16,50,25,15,7,48,2,3,22,21,,,,,,,,
0022300029,1610612737,Atlanta,Hawks,ATL,hawks,240:00,25,23,22,54,16,28,14,48,4,4,20,20,,,,,,,,
0022300029,1610612755,Philadelphia,76ers,PHI,sixers,240:00,16,28,14,48,25,23,22,54,4,4,20,20,,,,,,,,
0022300037,1610612746,LA,Clippers,LAC,clippers,240:00,26,11,4,36,16,8,19,52,7,5,19,28,,,,,,,,
0022300037,1610612745,Houston,Rockets,HOU,rockets,240:00,16,8,19,52,26,11,4,36,5,7,28,19,,,,,,,,
0022300031,1610612761,Toronto,Raptors,TOR,raptors,240:00,15,4,12,54,11,10,15,40,1,4,11,13,,,,,,,,
0022300031,1610612738,Boston,Celtics,BOS,celtics,240:00,11,10,15,40,15,4,12,54,4,1,13,11,,,,,,,,
0022300035,1610612762,Utah,Jazz,UTA,jazz,240:00,14,15,6,44,17,16,6,42,10,4,23,22,,,,,,,,
0022300035,1610612756,Phoenix,Suns,PHX,suns,240:00,17,16,6,42,14,15,6,44,4,10,22,23,,,,,,,,
0022300036,1610612757,Portland,Trail Blazers,POR,blazers,240:00,16,22,21,42,27,9,26,50,2,6,17,16,,,,,,,,
0022300036,1610612747,Los Angeles,Lakers,LAL,lakers,240:00,27,9,26,50,16,22,21,42,6,2,16,17,,,,,,,,
0022300027,1610612766,Charlotte,Hornets,CHA,hornets,240:00,9,8,13,48,12,6,16,42,2,7,14,21,,,,,,,,
0022300027,1610612749,Milwaukee,Bucks,MIL,bucks,240:00,12,6,16,42,9,8,13,48,7,2,21,14,,,,,,,,
0022300030,1610612739,Cleveland,Cavaliers,CLE,cavaliers,240:00,22,5,14,56,16,19,18,46,6,6,9,19,,,,,,,,
0022300030,1610612765,Detroit,Pistons,DET,pistons,240:00,16,19,18,46,22,5,14,56,6,6,19,9,,,,,,,,
0022300034,1610612740,New Orleans,Pelicans,NOP,pelicans,240:00,13,8,15,60,10,15,11,66,5,3,13,20,,,,,,,,
0022300034,1610612743,Denver,Nuggets,DEN,nuggets,240:00,10,15,11,66,13,8,15,60,3,5,20,13,,,,,,,,
0022300028,1610612764,Washington,Wizards,WAS,wizards,240:00,12,9,9,46,12,17,4,40,4,6,18,21,,,,,,,,
0022300028,1610612752,New York,Knicks,NYK,knicks,240:00,12,17,4,40,12,9,9,46,6,4,21,18,,,,,,,,
0022300206,1610612759,San Antonio,Spurs,SAS,spurs,240:00,11,21,7,38,18,18,9,56,9,3,28,25,,,,,,,,
0022300206,1610612763,Memphis,Grizzlies,MEM,grizzlies,240:00,18,18,9,56,11,21,7,38,3,9,25,28,,,,,,,,
0022300207,1610612744,Golden State,Warriors,GSW,warriors,265:00,19,21,11,36,26,13,15,54,4,7,18,16,,,,,,,,
0022300207,1610612760,Oklahoma City,Thunder,OKC,thunder,265:00,26,13,15,54,19,21,11,36,7,4,16,18,,,,,,,,
0022300204,1610612741,Chicago,Bulls,CHI,bulls,240:00,17,16,20,32,13,11,10,22,6,0,22,18,,,,,,,,
0022300204,1610612748,Miami,Heat,MIA,heat,240:00,13,11,10,22,17,16,20,32,0,6,18,22,,,,,,,,
0022300203,1610612740,New Orleans,Pelicans,NOP,pelicans,240:00,18,20,15,50,18,11,12,48,5,7,26,21,,,,,,,,
0022300203,1610612750,Minnesota,Timberwolves,MIN,timberwolves,240:00,18,11,12,48,18,20,15,50,7,5,21,26,,,,,,,,
0022300202,1610612766,Charlotte,Hornets,CHA,hornets,240:00,14,9,22,36,16,11,10,48,5,4,22,13,,,,,,,,
0022300202,1610612752,New York,Knicks,NYK,knicks,240:00,16,11,10,48,14,9,22,36,4,5,13,22,,,,,,,,
0022300205,1610612749,Milwaukee,Bucks,MIL,bucks,240:00,14,7,11,56,6,15,9,56,3,2,16,16,,,,,,,,
0022300205,1610612742,Dallas,Mavericks,DAL,mavericks,240:00,6,15,9,56,14,7,11,56,2,3,16,16,,,,,,,,
0022300210,1610612739,Cleveland,Cavaliers,CLE,cavaliers,240:00,17,19,5,56,18,4,18,46,5,5,18,21,,,,,,,,
0022300210,1610612743,Denver,Nuggets,DEN,nuggets,240:00,18,4,18,46,17,19,5,56,5,5,21,18,,,,,,,,
0022300214,1610612762,Utah,Jazz,UTA,jazz,290:00,16,27,24,62,14,18,12,48,5,13,27,28,,,,,,,,
0022300214,1610612756,Phoenix,Suns,PHX,suns,290:00,14,18,12,48,16,27,24,62,13,5,28,27,,,,,,,,
0022300213,1610612763,Memphis,Grizzlies,MEM,grizzlies,240:00,19,21,7,32,18,12,9,42,5,10,21,19,,,,,,,,
0022300213,1610612738,Boston,Celtics,BOS,celtics,240:00,18,12,9,42,19,21,7,32,10,5,19,21,,,,,,,,
0022300216,1610612747,Los Angeles,Lakers,LAL,lakers,240:00,24,9,6,58,18,11,5,48,1,3,13,25,,,,,,,,
0022300216,1610612745,Houston,Rockets,HOU,rockets,240:00,18,11,5,48,24,9,6,58,3,1,25,13,,,,,,,,
0022300218,1610612765,Detroit,Pistons,DET,pistons,240:00,19,9,13,56,20,7,14,50,5,8,24,17,,,,,,,,
0022300218,1610612743,Denver,Nuggets,DEN,nuggets,240:00,20,7,14,50,19,9,13,56,8,5,17,24,,,,,,,,
0022300217,1610612766,Charlotte,Hornets,CHA,hornets,265:00,15,20,24,60,12,20,9,46,7,8,18,15,,,,,,,,
0022300217,1610612738,Boston,Celtics,BOS,celtics,265:00,12,20,9,46,15,20,24,60,8,7,15,18,,,,,,,,
0022300215,1610612757,Portland,Trail Blazers,POR,blazers,240:00,16,14,9,42,29,10,13,52,2,3,15,18,,,,,,,,
0022300215,1610612760,Oklahoma City,Thunder,OKC,thunder,240:00,29,10,13,52,16,14,9,42,3,2,18,15,,,,,,,,
0022300221,1610612750,Minnesota,Timberwolves,MIN,timberwolves,240:00,15,14,24,48,17,14,24,38,7,3,26,23,,,,,,,,
0022300221,1610612752,New York,Knicks,NYK,knicks,240:00,17,14,24,38,15,14,24,48,3,7,23,26,,,,,,,,
0022300208,1610612751,Brooklyn,Nets,BKN,nets,240:00,7,6,14,44,17,7,20,48,8,4,14,18,,,,,,,,
0022300208,1610612755,Philadelphia,76ers,PHI,sixers,240:00,17,7,20,48,7,6,14,44,4,8,18,14,,,,,,,,
0022300220,1610612741,Chicago,Bulls,CHI,bulls,240:00,13,10,5,38,13,12,6,42,7,1,16,19,,,,,,,,
0022300220,1610612748,Miami,Heat,MIA,heat,240:00,13,12,6,42,13,10,5,38,1,7,19,16,,,,,,,,
0022300209,1610612754,Indiana,Pacers,IND,pacers,240:00,21,19,16,64,23,14,20,66,7,10,32,23,,,,,,,,
0022300209,1610612753,Orlando,Magic,ORL,magic,240:00,23,14,20,66,21,19,16,64,10,7,23,32,,,,,,,,
0022300222,1610612740,New Orleans,Pelicans,NOP,pelicans,240:00,19,15,17,64,16,10,11,40,6,5,19,21,,,,,,,,
0022300222,1610612758,Sacramento,Kings,SAC,kings,240:00,16,10,11,40,19,15,17,64,5,6,21,19,,,,,,,,
0022300219,1610612764,Washington,Wizards,WAS,wizards,240:00,18,9,17,84,0,27,2,64,4,6,19,13,,,,,,,,
0022300219,1610612749,Milwaukee,Bucks,MIL,bucks,240:00,0,27,2,64,18,9,17,84,6,4,13,19,,,,,,,,
0022300224,1610612744,Golden State,Warriors,GSW,warriors,240:00,10,10,5,18,8,15,7,56,1,3,21,24,,,,,,,,
0022300224,1610612745,Houston,Rockets,HOU,rockets,240:00,8,15,7,56,10,10,5,18,3,1,24,21,,,,,,,,
0022300212,1610612742,Dallas,Mavericks,DAL,mavericks,240:00,17,6,9,46,6,22,9,58,2,3,15,20,,,,,,,,
0022300212,1610612758,Sacramento,Kings,SAC,kings,240:00,6,22,9,58,17,6,9,46,3,2,20,15,,,,,,,,
0022300223,1610612759,San Antonio,Spurs,SAS,spurs,240:00,13,16,16,46,24,15,12,54,7,3,17,10,,,,,,,,
0022300223,1610612746,LA,Clippers,LAC,clippers,240:00,24,15,12,54,13,16,16,46,3,7,10,17,,,,,,,,
0022300211,1610612761,Toronto,Raptors,TOR,raptors,240:00,22,7,27,70,7,9,16,52,5,3,23,23,,,,,,,,
0022300211,1610612765,Detroit,Pistons,DET,pistons,240:00,7,9,16,52,22,7,27,70,3,5,23,23,,,,,,,,
0022300225,1610612766,Charlotte,Hornets,CHA,hornets,240:00,14,17,7,52,17,16,18,60,4,3,15,18,,,,,,,,
0022300225,1610612764,Washington,Wizards,WAS,wizards,240:00,17,16,18,60,14,17,7,52,3,4,18,15,,,,,,,,
0022300049,1610612749,Milwaukee,Bucks,MIL,bucks,240:00,4,9,7,74,8,12,13,58,6,4,22,24,,,,,,,,
0022300049,1610612764,Washington,Wizards,WAS,wizards,240:00,8,12,13,58,4,9,7,74,4,6,24,22,,,,,,,,
0022300232,1610612750,Minnesota,Timberwolves,MIN,timberwolves,240:00,19,16,19,58,16,18,4,44,8,12,21,23,,,,,,,,
0022300232,1610612755,Philadelphia,76ers,PHI,sixers,240:00,16,18,4,44,19,16,19,58,12,8,23,21,,,,,,,,
0022300230,1610612754,Indiana,Pacers,IND,pacers,240:00,32,8,18,64,21,18,12,64,6,3,24,15,,,,,,,,
0022300230,1610612761,Toronto,Raptors,TOR,raptors,240:00,21,18,12,64,32,8,18,64,3,6,15,24,,,,,,,,
0022300052,1610612746,LA,Clippers,LAC,clippers,240:00,19,16,24,48,12,17,12,52,8,5,24,19,,,,,,,,
0022300052,1610612740,New Orleans,Pelicans,NOP,pelicans,240:00,12,17,12,52,19,16,24,48,5,8,19,24,,,,,,,,
0022300240,1610612751,Brooklyn,Nets,BKN,nets,240:00,18,6,11,50,12,25,7,42,9,3,18,18,,,,,,,,
0022300240,1610612748,Miami,Heat,MIA,heat,240:00,12,25,7,42,18,6,11,50,3,9,18,18,,,,,,,,
0022300044,1610612763,Memphis,Grizzlies,MEM,grizzlies,240:00,9,11,9,48,24,11,10,42,2,6,22,12,,,,,,,,
0022300044,1610612756,Phoenix,Suns,PHX,suns,240:00,24,11,10,42,9,11,9,48,6,2,12,22,,,,,,,,
0022300234,1610612760,Oklahoma City,Thunder,OKC,thunder,240:00,15,10,6,42,25,14,4,28,12,2,17,26,,,,,,,,
0022300234,1610612741,Chicago,Bulls,CHI,bulls,240:00,25,14,4,28,15,10,6,42,2,12,26,17,,,,,,,,
0022300045,1610612752,New York,Knicks,NYK,knicks,240:00,14,5,16,54,25,8,18,40,2,0,14,19,,,,,,,,
0022300045,1610612748,Miami,Heat,MIA,heat,240:00,25,8,18,40,14,5,16,54,0,2,19,14,,,,,,,,
0022300237,1610612757,Portland,Trail Blazers,POR,blazers,240:00,31,12,14,54,9,18,11,50,6,3,21,13,,,,,,,,
0022300237,1610612762,Utah,Jazz,UTA,jazz,240:00,9,18,11,50,31,12,14,54,3,6,13,21,,,,,,,,
0022300046,1610612761,Toronto,Raptors,TOR,raptors,240:00,15,17,11,50,20,14,9,46,6,2,14,20,,,,,,,,
0022300046,1610612741,Chicago,Bulls,CHI,bulls,240:00,20,14,9,46,15,17,11,50,2,6,20,14,,,,,,,,
0022300050,1610612750,Minnesota,Timberwolves,MIN,timberwolves,240:00,13,15,9,42,22,26,10,58,9,4,18,19,,,,,,,,
0022300050,1610612758,Sacramento,Kings,SAC,kings,240:00,22,26,10,58,13,15,9,42,4,9,19,18,,,,,,,,
0022300042,1610612747,Los Angeles,Lakers,LAL,lakers,240:00,21,8,24,76,19,22,8,54,5,3,15,22,,,,,,,,
0022300042,1610612762,Utah,Jazz,UTA,jazz,240:00,19,22,8,54,21,8,24,76,3,5,22,15,,,,,,,,
0022300243,1610612762,Utah,Jazz,UTA,jazz,240:00,15,12,26,40,22,7,13,42,6,4,13,17,,,,,,,,
0022300243,1610612740,New Orleans,Pelicans,NOP,pelicans,240:00,22,7,13,42,15,12,26,40,4,6,17,13,,,,,,,,
0022300038,1610612753,Orlando,Magic,ORL,magic,240:00,31,27,23,68,13,5,9,36,8,6,19,20,,,,,,,,
0022300038,1610612761,Toronto,Raptors,TOR,raptors,240:00,13,5,9,36,31,27,23,68,6,8,20,19,,,,,,,,
0022300229,1610612739,Cleveland,Cavaliers,CLE,cavaliers,240:00,13,5,9,36,28,19,12,38,6,7,17,19,,,,,,,,
0022300229,1610612748,Miami,Heat,MIA,heat,240:00,28,19,12,38,13,5,9,36,7,6,19,17,,,,,,,,
0022300242,1610612739,Cleveland,Cavaliers,CLE,cavaliers,240:00,17,11,20,62,16,17,12,70,4,8,16,15,,,,,,,,
0022300242,1610612747,Los Angeles,Lakers,LAL,lakers,240:00,16,17,12,70,17,11,20,62,8,4,15,16,,,,,,,,
0022300047,1610612754,Indiana,Pacers,IND,pacers,240:00,14,23,13,60,13,18,20,62,8,11,21,18,,,,,,,,
0022300047,1610612765,Detroit,Pistons,DET,pistons,240:00,13,18,20,62,14,23,13,60,11,8,18,21,,,,,,,,
0022300048,1610612745,Houston,Rockets,HOU,rockets,240:00,12,9,14,44,21,16,6,36,9,4,21,14,,,,,,,,
0022300048,1610612743,Denver,Nuggets,DEN,nuggets,240:00,21,16,6,36,12,9,14,44,4,9,14,21,,,,,,,,
0022300227,1610612737,Atlanta,Hawks,ATL,hawks,265:00,25,30,18,54,14,27,9,62,8,6,18,24,,,,,,,,
0022300227,1610612751,Brooklyn,Nets,BKN,nets,265:00,14,27,9,62,25,30,18,54,6,8,24,18,,,,,,,,
0022300228,1610612738,Boston,Celtics,BOS,celtics,240:00,14,9,12,46,16,19,9,58,5,2,15,19,,,,,,,,
0022300228,1610612749,Milwaukee,Bucks,MIL,bucks,240:00,16,19,9,58,14,9,12,46,2,5,19,15,,,,,,,,
0022300226,1610612753,Orlando,Magic,ORL,magic,240:00,17,22,12,60,12,20,4,44,7,2,21,25,,,,,,,,
0022300226,1610612743,Denver,Nuggets,DEN,nuggets,240:00,12,20,4,44,17,22,12,60,2,7,25,21,,,,,,,,
0022300238,1610612747,Los Angeles,Lakers,LAL,lakers,240:00,4,8,6,52,17,13,18,36,2,4,17,18,,,,,,,,
0022300238,1610612742,Dallas,Mavericks,DAL,mavericks,240:00,17,13,18,36,4,8,6,52,4,2,18,17,,,,,,,,
0022300043,1610612753,Orlando,Magic,ORL,magic,240:00,14,21,10,60,25,8,15,40,3,4,28,18,,,,,,,,
0022300043,1610612738,Boston,Celtics,BOS,celtics,240:00,25,8,15,40,14,21,10,60,4,3,18,28,,,,,,,,
0022300051,1610612744,Golden State,Warriors,GSW,warriors,240:00,20,8,11,30,34,18,13,48,2,3,21,18,,,,,,,,
0022300051,1610612759,San Antonio,Spurs,SAS,spurs,240:00,34,18,13,48,20,8,11,30,3,2,18,21,,,,,,,,
0022300236,1610612756,Phoenix,Suns,PHX,suns,240:00,27,10,11,40,17,9,19,56,8,3,22,34,,,,,,,,
0022300236,1610612744,Golden State,Warriors,GSW,warriors,240:00,17,9,19,56,27,10,11,40,3,8,34,22,,,,,,,,
0022300233,1610612740,New Orleans,Pelicans,NOP,pelicans,240:00,20,15,5,62,5,4,16,28,2,1,28,25,,,,,,,,
0022300233,1610612758,Sacramento,Kings,SAC,kings,240:00,5,4,16,28,20,15,5,62,1,2,25,28,,,,,,,,
0022300244,1610612746,LA,Clippers,LAC,clippers,240:00,7,25,19,54,11,10,17,32,6,5,16,24,,,,,,,,
0022300244,1610612742,Dallas,Mavericks,DAL,mavericks,240:00,11,10,17,32,7,25,19,54,5,6,24,16,,,,,,,,
0022300231,1610612745,Houston,Rockets,HOU,rockets,240:00,9,7,5,42,5,6,0,32,6,7,22,19,,,,,,,,
0022300231,1610612763,Memphis,Grizzlies,MEM,grizzlies,240:00,5,6,0,32,9,7,5,42,7,6,19,22,,,,,,,,
0022300241,1610612764,Washington,Wizards,WAS,wizards,240:00,15,13,9,58,27,19,18,62,6,2,17,15,,,,,,,,
0022300241,1610612737,Atlanta,Hawks,ATL,hawks,240:00,27,19,18,62,15,13,9,58,2,6,15,17,,,,,,,,
0022300239,1610612760,Oklahoma City,Thunder,OKC,thunder,240:00,22,12,12,50,5,21,7,38,3,9,27,26,,,,,,,,
0022300239,1610612755,Philadelphia,76ers,PHI,sixers,240:00,5,21,7,38,22,12,12,50,9,3,26,27,,,,,,,,
0022300235,1610612759,San Antonio,Spurs,SAS,spurs,240:00,8,9,17,44,16,10,25,44,6,3,24,23,,,,,,,,
0022300235,1610612746,LA,Clippers,LAC,clippers,240:00,16,10,25,44,8,9,17,44,3,6,23,24,,,,,,,,
0022300040,1610612755,Philadelphia,76ers,PHI,sixers,265:00,23,15,26,52,14,16,8,68,8,4,25,21,,,,,,,,
0022300040,1610612739,Cleveland,Cavaliers,CLE,cavaliers,265:00,14,16,8,68,23,15,26,52,4,8,21,25,,,,,,,,
0022300039,1610612737,Atlanta,Hawks,ATL,hawks,240:00,17,16,17,74,19,12,20,64,4,11,23,25,,,,,,,,
0022300039,1610612754,Indiana,Pacers,IND,pacers,240:00,19,12,20,64,17,16,17,74,11,4,25,23,,,,,,,,
0022300041,1610612756,Phoenix,Suns,PHX,suns,240:00,15,12,20,66,17,26,5,44,8,3,18,20,,,,,,,,
0022300041,1610612757,Portland,Trail Blazers,POR,blazers,240:00,17,26,5,44,15,12,20,66,3,8,20,18,,,,,,,,
0022300250,1610612751,Brooklyn,Nets,BKN,nets,240:00,20,13,7,30,13,14,7,34,2,2,19,18,,,,,,,,
0022300250,1610612741,Chicago,Bulls,CHI,bulls,240:00,13,14,7,34,20,13,7,30,2,2,18,19,,,,,,,,
0022300245,1610612749,Milwaukee,Bucks,MIL,bucks,240:00,23,15,11,40,27,14,21,40,11,4,20,26,,,,,,,,
0022300245,1610612757,Portland,Trail Blazers,POR,blazers,240:00,27,14,21,40,23,15,11,40,4,11,26,20,,,,,,,,
0022300247,1610612752,New York,Knicks,NYK,knicks,240:00,20,16,12,42,12,20,4,38,5,11,19,25,,,,,,,,
0022300247,1610612756,Phoenix,Suns,PHX,suns,240:00,12,20,4,38,20,16,12,42,11,5,25,19,,,,,,,,
0022300246,1610612738,Boston,Celtics,BOS,celtics,240:00,26,17,8,46,11,8,18,34,3,4,19,17,,,,,,,,
0022300246,1610612737,Atlanta,Hawks,ATL,hawks,240:00,11,8,18,34,26,17,8,46,4,3,17,19,,,,,,,,
0022300251,1610612739,Cleveland,Cavaliers,CLE,cavaliers,240:00,15,20,23,58,10,22,12,50,5,3,18,11,,,,,,,,
0022300251,1610612761,Toronto,Raptors,TOR,raptors,240:00,10,22,12,50,15,20,23,58,3,5,11,18,,,,,,,,
0022300252,1610612743,Denver,Nuggets,DEN,nuggets,240:00,18,20,17,66,26,12,24,48,3,6,25,22,,,,,,,,
0022300252,1610612759,San Antonio,Spurs,SAS,spurs,240:00,26,12,24,48,18,20,17,66,6,3,22,25,,,,,,,,
0022300248,1610612753,Orlando,Magic,ORL,magic,240:00,28,9,18,74,17,9,10,60,3,7,26,26,,,,,,,,
0022300248,1610612766,Charlotte,Hornets,CHA,hornets,240:00,17,9,10,60,28,9,18,74,7,3,26,26,,,,,,,,
0022300249,1610612763,Memphis,Grizzlies,MEM,grizzlies,240:00,15,21,11,36,14,7,11,48,4,5,18,26,,,,,,,,
0022300249,1610612750,Minnesota,Timberwolves,MIN,timberwolves,240:00,14,7,11,48,15,21,11,36,5,4,26,18,,,,,,,,
0022300254,1610612754,Indiana,Pacers,IND,pacers,240:00,15,12,9,58,20,13,4,44,6,4,24,21,,,,,,,,
0022300254,1610612757,Portland,Trail Blazers,POR,blazers,240:00,20,13,4,44,15,12,9,58,4,6,21,24,,,,,,,,
0022300255,1610612755,Philadelphia,76ers,PHI,sixers,240:00,24,26,13,38,9,9,20,58,2,4,17,18,,,,,,,,
0022300255,1610612747,Los Angeles,Lakers,LAL,lakers,240:00,9,9,20,58,24,26,13,38,4,2,18,17,,,,,,,,
0022300253,1610612765,Detroit,Pistons,DET,pistons,240:00,9,10,20,66,13,8,20,62,11,6,22,18,,,,,,,,
0022300253,1610612764,Washington,Wizards,WAS,wizards,240:00,13,8,20,62,9,10,20,66,6,11,18,22,,,,,,,,
0022300257,1610612746,LA,Clippers,LAC,clippers,240:00,18,10,8,50,17,12,6,54,9,6,23,22,,,,,,,,
0022300257,1610612743,Denver,Nuggets,DEN,nuggets,240:00,17,12,6,54,18,10,8,50,6,9,22,23,,,,,,,,
0022300256,1610612762,Utah,Jazz,UTA,jazz,240:00,7,20,19,38,18,9,14,68,4,1,23,25,,,,,,,,
0022300256,1610612740,New Orleans,Pelicans,NOP,pelicans,240:00,18,9,14,68,7,20,19,38,1,4,25,23,,,,,,,,
0022300058,1610612750,Minnesota,Timberwolves,MIN,timberwolves,240:00,12,19,5,32,21,4,9,36,9,4,17,23,,,,,,,,
0022300058,1610612760,Oklahoma City,Thunder,OKC,thunder,240:00,21,4,9,36,12,19,5,32,4,9,23,17,,,,,,,,
0022300060,1610612758,Sacramento,Kings,SAC,kings,240:00,26,9,10,50,13,7,7,38,7,6,23,31,,,,,,,,
0022300060,1610612744,Golden State,Warriors,GSW,warriors,240:00,13,7,7,38,26,9,10,50,6,7,31,23,,,,,,,,
0022300059,1610612742,Dallas,Mavericks,DAL,mavericks,240:00,16,20,10,50,11,22,10,56,4,6,25,27,,,,,,,,
0022300059,1610612745,Houston,Rockets,HOU,rockets,240:00,11,22,10,56,16,20,10,50,6,4,27,25,,,,,,,,
0022300055,1610612739,Cleveland,Cavaliers,CLE,cavaliers,240:00,12,14,19,64,14,20,12,32,12,3,20,16,,,,,,,,
0022300055,1610612737,Atlanta,Hawks,ATL,hawks,240:00,14,20,12,32,12,14,19,64,3,12,16,20,,,,,,,,
0022300056,1610612748,Miami,Heat,MIA,heat,240:00,10,15,9,62,9,14,16,54,5,4,22,21,,,,,,,,
0022300056,1610612749,Milwaukee,Bucks,MIL,bucks,240:00,9,14,16,54,10,15,9,62,4,5,21,22,,,,,,,,
0022300054,1610612751,Brooklyn,Nets,BKN,nets,240:00,8,8,14,50,20,15,12,34,8,3,17,21,,,,,,,,
0022300054,1610612761,Toronto,Raptors,TOR,raptors,240:00,20,15,12,34,8,8,14,50,3,8,21,17,,,,,,,,
0022300053,1610612738,Boston,Celtics,BOS,celtics,240:00,13,16,16,46,16,13,13,42,9,7,18,13,,,,,,,,
0022300053,1610612741,Chicago,Bulls,CHI,bulls,240:00,16,13,13,42,13,16,16,46,7,9,13,18,,,,,,,,
0022300057,1610612752,New York,Knicks,NYK,knicks,240:00,23,28,13,48,20,14,14,42,7,2,12,14,,,,,,,,
0022300057,1610612766,Charlotte,Hornets,CHA,hornets,240:00,20,14,14,42,23,28,13,48,2,7,14,12,,,,,,,,
0022300261,1610612762,Utah,Jazz,UTA,jazz,25:28,3,0,0,0,6,6,23,32,0,3,1,3,1631323.0,Simone,Fontecchio,S. Fontecchio,simone-fontecchio,F,,16
0022300261,1610612762,Utah,Jazz,UTA,jazz,29:18,4,8,0,8,10,10,20,40,0,2,2,4,1628381.0,John,Collins,J. Collins,john-collins,F,,20
0022300261,1610612762,Utah,Jazz,UTA,jazz,15:26,0,2,0,4,8,2,9,26,0,1,2,0,1630209.0,Omer,Yurtseven,O. Yurtseven,omer-yurtseven,C,,77
0022300261,1610612762,Utah,Jazz,UTA,jazz,23:41,0,6,0,0,6,6,20,32,0,1,0,1,1641718.0,Keyonte,George,K. George,keyonte-george,G,,3
0022300261,1610612762,Utah,Jazz,UTA,jazz,27:11,2,0,0,4,10,11,20,36,0,1,0,2,203903.0,Jordan,Clarkson,J. Clarkson,jordan-clarkson,G,,00
0022300261,1610612762,Utah,Jazz,UTA,jazz,27:47,0,0,0,8,4,11,14,24,6,0,0,3,1631117.0,Walker,Kessler,W. Kessler,walker-kessler,,,24
0022300261,1610612762,Utah,Jazz,UTA,jazz,24:19,0,0,0,2,10,11,3,26,1,1,2,1,1629659.0,Talen,Horton-Tucker,T. Horton-Tucker,talen-horton-tucker,,,5
0022300261,1610612762,Utah,Jazz,UTA,jazz,17:39,3,3,0,2,10,9,3,24,0,0,3,0,203482.0,Kelly,Olynyk,K. Olynyk,kelly-olynyk,,,41
0022300261,1610612762,Utah,Jazz,UTA,jazz,22:08,4,0,7,4,6,9,3,22,0,1,3,1,1629012.0,Collin,Sexton,C. Sexton,collin-sexton,,,2
0022300261,1610612762,Utah,Jazz,UTA,jazz,21:13,0,0,0,2,10,8,0,26,0,0,1,0,1630534.0,Ochai,Agbaji,O. Agbaji,ochai-agbaji,,,30
0022300261,1610612762,Utah,Jazz,UTA,jazz,5:50,0,0,2,2,0,2,0,2,1,0,0,0,1629677.0,Luka,Samanic,L. Samanic,luka-samanic,,,19
0022300261,1610612762,Utah,Jazz,UTA,jazz,,0,0,0,0,0,0,0,0,0,0,0,0,1630695.0,Micah,Potter,M. Potter,micah-potter,,DNP - Coach's Decision,25
0022300261,1610612763,Memphis,Grizzlies,MEM,grizzlies,24:58,0,3,2,4,7,12,7,20,0,0,2,0,1631223.0,David,Roddy,D. Roddy,david-roddy,F,,21
0022300261,1610612763,Memphis,Grizzlies,MEM,grizzlies,34:40,8,4,0,16,11,13,9,24,6,5,2,5,1628991.0,Jaren,Jackson Jr.,J. Jackson Jr.,jaren-jackson-jr,F,,13
0022300261,1610612763,Memphis,Grizzlies,MEM,grizzlies,30:15,0,0,2,6,10,15,3,20,3,0,3,0,202687.0,Bismack,Biyombo,B. Biyombo,bismack-biyombo,C,,18
0022300261,1610612763,Memphis,Grizzlies,MEM,grizzlies,35:39,2,3,9,8,12,15,7,22,0,2,2,2,1630217.0,Desmond,Bane,D. Bane,desmond-bane,G,,22
0022300261,1610612763,Memphis,Grizzlies,MEM,grizzlies,26:58,4,0,0,12,7,13,0,18,0,0,2,1,201565.0,Derrick,Rose,D. Rose,derrick-rose,G,,23
0022300261,1610612763,Memphis,Grizzlies,MEM,grizzlies,18:18,0,0,0,0,7,6,2,14,0,0,0,0,1629669.0,Jaylen,Nowell,J. Nowell,jaylen-nowell,,,24
0022300261,1610612763,Memphis,Grizzlies,MEM,grizzlies,19:31,0,3,0,0,9,7,2,18,0,0,3,3,1631246.0,Vince,Williams Jr.,V. Williams Jr.,vince-williams-jr,,,5
0022300261,1610612763,Memphis,Grizzlies,MEM,grizzlies,24:55,0,2,0,6,11,7,6,20,1,0,1,3,1630583.0,Santi,Aldama,S. Aldama,santi-aldama,,,7
0022300261,1610612763,Memphis,Grizzlies,MEM,grizzlies,24:46,2,2,10,6,6,7,9,24,0,1,0,0,1630533.0,Ziaire,Williams,Z. Williams,ziaire-williams,,,8
0022300261,1610612763,Memphis,Grizzlies,MEM,grizzlies,,0,0,0,0,0,0,0,0,0,0,0,0,1631367.0,Jacob,Gilyard,J. Gilyard,jacob-gilyard,,DNP - Coach's Decision,0
0022300261,1610612763,Memphis,Grizzlies,MEM,grizzlies,,0,0,0,0,0,0,0,0,0,0,0,0,1627885.0,Shaquille,Harrison,S. Harrison,shaquille-harrison,,DNP - Coach's Decision,1
0022300261,1610612763,Memphis,Grizzlies,MEM,grizzlies,,0,0,0,0,0,0,0,0,0,0,0,0,1629723.0,John,Konchar,J. Konchar,john-konchar,,DNP - Coach's Decision,46
0022300261,1610612763,Memphis,Grizzlies,MEM,grizzlies,,0,0,0,0,0,0,0,0,0,0,0,0,1631254.0,Kenneth,Lofton Jr.,K. Lofton Jr.,kenneth-lofton-jr,,DNP - Coach's Decision,6
0022300260,1610612756,Phoenix,Suns,PHX,suns,23:34,0,2,4,4,5,4,12,30,0,0,1,4,1629006.0,Josh,Okogie,J. Okogie,josh-okogie,F,,2
0022300260,1610612756,Phoenix,Suns,PHX,suns,35:31,2,4,4,12,5,8,15,46,0,0,1,7,201142.0,Kevin,Durant,K. Durant,kevin-durant,F,,35
0022300260,1610612756,Phoenix,Suns,PHX,suns,29:45,4,2,2,12,5,4,12,42,2,0,3,3,203994.0,Jusuf,Nurkic,J. Nurkic,jusuf-nurkic,C,,20
0022300260,1610612756,Phoenix,Suns,PHX,suns,33:41,0,6,0,4,5,8,15,40,0,1,2,0,201569.0,Eric,Gordon,E. Gordon,eric-gordon,G,,23
0022300260,1610612756,Phoenix,Suns,PHX,suns,32:30,2,2,0,2,5,10,15,40,0,1,3,3,1626164.0,Devin,Booker,D. Booker,devin-booker,G,,1
0022300260,1610612756,Phoenix,Suns,PHX,suns,22:57,2,5,0,2,0,8,7,28,0,1,2,1,1630692.0,Jordan,Goodwin,J. Goodwin,jordan-goodwin,,,0
0022300260,1610612756,Phoenix,Suns,PHX,suns,15:55,0,0,0,0,0,6,5,26,2,1,0,1,1629139.0,Yuta,Watanabe,Y. Watanabe,yuta-watanabe,,,18
0022300260,1610612756,Phoenix,Suns,PHX,suns,18:15,0,2,0,4,0,10,8,18,1,0,0,0,1629234.0,Drew,Eubanks,D. Eubanks,drew-eubanks,,,14
0022300260,1610612756,Phoenix,Suns,PHX,suns,12:58,0,5,2,6,0,6,5,14,0,0,0,2,1628966.0,Keita,Bates-Diop,K. Bates-Diop,keita-bates-diop,,,21
0022300260,1610612756,Phoenix,Suns,PHX,suns,14:54,0,0,0,2,0,6,6,16,0,1,3,1,1629002.0,Chimezie,Metu,C. Metu,chimezie-metu,,,4
0022300260,1610612756,Phoenix,Suns,PHX,suns,,0,0,0,0,0,0,0,0,0,0,0,0,1628962.0,Udoka,Azubuike,U. Azubuike,udoka-azubuike,,DNP - Coach's Decision,27
0022300260,1610612756,Phoenix,Suns,PHX,suns,,0,0,0,0,0,0,0,0,0,0,0,0,1629626.0,Bol,Bol,B. Bol,bol-bol,,DNP - Coach's Decision,11
0022300260,1610612756,Phoenix,Suns,PHX,suns,,0,0,0,0,0,0,0,0,0,0,0,0,1630240.0,Saben,Lee,S. Lee,saben-lee,,DNP - Coach's Decision,38
0022300260,1610612761,Toronto,Raptors,TOR,raptors,33:31,2,0,5,4,6,17,8,30,1,0,3,1,1628384.0,OG,Anunoby,O. Anunoby,og-anunoby,F,,3
0022300260,1610612761,Toronto,Raptors,TOR,raptors,36:06,0,2,7,14,6,21,6,36,0,2,4,2,1627783.0,Pascal,Siakam,P. Siakam,pascal-siakam,F,,43
0022300260,1610612761,Toronto,Raptors,TOR,raptors,29:43,0,2,0,16,4,15,8,30,1,0,4,3,1627751.0,Jakob,Poeltl,J. Poeltl,jakob-poeltl,C,,19
0022300260,1610612761,Toronto,Raptors,TOR,raptors,37:43,0,4,2,12,10,23,8,44,3,0,4,4,1630567.0,Scottie,Barnes,S. Barnes,scottie-barnes,G,,4
0022300260,1610612761,Toronto,Raptors,TOR,raptors,33:41,3,0,3,4,6,19,10,32,0,1,2,2,203471.0,Dennis,Schroder,D. Schroder,dennis-schroder,G,,17
0022300260,1610612761,Toronto,Raptors,TOR,raptors,25:09,0,0,3,2,4,16,8,22,0,0,1,0,1629018.0,Gary,Trent Jr.,G. Trent Jr.,gary-trent-jr,,,33
0022300260,1610612761,Toronto,Raptors,TOR,raptors,18:18,0,6,0,8,6,13,4,18,0,2,2,2,1630173.0,Precious,Achiuwa,P. Achiuwa,precious-achiuwa,,,5
0022300260,1610612761,Toronto,Raptors,TOR,raptors,14:19,0,0,0,0,4,9,2,16,0,0,0,1,1630201.0,Malachi,Flynn,M. Flynn,malachi-flynn,,,22
0022300260,1610612761,Toronto,Raptors,TOR,raptors,8:34,0,0,0,0,4,7,2,10,0,0,2,0,1629667.0,Jalen,McDaniels,J. McDaniels,jalen-mcdaniels,,,2
0022300260,1610612761,Toronto,Raptors,TOR,raptors,2:57,0,0,0,0,0,0,4,2,0,0,0,0,1628449.0,Chris,Boucher,C. Boucher,chris-boucher,,,25
0022300260,1610612761,Toronto,Raptors,TOR,raptors,,0,0,0,0,0,0,0,0,0,0,0,0,1641711.0,Gradey,Dick,G. Dick,gradey-dick,,DNP - Coach's Decision,1
0022300260,1610612761,Toronto,Raptors,TOR,raptors,,0,0,0,0,0,0,0,0,0,0,0,0,203490.0,Otto,Porter Jr.,O. Porter Jr.,otto-porter-jr,,DNP - Coach's Decision,32
0022300260,1610612761,Toronto,Raptors,TOR,raptors,,0,0,0,0,0,0,0,0,0,0,0,0,202066.0,Garrett,Temple,G. Temple,garrett-temple,,DNP - Coach's Decision,14
0022300260,1610612761,Toronto,Raptors,TOR,raptors,,0,0,0,0,0,0,0,0,0,0,0,0,201152.0,Thaddeus,Young,T. Young,thaddeus-young,,DNP - Coach's Decision,21
0022300264,1610612746,LA,Clippers,LAC,clippers,39:52,0,2,0,0,2,10,2,40,0,0,1,3,202331.0,Paul,George,P. George,paul-george,F,,13
0022300264,1610612746,LA,Clippers,LAC,clippers,36:46,6,0,2,20,3,5,3,38,2,0,2,8,202695.0,Kawhi,Leonard,K. Leonard,kawhi-leonard,F,,2
0022300264,1610612746,LA,Clippers,LAC,clippers,30:26,2,2,0,14,0,5,2,28,3,0,1,0,1627826.0,Ivica,Zubac,I. Zubac,ivica-zubac,C,,40
0022300264,1610612746,LA,Clippers,LAC,clippers,31:19,0,0,5,14,0,10,2,32,0,0,1,1,1629611.0,Terance,Mann,T. Mann,terance-mann,G,,14
0022300264,1610612746,LA,Clippers,LAC,clippers,38:37,5,0,2,6,5,8,3,34,0,1,4,4,201935.0,James,Harden,J. Harden,james-harden,G,,1
0022300264,1610612746,LA,Clippers,LAC,clippers,19:10,0,2,0,4,5,5,1,22,0,0,2,3,201566.0,Russell,Westbrook,R. Westbrook,russell-westbrook,,,0
0022300264,1610612746,LA,Clippers,LAC,clippers,13:06,0,0,0,0,3,2,1,12,0,0,1,0,1626181.0,Norman,Powell,N. Powell,norman-powell,,,24
0022300264,1610612746,LA,Clippers,LAC,clippers,17:15,0,2,0,2,5,7,1,20,0,0,5,1,1628464.0,Daniel,Theis,D. Theis,daniel-theis,,,10
0022300264,1610612746,LA,Clippers,LAC,clippers,10:53,0,0,0,0,2,4,0,10,0,0,3,0,1641738.0,Kobe,Brown,K. Brown,kobe-brown,,,21
0022300264,1610612746,LA,Clippers,LAC,clippers,1:18,0,0,0,0,0,2,0,2,0,0,0,0,1629599.0,Amir,Coffey,A. Coffey,amir-coffey,,,7
0022300264,1610612746,LA,Clippers,LAC,clippers,1:18,0,0,0,0,0,2,0,2,0,0,0,0,1630538.0,Bones,Hyland,B. Hyland,bones-hyland,,,5
0022300264,1610612746,LA,Clippers,LAC,clippers,,0,0,0,0,0,0,0,0,0,0,0,0,200782.0,P.J.,Tucker,P. Tucker,pj-tucker,,DNP - Coach's Decision,17
0022300264,1610612758,Sacramento,Kings,SAC,kings,25:47,0,2,0,2,4,6,5,34,0,0,3,0,1628989.0,Kevin,Huerter,K. Huerter,kevin-huerter,F,,9
0022300264,1610612758,Sacramento,Kings,SAC,kings,34:06,0,0,2,4,8,4,7,46,0,0,3,2,203084.0,Harrison,Barnes,H. Barnes,harrison-barnes,F,,40
0022300264,1610612758,Sacramento,Kings,SAC,kings,30:33,0,1,0,2,8,2,7,46,0,3,3,3,1627734.0,Domantas,Sabonis,D. Sabonis,domantas-sabonis,C,,10
0022300264,1610612758,Sacramento,Kings,SAC,kings,13:26,0,0,1,4,2,4,5,10,0,0,2,1,1630537.0,Chris,Duarte,C. Duarte,chris-duarte,G,,3
0022300264,1610612758,Sacramento,Kings,SAC,kings,37:43,0,0,0,20,11,8,7,46,1,0,3,7,1628368.0,De'Aaron,Fox,D. Fox,deaaron-fox,G,,5
0022300264,1610612758,Sacramento,Kings,SAC,kings,27:37,2,3,0,2,7,6,4,30,0,1,1,5,1628370.0,Malik,Monk,M. Monk,malik-monk,,,0
0022300264,1610612758,Sacramento,Kings,SAC,kings,13:22,0,0,0,4,7,0,2,16,0,0,0,1,1630558.0,Davion,Mitchell,D. Mitchell,davion-mitchell,,,15
0022300264,1610612758,Sacramento,Kings,SAC,kings,17:35,0,2,0,2,5,6,2,16,0,1,2,1,1626168.0,Trey,Lyles,T. Lyles,trey-lyles,,,41
0022300264,1610612758,Sacramento,Kings,SAC,kings,4:58,0,0,0,2,5,0,2,6,0,0,1,0,201580.0,JaVale,McGee,J. McGee,javale-mcgee,,,00
0022300264,1610612758,Sacramento,Kings,SAC,kings,24:28,3,2,0,4,4,4,2,36,0,0,2,0,1628426.0,Sasha,Vezenkov,A. Vezenkov,sasha-vezenkov,,,7
0022300264,1610612758,Sacramento,Kings,SAC,kings,6:31,0,0,0,0,4,0,2,8,0,0,0,0,1630556.0,Kessler,Edwards,K. Edwards,kessler-edwards,,,17
0022300264,1610612758,Sacramento,Kings,SAC,kings,1:18,0,2,0,2,0,0,0,2,0,0,0,0,1641732.0,Colby,Jones,C. Jones,colby-jones,,,20
0022300264,1610612758,Sacramento,Kings,SAC,kings,1:18,0,0,0,0,0,0,0,2,0,0,0,0,1630259.0,Jordan,Ford,J. Ford,jordan-ford,,,31
0022300264,1610612758,Sacramento,Kings,SAC,kings,1:18,0,0,0,0,0,0,0,2,0,0,0,0,1641771.0,Jalen,Slawson,J. Slawson,jalen-slawson,,,18
0022300264,1610612758,Sacramento,Kings,SAC,kings,,0,0,0,0,0,0,0,0,0,0,0,0,1631165.0,Keon,Ellis,K. Ellis,keon-ellis,,DNP - Coach's Decision,23
0022300259,1610612764,Washington,Wizards,WAS,wizards,27:39,2,6,6,14,4,3,10,38,0,0,1,3,1630166.0,Deni,Avdija,D. Avdija,deni-avdija,F,,8
0022300259,1610612764,Washington,Wizards,WAS,wizards,34:32,7,0,7,16,11,2,8,46,0,1,1,3,1628398.0,Kyle,Kuzma,K. Kuzma,kyle-kuzma,F,,33
0022300259,1610612764,Washington,Wizards,WAS,wizards,26:19,0,0,0,2,5,0,8,32,2,0,3,0,1629655.0,Daniel,Gafford,D. Gafford,daniel-gafford,C,,21
0022300259,1610612764,Washington,Wizards,WAS,wizards,26:08,3,0,6,2,5,0,6,30,1,0,3,3,1629673.0,Jordan,Poole,J. Poole,jordan-poole,G,,13
0022300259,1610612764,Washington,Wizards,WAS,wizards,20:49,4,2,3,6,5,0,6,24,0,1,1,1,1626145.0,Tyus,Jones,T. Jones,tyus-jones,G,,5
0022300259,1610612764,Washington,Wizards,WAS,wizards,25:07,0,0,0,2,8,2,7,42,0,1,1,1,1641731.0,Bilal,Coulibaly,B. Coulibaly,bilal-coulibaly,,,0
0022300259,1610612764,Washington,Wizards,WAS,wizards,11:37,0,0,0,0,3,3,2,22,0,0,1,3,201568.0,Danilo,Gallinari,D. Gallinari,danilo-gallinari,,,88
0022300259,1610612764,Washington,Wizards,WAS,wizards,20:24,4,3,4,4,7,5,6,38,0,0,1,5,1630557.0,Corey,Kispert,C. Kispert,corey-kispert,,,24
0022300259,1610612764,Washington,Wizards,WAS,wizards,18:25,0,0,2,0,7,5,6,32,0,1,4,0,1629013.0,Landry,Shamet,L. Shamet,landry-shamet,,,20
0022300259,1610612764,Washington,Wizards,WAS,wizards,9:38,0,0,0,0,1,3,5,8,0,1,1,0,1631098.0,Johnny,Davis,J. Davis,johnny-davis,,,1
0022300259,1610612764,Washington,Wizards,WAS,wizards,9:40,3,3,2,4,4,2,5,12,0,1,3,2,1630647.0,Eugene,Omoruyi,E. Omoruyi,eugene-omoruyi,,,97
0022300259,1610612764,Washington,Wizards,WAS,wizards,5:07,2,0,2,2,0,0,3,4,0,0,0,1,1630215.0,Jared,Butler,J. Butler,jared-butler,,,4
0022300259,1610612764,Washington,Wizards,WAS,wizards,4:35,0,0,0,0,0,0,3,2,0,0,0,0,1630264.0,Anthony,Gill,A. Gill,anthony-gill,,,16
0022300259,1610612764,Washington,Wizards,WAS,wizards,,0,0,0,0,0,0,0,0,0,0,0,0,1631116.0,Patrick,Baldwin Jr.,P. Baldwin Jr.,patrick-baldwin-jr,,DNP - Coach's Decision,7
0022300259,1610612764,Washington,Wizards,WAS,wizards,,0,0,0,0,0,0,0,0,0,0,0,0,203488.0,Mike,Muscala,M. Muscala,mike-muscala,,DNP - Coach's Decision,35
0022300259,1610612753,Orlando,Magic,ORL,magic,30:48,1,0,4,14,12,11,21,32,1,0,1,3,1630532.0,Franz,Wagner,F. Wagner,franz-wagner,F,,22
0022300259,1610612753,Orlando,Magic,ORL,magic,26:46,1,0,0,4,14,6,19,32,0,0,2,3,1631094.0,Paolo,Banchero,P. Banchero,paolo-banchero,F,,5
0022300259,1610612753,Orlando,Magic,ORL,magic,23:43,0,0,0,4,12,6,19,26,1,2,1,2,1629048.0,Goga,Bitadze,G. Bitadze,goga-bitadze,C,,35
0022300259,1610612753,Orlando,Magic,ORL,magic,28:41,6,0,4,10,20,8,22,36,0,0,4,1,1630591.0,Jalen,Suggs,J. Suggs,jalen-suggs,G,,4
0022300259,1610612753,Orlando,Magic,ORL,magic,26:58,0,0,0,4,17,7,20,32,1,1,1,1,1641710.0,Anthony,Black,A. Black,anthony-black,G,,0
0022300259,1610612753,Orlando,Magic,ORL,magic,19:52,0,0,0,8,6,5,9,16,0,0,1,4,204060.0,Joe,Ingles,J. Ingles,joe-ingles,,,7
0022300259,1610612753,Orlando,Magic,ORL,magic,19:19,0,0,0,0,6,7,11,18,0,0,3,1,203914.0,Gary,Harris,G. Harris,gary-harris,,,14
0022300259,1610612753,Orlando,Magic,ORL,magic,26:09,2,2,4,12,13,8,16,26,2,0,4,4,1630175.0,Cole,Anthony,C. Anthony,cole-anthony,,,50
0022300259,1610612753,Orlando,Magic,ORL,magic,18:30,2,3,0,10,6,7,9,16,1,0,1,1,1629021.0,Moritz,Wagner,M. Wagner,moritz-wagner,,,21
0022300259,1610612753,Orlando,Magic,ORL,magic,10:00,0,0,3,0,9,3,6,14,0,0,3,0,1631216.0,Caleb,Houstan,C. Houstan,caleb-houstan,,,2
0022300259,1610612753,Orlando,Magic,ORL,magic,5:07,0,0,0,0,5,1,4,6,0,0,0,0,1629643.0,Chuma,Okeke,C. Okeke,chuma-okeke,,,3
0022300259,1610612753,Orlando,Magic,ORL,magic,4:07,0,0,0,0,5,1,4,6,0,0,1,0,1629678.0,Admiral,Schofield,A. Schofield,admiral-schofield,,,25
0022300259,1610612753,Orlando,Magic,ORL,magic,,0,0,0,0,0,0,0,0,0,0,0,0,1628371.0,Jonathan,Isaac,J. Isaac,jonathan-isaac,,DND - Injury/Illness,1
0022300258,1610612747,Los Angeles,Lakers,LAL,lakers,22:43,0,3,3,0,2,5,2,20,0,0,0,0,1627752.0,Taurean,Prince,T. Prince,taurean-prince,F,,12
0022300258,1610612747,Los Angeles,Lakers,LAL,lakers,28:42,0,2,7,14,5,5,2,26,0,2,0,5,2544.0,LeBron,James,L. James,lebron-james,F,,23
0022300258,1610612747,Los Angeles,Lakers,LAL,lakers,29:07,2,8,2,16,5,5,5,28,3,0,1,9,203076.0,Anthony,Davis,A. Davis,anthony-davis,C,,3
0022300258,1610612747,Los Angeles,Lakers,LAL,lakers,22:22,0,0,0,0,3,2,8,24,1,0,1,2,1631108.0,Max,Christie,M. Christie,max-christie,G,,10
0022300258,1610612747,Los Angeles,Lakers,LAL,lakers,34:19,11,0,8,12,8,5,5,32,2,0,0,7,1626156.0,D'Angelo,Russell,D. Russell,dangelo-russell,G,,1
0022300258,1610612747,Los Angeles,Lakers,LAL,lakers,24:21,0,0,0,6,9,0,11,20,1,1,2,1,1630559.0,Austin,Reaves,A. Reaves,austin-reaves,,,15
0022300258,1610612747,Los Angeles,Lakers,LAL,lakers,19:32,0,0,0,0,8,3,13,16,0,0,2,0,1629629.0,Cam,Reddish,C. Reddish,cam-reddish,,,5
0022300258,1610612747,Los Angeles,Lakers,LAL,lakers,25:05,2,2,0,8,11,0,11,22,2,0,1,3,1626174.0,Christian,Wood,C. Wood,christian-wood,,,35
0022300258,1610612747,Los Angeles,Lakers,LAL,lakers,6:53,0,0,0,0,6,0,3,4,1,0,0,1,1629637.0,Jaxson,Hayes,J. Hayes,jaxson-hayes,,,11
0022300258,1610612747,Los Angeles,Lakers,LAL,lakers,10:41,2,0,2,2,2,0,5,10,0,0,2,3,1641720.0,Jalen,Hood-Schifino,J. Hood-Schifino,jalen-hood-schifino,,,0
0022300258,1610612747,Los Angeles,Lakers,LAL,lakers,7:22,0,0,0,0,2,0,0,4,0,0,1,0,1641721.0,Maxwell,Lewis,M. Lewis,maxwell-lewis,,,21
0022300258,1610612747,Los Angeles,Lakers,LAL,lakers,4:53,0,0,0,0,2,0,0,2,0,0,1,0,1641793.0,D'Moi,Hodge,D. Hodge,dmoi-hodge,,,55
0022300258,1610612747,Los Angeles,Lakers,LAL,lakers,4:00,0,0,0,0,2,0,0,2,0,0,1,0,1641788.0,Alex,Fudge,A. Fudge,alex-fudge,,,17
0022300258,1610612765,Detroit,Pistons,DET,pistons,20:52,0,0,2,12,11,2,17,30,0,0,4,2,1641709.0,Ausar,Thompson,A. Thompson,ausar-thompson,F,,9
0022300258,1610612765,Detroit,Pistons,DET,pistons,24:47,0,0,0,2,11,11,15,32,1,0,3,1,1630191.0,Isaiah,Stewart,I. Stewart,isaiah-stewart,F,,28
0022300258,1610612765,Detroit,Pistons,DET,pistons,17:30,0,2,0,6,9,9,15,28,1,1,3,0,1631105.0,Jalen,Duren,J. Duren,jalen-duren,C,,0
0022300258,1610612765,Detroit,Pistons,DET,pistons,23:27,2,3,2,6,13,9,20,32,0,2,1,1,1630595.0,Cade,Cunningham,C. Cunningham,cade-cunningham,G,,2
0022300258,1610612765,Detroit,Pistons,DET,pistons,18:49,0,0,0,0,13,6,14,22,0,3,6,2,1631093.0,Jaden,Ivey,J. Ivey,jaden-ivey,G,,23
0022300258,1610612765,Detroit,Pistons,DET,pistons,27:46,3,0,3,2,6,11,8,26,1,1,2,1,1631204.0,Marcus,Sasser,M. Sasser,marcus-sasser,,,25
0022300258,1610612765,Detroit,Pistons,DET,pistons,22:06,3,0,3,2,6,7,5,24,0,0,2,0,1630587.0,Isaiah,Livers,I. Livers,isaiah-livers,,,12
0022300258,1610612765,Detroit,Pistons,DET,pistons,11:43,2,0,0,4,6,2,5,8,0,0,2,0,1630164.0,James,Wiseman,J. Wiseman,james-wiseman,,,13
0022300258,1610612765,Detroit,Pistons,DET,pistons,10:28,0,0,3,0,4,0,5,16,0,0,1,0,202692.0,Alec,Burks,A. Burks,alec-burks,,,14
0022300258,1610612765,Detroit,Pistons,DET,pistons,21:56,0,0,0,4,2,4,2,26,0,0,2,3,1630165.0,Killian,Hayes,K. Hayes,killian-hayes,,,7
0022300258,1610612765,Detroit,Pistons,DET,pistons,14:29,0,0,0,4,0,4,2,20,0,1,0,1,1628963.0,Marvin,Bagley III,M. Bagley III,marvin-bagley-iii,,,35
0022300258,1610612765,Detroit,Pistons,DET,pistons,20:12,3,0,0,0,2,8,2,24,0,2,5,1,1630649.0,Stanley,Umude,S. Umude,stanley-umude,,,17
0022300258,1610612765,Detroit,Pistons,DET,pistons,5:55,0,0,0,0,2,2,0,2,0,0,0,0,1628995.0,Kevin,Knox II,K. Knox II,kevin-knox-ii,,,24
0022300263,1610612745,Houston,Rockets,HOU,rockets,23:24,0,2,0,6,9,16,3,30,0,0,4,3,1628415.0,Dillon,Brooks,D. Brooks,dillon-brooks,F,,9
0022300263,1610612745,Houston,Rockets,HOU,rockets,32:07,0,2,0,4,9,23,5,40,1,0,3,1,1631095.0,Jabari,Smith Jr.,J. Smith Jr.,jabari-smith-jr,F,,10
0022300263,1610612745,Houston,Rockets,HOU,rockets,28:10,0,2,2,14,4,26,3,32,0,1,3,3,1630578.0,Alperen,Sengun,A. Sengun,alperen-sengun,C,,28
0022300263,1610612745,Houston,Rockets,HOU,rockets,34:14,0,3,4,2,8,24,6,38,1,0,0,4,1630224.0,Jalen,Green,J. Green,jalen-green,G,,4
0022300263,1610612745,Houston,Rockets,HOU,rockets,35:05,0,0,0,6,11,23,7,42,0,0,2,2,1628988.0,Aaron,Holiday,A. Holiday,aaron-holiday,G,,0
0022300263,1610612745,Houston,Rockets,HOU,rockets,13:36,2,0,2,4,9,0,4,14,0,1,2,1,1629111.0,Jock,Landale,J. Landale,jock-landale,,,2
0022300263,1610612745,Houston,Rockets,HOU,rockets,11:52,0,3,0,0,7,4,2,20,0,0,3,0,203493.0,Reggie,Bullock Jr.,R. Bullock Jr.,reggie-bullock-jr,,,25
0022300263,1610612745,Houston,Rockets,HOU,rockets,16:42,0,2,0,2,4,5,6,20,2,0,0,0,1631106.0,Tari,Eason,T. Eason,tari-eason,,,17
0022300263,1610612745,Houston,Rockets,HOU,rockets,22:01,0,0,0,0,4,14,9,26,1,0,1,3,201145.0,Jeff,Green,J. Green,jeff-green,,,32
0022300263,1610612745,Houston,Rockets,HOU,rockets,5:47,0,0,0,0,0,0,0,2,0,0,0,0,1631257.0,Jermaine,Samuels Jr.,J. Samuels Jr.,jermaine-samuels-jr,,,00
0022300263,1610612745,Houston,Rockets,HOU,rockets,5:47,0,1,2,4,0,0,0,2,0,0,1,1,1641715.0,Cam,Whitmore,C. Whitmore,cam-whitmore,,,7
0022300263,1610612745,Houston,Rockets,HOU,rockets,5:47,0,0,0,2,0,0,0,2,0,0,1,0,1631466.0,Nate,Williams,N. Williams,nate-williams,,,19
0022300263,1610612745,Houston,Rockets,HOU,rockets,5:30,0,0,0,0,0,0,0,2,0,0,0,0,1630207.0,Nate,Hinton,N. Hinton,nate-hinton,,,14
0022300263,1610612745,Houston,Rockets,HOU,rockets,,0,0,0,0,0,0,0,0,0,0,0,0,1626246.0,Boban,Marjanovic,B. Marjanovic,boban-marjanovic,,DNP - Coach's Decision,51
0022300263,1610612743,Denver,Nuggets,DEN,nuggets,26:35,0,3,0,2,0,7,5,26,0,0,2,0,203200.0,Justin,Holiday,J. Holiday,justin-holiday,F,,9
0022300263,1610612743,Denver,Nuggets,DEN,nuggets,33:49,3,9,0,6,0,12,6,30,0,0,2,2,1629008.0,Michael,Porter Jr.,M. Porter Jr.,michael-porter-jr,F,,1
0022300263,1610612743,Denver,Nuggets,DEN,nuggets,33:21,4,8,3,22,0,9,5,34,0,0,2,8,203999.0,Nikola,Jokic,N. Jokic,nikola-jokic,C,,15
0022300263,1610612743,Denver,Nuggets,DEN,nuggets,31:36,0,3,0,2,0,7,5,30,0,1,0,0,203484.0,Kentavious,Caldwell-Pope,K. Caldwell-Pope,kentavious-caldwell-pope,G,,5
0022300263,1610612743,Denver,Nuggets,DEN,nuggets,22:22,2,0,2,2,0,7,5,18,0,1,2,4,1627750.0,Jamal,Murray,J. Murray,jamal-murray,G,,27
0022300263,1610612743,Denver,Nuggets,DEN,nuggets,23:45,2,0,0,8,0,10,1,20,1,0,3,0,202704.0,Reggie,Jackson,R. Jackson,reggie-jackson,,,7
0022300263,1610612743,Denver,Nuggets,DEN,nuggets,18:20,0,1,0,4,2,3,5,12,1,1,2,3,1630192.0,Zeke,Nnaji,Z. Nnaji,zeke-nnaji,,,22
0022300263,1610612743,Denver,Nuggets,DEN,nuggets,18:36,2,3,4,6,0,4,1,14,0,1,2,1,1631128.0,Christian,Braun,C. Braun,christian-braun,,,0
0022300263,1610612743,Denver,Nuggets,DEN,nuggets,13:17,0,0,0,0,0,7,1,8,0,1,1,0,1631124.0,Julian,Strawther,J. Strawther,julian-strawther,,,3
0022300263,1610612743,Denver,Nuggets,DEN,nuggets,5:49,0,0,0,2,0,5,0,4,0,0,0,1,201599.0,DeAndre,Jordan,D. Jordan,deandre-jordan,,,6
0022300263,1610612743,Denver,Nuggets,DEN,nuggets,3:08,0,0,0,0,2,1,4,6,0,0,0,0,1631221.0,Collin,Gillespie,C. Gillespie,collin-gillespie,,,21
0022300263,1610612743,Denver,Nuggets,DEN,nuggets,3:08,0,0,0,0,2,1,4,6,0,0,1,0,1641816.0,Hunter,Tyson,H. Tyson,hunter-tyson,,,4
0022300263,1610612743,Denver,Nuggets,DEN,nuggets,3:08,0,0,0,0,2,1,4,6,0,0,1,1,1630296.0,Braxton,Key,B. Key,braxton-key,,,11
0022300263,1610612743,Denver,Nuggets,DEN,nuggets,3:08,0,0,0,0,2,1,4,6,0,0,0,0,1629618.0,Jalen,Pickett,J. Pickett,jalen-pickett,,,24
0022300263,1610612743,Denver,Nuggets,DEN,nuggets,,0,0,0,0,0,0,0,0,0,0,0,0,1631212.0,Peyton,Watson,P. Watson,peyton-watson,,DNP - Coach's Decision,8
0022300262,1610612755,Philadelphia,76ers,PHI,sixers,14:07,0,0,0,0,10,6,6,28,0,0,1,0,201587.0,Nicolas,Batum,N. Batum,nicolas-batum,F,,40
0022300262,1610612755,Philadelphia,76ers,PHI,sixers,29:16,2,2,2,8,23,10,11,46,0,1,2,3,202699.0,Tobias,Harris,T. Harris,tobias-harris,F,,12
0022300262,1610612755,Philadelphia,76ers,PHI,sixers,17:15,2,0,0,2,15,6,11,24,1,0,4,1,202694.0,Marcus,Morris Sr.,M. Morris Sr.,marcus-morris-sr,C,,5
0022300262,1610612755,Philadelphia,76ers,PHI,sixers,30:14,5,3,3,2,17,8,7,44,1,0,2,4,1629001.0,De'Anthony,Melton,D. Melton,deanthony-melton,G,,8
0022300262,1610612755,Philadelphia,76ers,PHI,sixers,38:11,7,3,4,18,23,10,17,52,0,1,2,7,1630178.0,Tyrese,Maxey,T. Maxey,tyrese-maxey,G,,0
0022300262,1610612755,Philadelphia,76ers,PHI,sixers,14:11,0,4,0,6,2,4,2,16,4,1,3,1,1628964.0,Mo,Bamba,M. Bamba,mo-bamba,,,7
0022300262,1610612755,Philadelphia,76ers,PHI,sixers,29:35,6,3,0,0,15,8,6,28,1,0,3,0,203496.0,Robert,Covington,R. Covington,robert-covington,,,33
0022300262,1610612755,Philadelphia,76ers,PHI,sixers,21:21,0,0,0,4,14,4,6,14,0,0,1,3,201976.0,Patrick,Beverley,P. Beverley,patrick-beverley,,,22
0022300262,1610612755,Philadelphia,76ers,PHI,sixers,26:34,2,2,0,6,16,6,15,32,0,0,4,3,1630194.0,Paul,Reed,P. Reed,paul-reed,,,44
0022300262,1610612755,Philadelphia,76ers,PHI,sixers,16:58,0,0,0,4,10,6,4,14,0,1,4,0,1630231.0,KJ,Martin,K. Martin,kj-martin,,,1
0022300262,1610612755,Philadelphia,76ers,PHI,sixers,2:18,0,0,0,0,0,2,0,2,0,0,0,0,1627788.0,Furkan,Korkmaz,F. Korkmaz,furkan-korkmaz,,,30
0022300262,1610612755,Philadelphia,76ers,PHI,sixers,,0,0,0,0,0,0,0,0,0,0,0,0,203954.0,Joel,Embiid,J. Embiid,joel-embiid,,NWT - Not With Team,21
0022300262,1610612740,New Orleans,Pelicans,NOP,pelicans,35:04,3,0,0,4,18,11,8,42,1,0,1,3,1627742.0,Brandon,Ingram,B. Ingram,brandon-ingram,F,,14
0022300262,1610612740,New Orleans,Pelicans,NOP,pelicans,33:15,8,8,4,22,10,12,5,28,0,1,1,8,1629627.0,Zion,Williamson,Z. Williamson,zion-williamson,F,,1
0022300262,1610612740,New Orleans,Pelicans,NOP,pelicans,31:34,7,4,0,16,16,11,7,32,0,0,5,5,202685.0,Jonas,Valanciunas,J. Valanciunas,jonas-valanciunas,C,,17
0022300262,1610612740,New Orleans,Pelicans,NOP,pelicans,32:44,0,0,7,6,13,11,6,38,0,2,2,4,1630529.0,Herbert,Jones,H. Jones,herbert-jones,G,,5
0022300262,1610612740,New Orleans,Pelicans,NOP,pelicans,28:08,2,0,0,6,10,9,5,22,1,1,3,1,203468.0,CJ,McCollum,C. McCollum,cj-mccollum,G,,3
0022300262,1610612740,New Orleans,Pelicans,NOP,pelicans,23:56,4,0,4,0,18,11,5,28,0,1,2,3,1641722.0,Jordan,Hawkins,J. Hawkins,jordan-hawkins,,,24
0022300262,1610612740,New Orleans,Pelicans,NOP,pelicans,18:34,1,0,0,0,9,5,2,24,1,0,1,1,1630230.0,Naji,Marshall,N. Marshall,naji-marshall,,,8
0022300262,1610612740,New Orleans,Pelicans,NOP,pelicans,9:20,2,2,0,2,12,6,4,12,0,0,1,0,1630631.0,Jose,Alvarado,J. Alvarado,jose-alvarado,,,15
0022300262,1610612740,New Orleans,Pelicans,NOP,pelicans,13:10,0,0,0,0,8,6,2,14,0,1,4,1,203469.0,Cody,Zeller,C. Zeller,cody-zeller,,,40
0022300262,1610612740,New Orleans,Pelicans,NOP,pelicans,14:16,2,0,2,4,6,3,1,10,1,1,2,0,1630700.0,Dyson,Daniels,D. Daniels,dyson-daniels,,,11
0022300262,1610612740,New Orleans,Pelicans,NOP,pelicans,,0,0,0,0,0,0,0,0,0,0,0,0,1630184.0,Kira,Lewis Jr.,K. Lewis Jr.,kira-lewis-jr,,DNP - Coach's Decision,13
0022300262,1610612740,New Orleans,Pelicans,NOP,pelicans,,0,0,0,0,0,0,0,0,0,0,0,0,1630526.0,Jeremiah,Robinson-Earl,J. Robinson-Earl,jeremiah-robinson-earl,,DNP - Coach's Decision,50
