gameId,teamId,teamCity,teamName,teamTricode,teamSlug,minutes,pointsOffTurnovers,pointsSecondChance,pointsFastBreak,pointsPaint,oppPointsOffTurnovers,oppPointsSecondChance,oppPointsFastBreak,oppPointsPaint,blocks,blocksAgainst,foulsPersonal,foulsDrawn
0022300141,1610612759,San Antonio,Spurs,SAS,spurs,265:00,22,18,8,58,12,16,7,44,7,6,21,15
0022300141,1610612761,Toronto,Raptors,TOR,raptors,265:00,12,16,7,44,22,18,8,58,6,7,15,21
0022300163,1610612745,Houston,Rockets,HOU,rockets,240:00,14,24,20,68,11,3,9,42,3,6,23,18
0022300163,1610612747,Los Angeles,Lakers,LAL,lakers,240:00,11,3,9,42,14,24,20,68,6,3,18,23
0022300143,1610612742,Dallas,Mavericks,DAL,mavericks,240:00,12,18,15,50,10,14,14,72,6,2,19,25
0022300143,1610612766,Charlotte,Hornets,CHA,hornets,240:00,10,14,14,72,12,18,15,50,2,6,25,19
0022300006,1610612743,Denver,Nuggets,DEN,nuggets,240:00,21,20,21,68,25,8,9,40,6,6,17,19
0022300006,1610612742,Dallas,Mavericks,DAL,mavericks,240:00,25,8,9,40,21,20,21,68,6,6,19,17
0022300092,1610612761,Toronto,Raptors,TOR,raptors,240:00,10,17,19,34,24,13,15,50,5,7,19,18
0022300092,1610612755,Philadelphia,76ers,PHI,sixers,240:00,24,13,15,50,10,17,19,34,7,5,18,19
0022300125,1610612762,Utah,Jazz,UTA,jazz,240:00,17,9,16,46,24,17,9,40,3,7,22,22
0022300125,1610612763,Memphis,Grizzlies,MEM,grizzlies,240:00,24,17,9,40,17,9,16,46,7,3,22,22
0022300150,1610612748,Miami,Heat,MIA,heat,240:00,23,13,9,48,25,6,19,64,4,5,14,17
0022300150,1610612747,Los Angeles,Lakers,LAL,lakers,240:00,25,6,19,64,23,13,9,48,5,4,17,14
0022300146,1610612754,Indiana,Pacers,IND,pacers,240:00,15,20,34,60,16,18,15,56,4,5,24,15
0022300146,1610612759,San Antonio,Spurs,SAS,spurs,240:00,16,18,15,56,15,20,34,60,5,4,15,24
0022300069,1610612761,Toronto,Raptors,TOR,raptors,240:00,14,14,34,38,11,21,12,44,11,9,18,14
0022300069,1610612750,Minnesota,Timberwolves,MIN,timberwolves,240:00,11,21,12,44,14,14,34,38,9,11,14,18
0022300166,1610612750,Minnesota,Timberwolves,MIN,timberwolves,240:00,27,8,20,56,13,15,2,48,7,1,23,23
0022300166,1610612740,New Orleans,Pelicans,NOP,pelicans,240:00,13,15,2,48,27,8,20,56,1,7,23,23
0022300101,1610612766,Charlotte,Hornets,CHA,hornets,240:00,19,13,16,74,13,15,28,64,5,8,23,19
0022300101,1610612751,Brooklyn,Nets,BKN,nets,240:00,13,15,28,64,19,13,16,74,8,5,19,23
0022300169,1610612743,Denver,Nuggets,DEN,nuggets,240:00,14,8,12,52,8,14,13,42,4,0,20,20
0022300169,1610612744,Golden State,Warriors,GSW,warriors,240:00,8,14,13,42,14,8,12,52,0,4,20,20
0022300182,1610612745,Houston,Rockets,HOU,rockets,240:00,7,17,3,42,11,17,3,58,4,5,16,20
0022300182,1610612743,Denver,Nuggets,DEN,nuggets,240:00,11,17,3,58,7,17,3,42,5,4,20,16
0022300099,1610612746,LA,Clippers,LAC,clippers,240:00,34,20,18,54,6,8,13,30,5,6,16,23
0022300099,1610612759,San Antonio,Spurs,SAS,spurs,240:00,6,8,13,30,34,20,18,54,6,5,23,16
0022300145,1610612765,Detroit,Pistons,DET,pistons,240:00,14,10,17,32,15,26,14,52,2,4,20,14
0022300145,1610612744,Golden State,Warriors,GSW,warriors,240:00,15,26,14,52,14,10,17,32,4,2,14,20
0022300007,1610612757,Portland,Trail Blazers,POR,blazers,265:00,28,23,21,50,16,9,26,64,7,10,15,25
0022300007,1610612763,Memphis,Grizzlies,MEM,grizzlies,265:00,16,9,26,64,28,23,21,50,10,7,25,15
0022300117,1610612737,Atlanta,Hawks,ATL,hawks,240:00,16,19,19,64,25,5,27,74,3,3,16,25
0022300117,1610612764,Washington,Wizards,WAS,wizards,240:00,25,5,27,74,16,19,19,64,3,3,25,16
0022300185,1610612756,Phoenix,Suns,PHX,suns,240:00,5,9,6,38,18,3,14,50,7,8,19,21
0022300185,1610612760,Oklahoma City,Thunder,OKC,thunder,240:00,18,3,14,50,5,9,6,38,8,7,21,19
0022300063,1610612766,Charlotte,Hornets,CHA,hornets,240:00,12,14,17,56,17,14,19,58,3,1,21,19
0022300063,1610612737,Atlanta,Hawks,ATL,hawks,240:00,17,14,19,58,12,14,17,56,1,3,19,21
0022300170,1610612758,Sacramento,Kings,SAC,kings,265:00,23,26,18,58,19,10,9,50,6,5,24,29
0022300170,1610612757,Portland,Trail Blazers,POR,blazers,265:00,19,10,9,50,23,26,18,58,5,6,29,24
0022300171,1610612754,Indiana,Pacers,IND,pacers,240:00,14,18,14,40,20,14,12,60,6,5,25,19
0022300171,1610612749,Milwaukee,Bucks,MIL,bucks,240:00,20,14,12,60,14,18,14,40,5,6,19,25
0022300114,1610612746,LA,Clippers,LAC,clippers,240:00,23,16,17,50,16,11,8,58,4,3,26,24
0022300114,1610612753,Orlando,Magic,ORL,magic,240:00,16,11,8,58,23,16,17,50,3,4,24,26
0022300186,1610612744,Golden State,Warriors,GSW,warriors,240:00,20,20,12,38,15,10,12,62,0,6,28,19
0022300186,1610612750,Minnesota,Timberwolves,MIN,timberwolves,240:00,15,10,12,62,20,20,12,38,6,0,19,28
0022300013,1610612759,San Antonio,Spurs,SAS,spurs,240:00,21,13,18,42,16,15,6,50,8,4,21,19
0022300013,1610612750,Minnesota,Timberwolves,MIN,timberwolves,240:00,16,15,6,50,21,13,18,42,4,8,19,21
0022300095,1610612760,Oklahoma City,Thunder,OKC,thunder,240:00,15,14,11,58,16,10,17,72,4,5,14,21
0022300095,1610612743,Denver,Nuggets,DEN,nuggets,240:00,16,10,17,72,15,14,11,58,5,4,21,14
0022300161,1610612752,New York,Knicks,NYK,knicks,240:00,19,22,16,50,6,13,11,58,0,7,14,22
0022300161,1610612759,San Antonio,Spurs,SAS,spurs,240:00,6,13,11,58,19,22,16,50,7,0,22,14
0022300176,1610612744,Golden State,Warriors,GSW,warriors,240:00,8,20,15,34,32,15,19,50,3,3,29,24
0022300176,1610612739,Cleveland,Cavaliers,CLE,cavaliers,240:00,32,15,19,50,8,20,15,34,3,3,24,29
0022300064,1610612754,Indiana,Pacers,IND,pacers,240:00,22,11,32,60,14,12,22,68,8,9,23,11
0022300064,1610612764,Washington,Wizards,WAS,wizards,240:00,14,12,22,68,22,11,32,60,9,8,11,23
0022300083,1610612759,San Antonio,Spurs,SAS,spurs,265:00,19,13,12,56,26,13,15,76,4,2,17,26
0022300083,1610612745,Houston,Rockets,HOU,rockets,265:00,26,13,15,76,19,13,12,56,2,4,26,17
0022300164,1610612763,Memphis,Grizzlies,MEM,grizzlies,240:00,22,12,23,48,13,13,13,44,4,8,27,24
0022300164,1610612748,Miami,Heat,MIA,heat,240:00,13,13,13,44,22,12,23,48,8,4,24,27
0022300160,1610612751,Brooklyn,Nets,BKN,nets,240:00,16,18,14,34,15,23,13,48,10,8,14,15
0022300160,1610612746,LA,Clippers,LAC,clippers,240:00,15,23,13,48,16,18,14,34,8,10,15,14
0022300149,1610612751,Brooklyn,Nets,BKN,nets,240:00,20,12,20,46,15,15,11,48,4,2,16,13
0022300149,1610612749,Milwaukee,Bucks,MIL,bucks,240:00,15,15,11,48,20,12,20,46,2,4,13,16
0022300127,1610612747,Los Angeles,Lakers,LAL,lakers,265:00,23,9,23,54,13,10,9,56,9,1,24,31
0022300127,1610612746,LA,Clippers,LAC,clippers,265:00,13,10,9,56,23,9,23,54,1,9,31,24
0022300123,1610612750,Minnesota,Timberwolves,MIN,timberwolves,240:00,22,13,16,50,12,11,9,56,5,10,15,22
0022300123,1610612743,Denver,Nuggets,DEN,nuggets,240:00,12,11,9,56,22,13,16,50,10,5,22,15
0022300124,1610612742,Dallas,Mavericks,DAL,mavericks,240:00,9,24,7,24,19,11,14,54,2,3,11,23
0022300124,1610612741,Chicago,Bulls,CHI,bulls,240:00,19,11,14,54,9,24,7,24,3,2,23,11
0022300184,1610612759,San Antonio,Spurs,SAS,spurs,240:00,15,18,17,38,33,13,9,42,6,3,21,12
0022300184,1610612748,Miami,Heat,MIA,heat,240:00,33,13,9,42,15,18,17,38,3,6,12,21
0022300014,1610612742,Dallas,Mavericks,DAL,mavericks,240:00,20,19,15,50,13,20,15,62,1,2,23,27
0022300014,1610612746,LA,Clippers,LAC,clippers,240:00,13,20,15,62,20,19,15,50,2,1,27,23
0022300173,1610612753,Orlando,Magic,ORL,magic,240:00,20,22,9,40,7,4,15,50,1,6,17,24
0022300173,1610612749,Milwaukee,Bucks,MIL,bucks,240:00,7,4,15,50,20,22,9,40,6,1,24,17
0022300159,1610612755,Philadelphia,76ers,PHI,sixers,240:00,14,19,21,56,20,12,19,40,7,6,16,13
0022300159,1610612738,Boston,Celtics,BOS,celtics,240:00,20,12,19,40,14,19,21,56,6,7,13,16
0022300142,1610612739,Cleveland,Cavaliers,CLE,cavaliers,240:00,11,18,26,58,19,17,10,24,2,4,21,18
0022300142,1610612744,Golden State,Warriors,GSW,warriors,240:00,19,17,10,24,11,18,26,58,4,2,18,21
0022300072,1610612762,Utah,Jazz,UTA,jazz,240:00,14,15,15,64,9,14,10,48,2,8,20,25
0022300072,1610612758,Sacramento,Kings,SAC,kings,240:00,9,14,10,48,14,15,15,64,8,2,25,20
0022300010,1610612738,Boston,Celtics,BOS,celtics,240:00,18,29,12,32,2,5,13,32,3,3,13,25
0022300010,1610612751,Brooklyn,Nets,BKN,nets,240:00,2,5,13,32,18,29,12,32,3,3,25,13
0022300003,1610612748,Miami,Heat,MIA,heat,240:00,17,13,9,58,27,5,22,64,1,4,18,18
0022300003,1610612764,Washington,Wizards,WAS,wizards,240:00,27,5,22,64,17,13,9,58,4,1,18,18
0022300167,1610612760,Oklahoma City,Thunder,OKC,thunder,240:00,30,18,10,60,19,17,10,64,8,5,27,24
0022300167,1610612739,Cleveland,Cavaliers,CLE,cavaliers,240:00,19,17,10,64,30,18,10,60,5,8,24,27
0022300177,1610612752,New York,Knicks,NYK,knicks,240:00,20,13,22,62,10,19,8,56,4,4,18,25
0022300177,1610612766,Charlotte,Hornets,CHA,hornets,240:00,10,19,8,56,20,13,22,62,4,4,25,18
0022300068,1610612748,Miami,Heat,MIA,heat,240:00,25,19,12,48,9,17,16,40,3,13,18,23
0022300068,1610612765,Detroit,Pistons,DET,pistons,240:00,9,17,16,40,25,19,12,48,13,3,23,18
0022300110,1610612743,Denver,Nuggets,DEN,nuggets,240:00,18,10,13,68,16,19,13,62,8,2,14,21
0022300110,1610612762,Utah,Jazz,UTA,jazz,240:00,16,19,13,62,18,10,13,68,2,8,21,14
0022300175,1610612737,Atlanta,Hawks,ATL,hawks,240:00,15,11,11,36,23,14,8,48,6,4,19,14
0022300175,1610612748,Miami,Heat,MIA,heat,240:00,23,14,8,48,15,11,11,36,4,6,14,19
0022300062,1610612744,Golden State,Warriors,GSW,warriors,240:00,22,20,11,44,9,27,13,48,6,7,23,22
0022300062,1610612756,Phoenix,Suns,PHX,suns,240:00,9,27,13,48,22,20,11,44,7,6,22,23
0022300073,1610612759,San Antonio,Spurs,SAS,spurs,240:00,16,13,19,46,18,19,19,56,5,3,23,20
0022300073,1610612742,Dallas,Mavericks,DAL,mavericks,240:00,18,19,19,56,16,13,19,46,3,5,20,23
0022300086,1610612757,Portland,Trail Blazers,POR,blazers,240:00,15,22,7,38,18,14,13,50,1,5,24,16
0022300086,1610612753,Orlando,Magic,ORL,magic,240:00,18,14,13,50,15,22,7,38,5,1,16,24
0022300180,1610612755,Philadelphia,76ers,PHI,sixers,240:00,18,30,16,70,17,10,5,58,7,9,15,14
0022300180,1610612754,Indiana,Pacers,IND,pacers,240:00,17,10,5,58,18,30,16,70,9,7,14,15
0022300090,1610612740,New Orleans,Pelicans,NOP,pelicans,240:00,21,7,25,52,14,19,21,50,5,3,22,17
0022300090,1610612752,New York,Knicks,NYK,knicks,240:00,14,19,21,50,21,7,25,52,3,5,17,22
0022300138,1610612750,Minnesota,Timberwolves,MIN,timberwolves,240:00,23,6,26,54,6,24,13,38,11,7,23,20
0022300138,1610612762,Utah,Jazz,UTA,jazz,240:00,6,24,13,38,23,6,26,54,7,11,20,23
0022300093,1610612750,Minnesota,Timberwolves,MIN,timberwolves,240:00,22,11,12,58,15,9,22,38,3,1,17,12
0022300093,1610612748,Miami,Heat,MIA,heat,240:00,15,9,22,38,22,11,12,58,1,3,12,17
0022300113,1610612756,Phoenix,Suns,PHX,suns,240:00,15,16,7,40,16,17,7,56,7,9,18,17
0022300113,1610612759,San Antonio,Spurs,SAS,spurs,240:00,16,17,7,56,15,16,7,40,9,7,17,18
0022300105,1610612761,Toronto,Raptors,TOR,raptors,240:00,19,12,22,60,19,21,22,50,4,7,17,19
0022300105,1610612757,Portland,Trail Blazers,POR,blazers,240:00,19,21,22,50,19,12,22,60,7,4,19,17
0022300106,1610612763,Memphis,Grizzlies,MEM,grizzlies,240:00,16,14,14,52,11,12,13,34,4,7,22,17
0022300106,1610612742,Dallas,Mavericks,DAL,mavericks,240:00,11,12,13,34,16,14,14,52,7,4,17,22
0022300134,1610612753,Orlando,Magic,ORL,magic,240:00,22,36,15,60,14,15,5,52,9,10,18,21
0022300134,1610612747,Los Angeles,Lakers,LAL,lakers,240:00,14,15,5,52,22,36,15,60,10,9,21,18
0022300011,1610612745,Houston,Rockets,HOU,rockets,240:00,27,16,9,44,4,14,6,40,5,6,22,26
0022300011,1610612740,New Orleans,Pelicans,NOP,pelicans,240:00,4,14,6,40,27,16,9,44,6,5,26,22
0022300158,1610612754,Indiana,Pacers,IND,pacers,240:00,28,26,23,74,15,22,20,66,7,5,15,17
0022300158,1610612762,Utah,Jazz,UTA,jazz,240:00,15,22,20,66,28,26,23,74,5,7,17,15
0022300174,1610612738,Boston,Celtics,BOS,celtics,240:00,10,8,9,60,14,6,12,42,4,1,14,14
0022300174,1610612761,Toronto,Raptors,TOR,raptors,240:00,14,6,12,42,10,8,9,60,1,4,14,14
0022300102,1610612754,Indiana,Pacers,IND,pacers,240:00,21,15,17,44,14,18,10,54,5,6,24,17
0022300102,1610612741,Chicago,Bulls,CHI,bulls,240:00,14,18,10,54,21,15,17,44,6,5,17,24
0022300136,1610612751,Brooklyn,Nets,BKN,nets,240:00,16,9,7,38,8,19,16,52,5,6,21,17
0022300136,1610612738,Boston,Celtics,BOS,celtics,240:00,8,19,16,52,16,9,7,38,6,5,17,21
0022300078,1610612763,Memphis,Grizzlies,MEM,grizzlies,240:00,23,8,22,44,26,15,9,46,7,9,23,18
0022300078,1610612743,Denver,Nuggets,DEN,nuggets,240:00,26,15,9,46,23,8,22,44,9,7,18,23
0022300121,1610612760,Oklahoma City,Thunder,OKC,thunder,240:00,11,8,9,54,23,27,12,52,5,5,24,20
0022300121,1610612740,New Orleans,Pelicans,NOP,pelicans,240:00,23,27,12,52,11,8,9,54,5,5,20,24
0022300178,1610612751,Brooklyn,Nets,BKN,nets,240:00,13,21,11,38,28,7,21,40,6,3,18,15
0022300178,1610612764,Washington,Wizards,WAS,wizards,240:00,28,7,21,40,13,21,11,38,3,6,15,18
0022300108,1610612740,New Orleans,Pelicans,NOP,pelicans,240:00,14,11,22,44,12,25,6,54,3,7,18,21
0022300108,1610612744,Golden State,Warriors,GSW,warriors,240:00,12,25,6,54,14,11,22,44,7,3,21,18
0022300111,1610612747,Los Angeles,Lakers,LAL,lakers,240:00,14,4,7,54,20,20,11,44,10,3,17,22
0022300111,1610612753,Orlando,Magic,ORL,magic,240:00,20,20,11,44,14,4,7,54,3,10,22,17
0022300140,1610612765,Detroit,Pistons,DET,pistons,240:00,18,8,8,64,26,15,10,64,6,10,23,13
0022300140,1610612756,Phoenix,Suns,PHX,suns,240:00,26,15,10,64,18,8,8,64,10,6,13,23
0022300128,1610612755,Philadelphia,76ers,PHI,sixers,240:00,23,18,27,66,20,9,20,50,3,3,19,20
0022300128,1610612761,Toronto,Raptors,TOR,raptors,240:00,20,9,20,50,23,18,27,66,3,3,20,19
0022300091,1610612739,Cleveland,Cavaliers,CLE,cavaliers,240:00,7,20,9,58,12,15,15,62,6,4,16,20
0022300091,1610612754,Indiana,Pacers,IND,pacers,240:00,12,15,15,62,7,20,9,58,4,6,20,16
0022300120,1610612752,New York,Knicks,NYK,knicks,240:00,20,16,8,42,16,6,14,36,3,5,16,27
0022300120,1610612739,Cleveland,Cavaliers,CLE,cavaliers,240:00,16,6,14,36,20,16,8,42,5,3,27,16
0022300112,1610612739,Cleveland,Cavaliers,CLE,cavaliers,240:00,18,7,19,42,28,20,17,40,6,1,19,17
0022300112,1610612752,New York,Knicks,NYK,knicks,240:00,28,20,17,40,18,7,19,42,1,6,17,19
0022300179,1610612746,LA,Clippers,LAC,clippers,,0,0,0,0,0,0,0,0,0,0,0,0
0022300179,1610612763,Memphis,Grizzlies,MEM,grizzlies,,0,0,0,0,0,0,0,0,0,0,0,0
0022300065,1610612752,New York,Knicks,NYK,knicks,240:00,11,20,7,24,14,4,18,42,0,11,22,22
0022300065,1610612738,Boston,Celtics,BOS,celtics,240:00,14,4,18,42,11,20,7,24,11,0,22,22
0022300119,1610612748,Miami,Heat,MIA,heat,240:00,20,16,13,44,25,9,24,40,5,4,20,18
0022300119,1610612751,Brooklyn,Nets,BKN,nets,240:00,25,9,24,40,20,16,13,44,4,5,18,20
0022300103,1610612764,Washington,Wizards,WAS,wizards,240:00,30,11,20,48,23,17,16,52,4,6,13,21
0022300103,1610612738,Boston,Celtics,BOS,celtics,240:00,23,17,16,52,30,11,20,48,6,4,21,13
0022300187,1610612747,Los Angeles,Lakers,LAL,lakers,240:00,10,10,15,68,16,11,24,48,4,8,11,25
0022300187,1610612757,Portland,Trail Blazers,POR,blazers,240:00,16,11,24,48,10,10,15,68,8,4,25,11
0022300116,1610612761,Toronto,Raptors,TOR,raptors,240:00,10,21,26,66,17,13,5,40,6,2,25,17
0022300116,1610612749,Milwaukee,Bucks,MIL,bucks,240:00,17,13,5,40,10,21,26,66,2,6,17,25
0022300081,1610612739,Cleveland,Cavaliers,CLE,cavaliers,240:00,18,9,17,48,15,8,17,38,8,10,16,17
0022300081,1610612760,Oklahoma City,Thunder,OKC,thunder,240:00,15,8,17,38,18,9,17,48,10,8,17,16
0022300104,1610612737,Atlanta,Hawks,ATL,hawks,240:00,21,7,19,50,9,8,17,48,7,5,12,17
0022300104,1610612750,Minnesota,Timberwolves,MIN,timberwolves,240:00,9,8,17,48,21,7,19,50,5,7,17,12
0022300075,1610612749,Milwaukee,Bucks,MIL,bucks,240:00,17,12,18,48,16,3,20,46,4,4,23,28
0022300075,1610612755,Philadelphia,76ers,PHI,sixers,240:00,16,3,20,46,17,12,18,48,4,4,28,23
0022300137,1610612745,Houston,Rockets,HOU,rockets,240:00,13,10,6,54,10,11,2,42,3,6,18,19
0022300137,1610612758,Sacramento,Kings,SAC,kings,240:00,10,11,2,42,13,10,6,54,6,3,19,18
0022300061,1610612743,Denver,Nuggets,DEN,nuggets,240:00,20,17,20,52,18,4,20,58,6,4,15,18
0022300061,1610612747,Los Angeles,Lakers,LAL,lakers,240:00,18,4,20,58,20,17,20,52,4,6,18,15
0022300183,1610612740,New Orleans,Pelicans,NOP,pelicans,240:00,6,11,13,48,22,9,30,54,3,6,20,19
0022300183,1610612742,Dallas,Mavericks,DAL,mavericks,240:00,22,9,30,54,6,11,13,48,6,3,19,20
0022300071,1610612763,Memphis,Grizzlies,MEM,grizzlies,240:00,28,23,2,50,23,25,7,46,7,5,19,21
0022300071,1610612740,New Orleans,Pelicans,NOP,pelicans,240:00,23,25,7,46,28,23,2,50,5,7,21,19
0022300084,1610612742,Dallas,Mavericks,DAL,mavericks,240:00,16,11,10,50,13,9,20,42,2,4,15,28
0022300084,1610612751,Brooklyn,Nets,BKN,nets,240:00,13,9,20,42,16,11,10,50,4,2,28,15
0022300085,1610612762,Utah,Jazz,UTA,jazz,240:00,15,33,18,46,16,8,5,48,4,6,24,22
0022300085,1610612746,LA,Clippers,LAC,clippers,240:00,16,8,5,48,15,33,18,46,6,4,22,24
0022300001,1610612754,Indiana,Pacers,IND,pacers,240:00,15,20,17,52,26,6,24,62,5,9,18,20
0022300001,1610612739,Cleveland,Cavaliers,CLE,cavaliers,240:00,26,6,24,62,15,20,17,52,9,5,20,18
0022300094,1610612756,Phoenix,Suns,PHX,suns,240:00,27,7,23,64,11,15,6,50,7,5,19,20
0022300094,1610612762,Utah,Jazz,UTA,jazz,240:00,11,15,6,50,27,7,23,64,5,7,20,19
0022300133,1610612754,Indiana,Pacers,IND,pacers,240:00,16,16,9,40,20,17,12,74,5,10,18,20
0022300133,1610612766,Charlotte,Hornets,CHA,hornets,240:00,20,17,12,74,16,16,9,40,10,5,20,18
0022300107,1610612749,Milwaukee,Bucks,MIL,bucks,240:00,18,10,9,56,18,0,15,42,5,2,23,20
0022300107,1610612748,Miami,Heat,MIA,heat,240:00,18,0,15,42,18,10,9,56,2,5,20,23
0022300079,1610612737,Atlanta,Hawks,ATL,hawks,240:00,20,14,17,54,24,12,16,40,6,6,20,21
0022300079,1610612752,New York,Knicks,NYK,knicks,240:00,24,12,16,40,20,14,17,54,6,6,21,20
0022300151,1610612752,New York,Knicks,NYK,knicks,240:00,35,16,28,56,21,13,6,38,1,3,13,15
0022300151,1610612746,LA,Clippers,LAC,clippers,240:00,21,13,6,38,35,16,28,56,3,1,15,13
0022300156,1610612743,Denver,Nuggets,DEN,nuggets,240:00,22,18,16,64,13,10,13,46,5,2,16,18
0022300156,1610612740,New Orleans,Pelicans,NOP,pelicans,240:00,13,10,13,46,22,18,16,64,2,5,18,16
0022300088,1610612765,Detroit,Pistons,DET,pistons,240:00,10,20,11,60,17,10,8,36,4,5,18,20
0022300088,1610612741,Chicago,Bulls,CHI,bulls,240:00,17,10,8,36,10,20,11,60,5,4,20,18
0022300172,1610612753,Orlando,Magic,ORL,magic,240:00,27,13,21,58,25,13,23,50,6,7,24,25
0022300172,1610612737,Atlanta,Hawks,ATL,hawks,240:00,25,13,23,50,27,13,21,58,7,6,25,24
0022300096,1610612745,Houston,Rockets,HOU,rockets,240:00,14,5,12,46,13,19,11,24,4,6,20,18
0022300096,1610612744,Golden State,Warriors,GSW,warriors,240:00,13,19,11,24,14,5,12,46,6,4,18,20
0022300100,1610612758,Sacramento,Kings,SAC,kings,265:00,10,20,7,56,15,16,22,44,7,4,28,22
0022300100,1610612747,Los Angeles,Lakers,LAL,lakers,265:00,15,16,22,44,10,20,7,56,4,7,22,28
0022300148,1610612755,Philadelphia,76ers,PHI,sixers,240:00,18,5,24,62,18,18,21,60,7,10,15,26
0022300148,1610612764,Washington,Wizards,WAS,wizards,240:00,18,18,21,60,18,5,24,62,10,7,26,15
0022300015,1610612756,Phoenix,Suns,PHX,suns,240:00,9,21,18,52,15,10,20,52,1,7,24,20
0022300015,1610612747,Los Angeles,Lakers,LAL,lakers,240:00,15,10,20,52,9,21,18,52,7,1,20,24
0022300077,1610612766,Charlotte,Hornets,CHA,hornets,240:00,26,7,19,48,25,19,14,54,7,6,23,29
0022300077,1610612765,Detroit,Pistons,DET,pistons,240:00,25,19,14,54,26,7,19,48,6,7,29,23
0022300005,1610612760,Oklahoma City,Thunder,OKC,thunder,240:00,18,14,7,62,30,23,12,48,1,2,20,25
0022300005,1610612744,Golden State,Warriors,GSW,warriors,240:00,30,23,12,48,18,14,7,62,2,1,25,20
0022300008,1610612765,Detroit,Pistons,DET,pistons,240:00,5,9,16,48,27,13,16,48,5,5,26,23
0022300008,1610612755,Philadelphia,76ers,PHI,sixers,240:00,27,13,16,48,5,9,16,48,5,5,23,26
0022300168,1610612742,Dallas,Mavericks,DAL,mavericks,240:00,9,12,6,40,14,15,15,72,6,4,21,25
0022300168,1610612761,Toronto,Raptors,TOR,raptors,240:00,14,15,15,72,9,12,6,40,4,6,25,21
0022300130,1610612762,Utah,Jazz,UTA,jazz,240:00,20,12,12,56,20,13,18,56,7,9,27,25
0022300130,1610612753,Orlando,Magic,ORL,magic,240:00,20,13,18,56,20,12,12,56,9,7,25,27
0022300147,1610612753,Orlando,Magic,ORL,magic,240:00,21,16,9,52,23,14,18,38,4,6,24,20
0022300147,1610612742,Dallas,Mavericks,DAL,mavericks,240:00,23,14,18,38,21,16,9,52,6,4,20,24
0022300066,1610612753,Orlando,Magic,ORL,magic,240:00,23,19,5,54,14,10,11,32,6,3,20,24
0022300066,1610612745,Houston,Rockets,HOU,rockets,240:00,14,10,11,32,23,19,5,54,3,6,24,20
0022300155,1610612760,Oklahoma City,Thunder,OKC,thunder,240:00,14,13,32,56,11,19,21,48,7,3,22,16
0022300155,1610612737,Atlanta,Hawks,ATL,hawks,240:00,11,19,21,48,14,13,32,56,3,7,16,22
0022300009,1610612764,Washington,Wizards,WAS,wizards,240:00,12,7,11,54,22,32,15,74,6,4,23,19
0022300009,1610612766,Charlotte,Hornets,CHA,hornets,240:00,22,32,15,74,12,7,11,54,4,6,19,23
0022300097,1610612749,Milwaukee,Bucks,MIL,bucks,240:00,22,17,7,44,22,18,25,50,3,2,22,17
0022300097,1610612737,Atlanta,Hawks,ATL,hawks,240:00,22,18,25,50,22,17,7,44,2,3,17,22
0022300152,1610612741,Chicago,Bulls,CHI,bulls,240:00,30,16,12,48,1,16,17,46,3,7,18,20
0022300152,1610612762,Utah,Jazz,UTA,jazz,240:00,1,16,17,46,30,16,12,48,7,3,20,18
0022300118,1610612738,Boston,Celtics,BOS,celtics,240:00,13,15,19,52,12,8,14,70,2,6,19,20
0022300118,1610612754,Indiana,Pacers,IND,pacers,240:00,12,8,14,70,13,15,19,52,6,2,20,19
0022300004,1610612741,Chicago,Bulls,CHI,bulls,240:00,16,4,8,44,18,7,21,46,4,4,13,12
0022300004,1610612751,Brooklyn,Nets,BKN,nets,240:00,18,7,21,46,16,4,8,44,4,4,12,13
0022300126,1610612744,Golden State,Warriors,GSW,warriors,240:00,20,10,7,46,18,12,10,38,6,4,17,17
0022300126,1610612758,Sacramento,Kings,SAC,kings,240:00,18,12,10,38,20,10,7,46,4,6,17,17
0022300135,1610612740,New Orleans,Pelicans,NOP,pelicans,240:00,13,14,17,58,19,24,14,56,7,6,15,16
0022300135,1610612737,Atlanta,Hawks,ATL,hawks,240:00,19,24,14,56,13,14,17,58,6,7,16,15
0022300087,1610612758,Sacramento,Kings,SAC,kings,240:00,18,8,5,54,26,9,11,44,3,3,16,24
0022300087,1610612744,Golden State,Warriors,GSW,warriors,240:00,26,9,11,44,18,8,5,54,3,3,24,16
0022300082,1610612741,Chicago,Bulls,CHI,bulls,265:00,23,24,14,50,16,10,12,48,5,2,22,29
0022300082,1610612761,Toronto,Raptors,TOR,raptors,265:00,16,10,12,48,23,24,14,50,2,5,29,22
0022300139,1610612743,Denver,Nuggets,DEN,nuggets,240:00,18,12,15,48,22,14,16,46,4,3,18,19
0022300139,1610612741,Chicago,Bulls,CHI,bulls,240:00,22,14,16,46,18,12,15,48,3,4,19,18
0022300131,1610612756,Phoenix,Suns,PHX,suns,240:00,7,12,9,44,17,9,18,58,4,5,15,21
0022300131,1610612759,San Antonio,Spurs,SAS,spurs,240:00,17,9,18,58,7,12,9,44,5,4,21,15
0022300076,1610612747,Los Angeles,Lakers,LAL,lakers,240:00,29,6,16,60,22,14,6,36,7,3,23,21
0022300076,1610612756,Phoenix,Suns,PHX,suns,240:00,22,14,6,36,29,6,16,60,3,7,21,23
0022300098,1610612755,Philadelphia,76ers,PHI,sixers,240:00,17,12,23,50,13,12,16,50,17,9,20,26
0022300098,1610612757,Portland,Trail Blazers,POR,blazers,240:00,13,12,16,50,17,12,23,50,9,17,26,20
0022300153,1610612745,Houston,Rockets,HOU,rockets,240:00,19,8,14,50,9,19,11,38,4,2,19,22
0022300153,1610612758,Sacramento,Kings,SAC,kings,240:00,9,19,11,38,19,8,14,50,2,4,22,19
0022300074,1610612746,LA,Clippers,LAC,clippers,240:00,24,19,15,58,21,22,14,54,7,4,20,20
0022300074,1610612757,Portland,Trail Blazers,POR,blazers,240:00,21,22,14,54,24,19,15,58,4,7,20,20
0022300132,1610612755,Philadelphia,76ers,PHI,sixers,240:00,16,17,19,60,16,17,8,42,6,12,24,11
0022300132,1610612756,Phoenix,Suns,PHX,suns,240:00,16,17,8,42,16,17,19,60,12,6,11,24
0022300162,1610612741,Chicago,Bulls,CHI,bulls,265:00,30,14,17,46,11,14,12,34,7,10,22,20
0022300162,1610612756,Phoenix,Suns,PHX,suns,265:00,11,14,12,34,30,14,17,46,10,7,20,22
0022300144,1610612757,Portland,Trail Blazers,POR,blazers,240:00,12,20,13,34,19,12,9,52,5,7,21,18
0022300144,1610612763,Memphis,Grizzlies,MEM,grizzlies,240:00,19,12,9,52,12,20,13,34,7,5,18,21
0022300115,1610612765,Detroit,Pistons,DET,pistons,240:00,18,10,17,56,15,11,3,48,4,7,31,15
0022300115,1610612757,Portland,Trail Blazers,POR,blazers,240:00,15,11,3,48,18,10,17,56,7,4,15,31
0022300080,1610612738,Boston,Celtics,BOS,celtics,240:00,6,23,9,52,16,16,9,36,6,6,19,16
0022300080,1610612748,Miami,Heat,MIA,heat,240:00,16,16,9,36,6,23,9,52,6,6,16,19
0022300089,1610612764,Washington,Wizards,WAS,wizards,240:00,18,6,8,42,14,14,14,36,5,8,15,21
0022300089,1610612763,Memphis,Grizzlies,MEM,grizzlies,240:00,14,14,14,36,18,6,8,42,8,5,21,15
0022300070,1610612741,Chicago,Bulls,CHI,bulls,240:00,22,19,8,44,16,11,17,40,3,4,16,19
0022300070,1610612760,Oklahoma City,Thunder,OKC,thunder,240:00,16,11,17,40,22,19,8,44,4,3,19,16
0022300016,1610612758,Sacramento,Kings,SAC,kings,240:00,23,23,13,46,20,6,11,58,9,5,22,15
0022300016,1610612760,Oklahoma City,Thunder,OKC,thunder,240:00,20,6,11,58,23,23,13,46,5,9,15,22
0022300129,1610612740,New Orleans,Pelicans,NOP,pelicans,240:00,24,14,12,44,14,16,15,44,7,5,18,31
0022300129,1610612765,Detroit,Pistons,DET,pistons,240:00,14,16,15,44,24,14,12,44,5,7,31,18
0022300002,1610612749,Milwaukee,Bucks,MIL,bucks,240:00,4,8,7,28,14,13,15,42,10,1,16,22
0022300002,1610612752,New York,Knicks,NYK,knicks,240:00,14,13,15,42,4,8,7,28,1,10,22,16
0022300165,1610612749,Milwaukee,Bucks,MIL,bucks,240:00,18,9,13,48,6,13,10,50,7,5,18,24
0022300165,1610612765,Detroit,Pistons,DET,pistons,240:00,6,13,10,50,18,9,13,48,5,7,24,18
0022300122,1610612745,Houston,Rockets,HOU,rockets,240:00,27,6,21,32,20,22,15,58,2,8,22,19
0022300122,1610612766,Charlotte,Hornets,CHA,hornets,240:00,20,22,15,58,27,6,21,32,8,2,19,22
0022300154,1610612750,Minnesota,Timberwolves,MIN,timberwolves,265:00,20,9,18,46,26,14,13,38,5,2,26,26
0022300154,1610612738,Boston,Celtics,BOS,celtics,265:00,26,14,13,38,20,9,18,46,2,5,26,26
0022300012,1610612763,Memphis,Grizzlies,MEM,grizzlies,240:00,24,18,14,48,17,9,17,44,5,12,23,17
0022300012,1610612762,Utah,Jazz,UTA,jazz,240:00,17,9,17,44,24,18,14,48,12,5,17,23
0022300157,1610612766,Charlotte,Hornets,CHA,hornets,240:00,12,12,5,64,35,18,8,56,5,6,22,26
0022300157,1610612764,Washington,Wizards,WAS,wizards,240:00,35,18,8,56,12,12,5,64,6,5,26,22
0022300067,1610612751,Brooklyn,Nets,BKN,nets,240:00,16,10,24,56,26,13,21,50,6,6,16,23
0022300067,1610612739,Cleveland,Cavaliers,CLE,cavaliers,240:00,26,13,21,50,16,10,24,56,6,6,23,16
0022300109,1610612760,Oklahoma City,Thunder,OKC,thunder,240:00,26,11,16,50,27,15,12,42,10,5,19,25
0022300109,1610612765,Detroit,Pistons,DET,pistons,240:00,27,15,12,42,26,11,16,50,5,10,25,19
0022300181,1610612741,Chicago,Bulls,CHI,bulls,240:00,25,13,16,52,9,24,13,46,6,6,21,19
0022300181,1610612765,Detroit,Pistons,DET,pistons,240:00,9,24,13,46,25,13,16,52,6,6,19,21
0022300189,1610612761,Toronto,Raptors,TOR,raptors,240:00,23,18,22,76,26,9,18,48,4,5,13,22
0022300189,1610612764,Washington,Wizards,WAS,wizards,240:00,26,9,18,48,23,18,22,76,5,4,22,13
0022300188,1610612738,Boston,Celtics,BOS,celtics,240:00,12,15,9,34,16,15,5,18,3,2,22,16
0022300188,1610612752,New York,Knicks,NYK,knicks,240:00,16,15,5,18,12,15,9,34,2,3,16,22
0022300191,1610612758,Sacramento,Kings,SAC,kings,240:00,16,11,10,52,8,25,2,50,4,1,19,18
0022300191,1610612739,Cleveland,Cavaliers,CLE,cavaliers,240:00,8,25,2,50,16,11,10,52,1,4,18,19
0022300190,1610612749,Milwaukee,Bucks,MIL,bucks,240:00,10,22,15,42,22,22,13,38,5,7,23,25
0022300190,1610612741,Chicago,Bulls,CHI,bulls,240:00,22,22,13,38,10,22,15,42,7,5,25,23
0022300025,1610612744,Golden State,Warriors,GSW,warriors,240:00,22,14,7,34,20,15,11,36,2,5,22,19
0022300025,1610612750,Minnesota,Timberwolves,MIN,timberwolves,240:00,20,15,11,36,22,14,7,34,5,2,19,22
0022300023,1610612762,Utah,Jazz,UTA,jazz,240:00,23,20,20,56,9,12,9,40,6,6,18,15
0022300023,1610612757,Portland,Trail Blazers,POR,blazers,240:00,9,12,9,40,23,20,20,56,6,6,15,18
0022300022,1610612740,New Orleans,Pelicans,NOP,pelicans,240:00,31,12,46,60,10,20,12,40,6,3,20,16
0022300022,1610612742,Dallas,Mavericks,DAL,mavericks,240:00,10,20,12,40,31,12,46,60,3,6,16,20
0022300026,1610612747,Los Angeles,Lakers,LAL,lakers,240:00,10,20,17,40,22,19,8,34,10,9,13,15
0022300026,1610612763,Memphis,Grizzlies,MEM,grizzlies,240:00,22,19,8,34,10,20,17,40,9,10,15,13
0022300017,1610612766,Charlotte,Hornets,CHA,hornets,240:00,9,17,2,40,23,8,13,54,0,5,21,19
0022300017,1610612748,Miami,Heat,MIA,heat,240:00,23,8,13,54,9,17,2,40,5,0,19,21
0022300020,1610612751,Brooklyn,Nets,BKN,nets,240:00,27,11,31,52,16,19,7,36,3,4,24,16
0022300020,1610612753,Orlando,Magic,ORL,magic,240:00,16,19,7,36,27,11,31,52,4,3,16,24
0022300018,1610612765,Detroit,Pistons,DET,pistons,240:00,17,16,16,70,19,11,17,48,6,7,20,19
0022300018,1610612737,Atlanta,Hawks,ATL,hawks,240:00,19,11,17,48,17,16,16,70,7,6,19,20
0022300021,1610612760,Oklahoma City,Thunder,OKC,thunder,240:00,23,11,31,60,13,16,2,38,6,6,17,13
0022300021,1610612759,San Antonio,Spurs,SAS,spurs,240:00,13,16,2,38,23,11,31,60,6,6,13,17
0022300024,1610612743,Denver,Nuggets,DEN,nuggets,240:00,7,13,12,58,19,13,13,34,2,1,19,24
0022300024,1610612746,LA,Clippers,LAC,clippers,240:00,19,13,13,34,7,13,12,58,1,2,24,19
0022300019,1610612755,Philadelphia,76ers,PHI,sixers,240:00,4,8,22,66,13,8,21,58,3,5,26,28
0022300019,1610612754,Indiana,Pacers,IND,pacers,240:00,13,8,21,58,4,8,22,66,5,3,28,26
0022300197,1610612756,Phoenix,Suns,PHX,suns,240:00,14,10,0,54,15,28,9,60,4,5,21,14
0022300197,1610612750,Minnesota,Timberwolves,MIN,timberwolves,240:00,15,28,9,60,14,10,0,54,5,4,14,21
0022300193,1610612737,Atlanta,Hawks,ATL,hawks,240:00,13,4,8,42,21,21,14,50,6,2,20,20
0022300193,1610612752,New York,Knicks,NYK,knicks,240:00,21,21,14,50,13,4,8,42,2,6,20,20
0022300196,1610612741,Chicago,Bulls,CHI,bulls,240:00,14,11,19,46,17,17,14,44,4,3,25,21
0022300196,1610612753,Orlando,Magic,ORL,magic,240:00,17,17,14,44,14,11,19,46,3,4,21,25
0022300192,1610612764,Washington,Wizards,WAS,wizards,240:00,8,9,14,56,14,13,17,52,1,4,22,16
0022300192,1610612742,Dallas,Mavericks,DAL,mavericks,240:00,14,13,17,52,8,9,14,56,4,1,16,22
0022300199,1610612757,Portland,Trail Blazers,POR,blazers,240:00,16,13,11,36,13,9,20,60,3,9,21,16
0022300199,1610612739,Cleveland,Cavaliers,CLE,cavaliers,240:00,13,9,20,60,16,13,11,36,9,3,16,21
0022300194,1610612755,Philadelphia,76ers,PHI,sixers,240:00,13,16,10,54,10,18,17,40,1,8,14,15
0022300194,1610612738,Boston,Celtics,BOS,celtics,240:00,10,18,17,40,13,16,10,54,8,1,15,14
0022300198,1610612747,Los Angeles,Lakers,LAL,lakers,240:00,27,6,12,50,30,16,21,54,6,1,17,20
0022300198,1610612758,Sacramento,Kings,SAC,kings,240:00,30,16,21,54,27,6,12,50,1,6,20,17
0022300195,1610612761,Toronto,Raptors,TOR,raptors,240:00,16,24,16,52,20,9,9,34,8,9,19,25
0022300195,1610612749,Milwaukee,Bucks,MIL,bucks,240:00,20,9,9,34,16,24,16,52,9,8,25,19
0022300200,1610612748,Miami,Heat,MIA,heat,240:00,16,11,18,44,12,25,11,46,3,3,20,20
0022300200,1610612751,Brooklyn,Nets,BKN,nets,240:00,12,25,11,46,16,11,18,44,3,3,20,20
0022300201,1610612744,Golden State,Warriors,GSW,warriors,240:00,15,27,9,48,12,6,13,42,4,3,19,20
0022300201,1610612760,Oklahoma City,Thunder,OKC,thunder,240:00,12,6,13,42,15,27,9,48,3,4,20,19
0022300033,1610612741,Chicago,Bulls,CHI,bulls,240:00,19,3,4,34,25,14,4,52,3,7,21,22
0022300033,1610612753,Orlando,Magic,ORL,magic,240:00,25,14,4,52,19,3,4,34,7,3,22,21
0022300032,1610612759,San Antonio,Spurs,SAS,spurs,240:00,25,15,7,48,16,7,16,50,3,2,21,22
0022300032,1610612758,Sacramento,Kings,SAC,kings,240:00,16,7,16,50,25,15,7,48,2,3,22,21
0022300029,1610612737,Atlanta,Hawks,ATL,hawks,240:00,25,23,22,54,16,28,14,48,4,4,20,20
0022300029,1610612755,Philadelphia,76ers,PHI,sixers,240:00,16,28,14,48,25,23,22,54,4,4,20,20
0022300037,1610612746,LA,Clippers,LAC,clippers,240:00,26,11,4,36,16,8,19,52,7,5,19,28
0022300037,1610612745,Houston,Rockets,HOU,rockets,240:00,16,8,19,52,26,11,4,36,5,7,28,19
0022300031,1610612761,Toronto,Raptors,TOR,raptors,240:00,15,4,12,54,11,10,15,40,1,4,11,13
0022300031,1610612738,Boston,Celtics,BOS,celtics,240:00,11,10,15,40,15,4,12,54,4,1,13,11
0022300035,1610612762,Utah,Jazz,UTA,jazz,240:00,14,15,6,44,17,16,6,42,10,4,23,22
0022300035,1610612756,Phoenix,Suns,PHX,suns,240:00,17,16,6,42,14,15,6,44,4,10,22,23
0022300036,1610612757,Portland,Trail Blazers,POR,blazers,240:00,16,22,21,42,27,9,26,50,2,6,17,16
0022300036,1610612747,Los Angeles,Lakers,LAL,lakers,240:00,27,9,26,50,16,22,21,42,6,2,16,17
0022300027,1610612766,Charlotte,Hornets,CHA,hornets,240:00,9,8,13,48,12,6,16,42,2,7,14,21
0022300027,1610612749,Milwaukee,Bucks,MIL,bucks,240:00,12,6,16,42,9,8,13,48,7,2,21,14
0022300030,1610612739,Cleveland,Cavaliers,CLE,cavaliers,240:00,22,5,14,56,16,19,18,46,6,6,9,19
0022300030,1610612765,Detroit,Pistons,DET,pistons,240:00,16,19,18,46,22,5,14,56,6,6,19,9
0022300034,1610612740,New Orleans,Pelicans,NOP,pelicans,240:00,13,8,15,60,10,15,11,66,5,3,13,20
0022300034,1610612743,Denver,Nuggets,DEN,nuggets,240:00,10,15,11,66,13,8,15,60,3,5,20,13
0022300028,1610612764,Washington,Wizards,WAS,wizards,240:00,12,9,9,46,12,17,4,40,4,6,18,21
0022300028,1610612752,New York,Knicks,NYK,knicks,240:00,12,17,4,40,12,9,9,46,6,4,21,18
0022300206,1610612759,San Antonio,Spurs,SAS,spurs,240:00,11,21,7,38,18,18,9,56,9,3,28,25
0022300206,1610612763,Memphis,Grizzlies,MEM,grizzlies,240:00,18,18,9,56,11,21,7,38,3,9,25,28
0022300207,1610612744,Golden State,Warriors,GSW,warriors,265:00,19,21,11,36,26,13,15,54,4,7,18,16
0022300207,1610612760,Oklahoma City,Thunder,OKC,thunder,265:00,26,13,15,54,19,21,11,36,7,4,16,18
0022300204,1610612741,Chicago,Bulls,CHI,bulls,240:00,17,16,20,32,13,11,10,22,6,0,22,18
0022300204,1610612748,Miami,Heat,MIA,heat,240:00,13,11,10,22,17,16,20,32,0,6,18,22
0022300203,1610612740,New Orleans,Pelicans,NOP,pelicans,240:00,18,20,15,50,18,11,12,48,5,7,26,21
0022300203,1610612750,Minnesota,Timberwolves,MIN,timberwolves,240:00,18,11,12,48,18,20,15,50,7,5,21,26
0022300202,1610612766,Charlotte,Hornets,CHA,hornets,240:00,14,9,22,36,16,11,10,48,5,4,22,13
0022300202,1610612752,New York,Knicks,NYK,knicks,240:00,16,11,10,48,14,9,22,36,4,5,13,22
0022300205,1610612749,Milwaukee,Bucks,MIL,bucks,240:00,14,7,11,56,6,15,9,56,3,2,16,16
0022300205,1610612742,Dallas,Mavericks,DAL,mavericks,240:00,6,15,9,56,14,7,11,56,2,3,16,16
0022300210,1610612739,Cleveland,Cavaliers,CLE,cavaliers,240:00,17,19,5,56,18,4,18,46,5,5,18,21
0022300210,1610612743,Denver,Nuggets,DEN,nuggets,240:00,18,4,18,46,17,19,5,56,5,5,21,18
0022300214,1610612762,Utah,Jazz,UTA,jazz,290:00,16,27,24,62,14,18,12,48,5,13,27,28
0022300214,1610612756,Phoenix,Suns,PHX,suns,290:00,14,18,12,48,16,27,24,62,13,5,28,27
0022300213,1610612763,Memphis,Grizzlies,MEM,grizzlies,240:00,19,21,7,32,18,12,9,42,5,10,21,19
0022300213,1610612738,Boston,Celtics,BOS,celtics,240:00,18,12,9,42,19,21,7,32,10,5,19,21
0022300216,1610612747,Los Angeles,Lakers,LAL,lakers,240:00,24,9,6,58,18,11,5,48,1,3,13,25
0022300216,1610612745,Houston,Rockets,HOU,rockets,240:00,18,11,5,48,24,9,6,58,3,1,25,13
0022300218,1610612765,Detroit,Pistons,DET,pistons,240:00,19,9,13,56,20,7,14,50,5,8,24,17
0022300218,1610612743,Denver,Nuggets,DEN,nuggets,240:00,20,7,14,50,19,9,13,56,8,5,17,24
0022300217,1610612766,Charlotte,Hornets,CHA,hornets,265:00,15,20,24,60,12,20,9,46,7,8,18,15
0022300217,1610612738,Boston,Celtics,BOS,celtics,265:00,12,20,9,46,15,20,24,60,8,7,15,18
0022300215,1610612757,Portland,Trail Blazers,POR,blazers,240:00,16,14,9,42,29,10,13,52,2,3,15,18
0022300215,1610612760,Oklahoma City,Thunder,OKC,thunder,240:00,29,10,13,52,16,14,9,42,3,2,18,15
0022300221,1610612750,Minnesota,Timberwolves,MIN,timberwolves,240:00,15,14,24,48,17,14,24,38,7,3,26,23
0022300221,1610612752,New York,Knicks,NYK,knicks,240:00,17,14,24,38,15,14,24,48,3,7,23,26
0022300208,1610612751,Brooklyn,Nets,BKN,nets,240:00,7,6,14,44,17,7,20,48,8,4,14,18
0022300208,1610612755,Philadelphia,76ers,PHI,sixers,240:00,17,7,20,48,7,6,14,44,4,8,18,14
0022300220,1610612741,Chicago,Bulls,CHI,bulls,240:00,13,10,5,38,13,12,6,42,7,1,16,19
0022300220,1610612748,Miami,Heat,MIA,heat,240:00,13,12,6,42,13,10,5,38,1,7,19,16
0022300209,1610612754,Indiana,Pacers,IND,pacers,240:00,21,19,16,64,23,14,20,66,7,10,32,23
0022300209,1610612753,Orlando,Magic,ORL,magic,240:00,23,14,20,66,21,19,16,64,10,7,23,32
0022300222,1610612740,New Orleans,Pelicans,NOP,pelicans,240:00,19,15,17,64,16,10,11,40,6,5,19,21
0022300222,1610612758,Sacramento,Kings,SAC,kings,240:00,16,10,11,40,19,15,17,64,5,6,21,19
0022300219,1610612764,Washington,Wizards,WAS,wizards,240:00,18,9,17,84,0,27,2,64,4,6,19,13
0022300219,1610612749,Milwaukee,Bucks,MIL,bucks,240:00,0,27,2,64,18,9,17,84,6,4,13,19
0022300224,1610612744,Golden State,Warriors,GSW,warriors,240:00,10,10,5,18,8,15,7,56,1,3,21,24
0022300224,1610612745,Houston,Rockets,HOU,rockets,240:00,8,15,7,56,10,10,5,18,3,1,24,21
0022300212,1610612742,Dallas,Mavericks,DAL,mavericks,240:00,17,6,9,46,6,22,9,58,2,3,15,20
0022300212,1610612758,Sacramento,Kings,SAC,kings,240:00,6,22,9,58,17,6,9,46,3,2,20,15
0022300223,1610612759,San Antonio,Spurs,SAS,spurs,240:00,13,16,16,46,24,15,12,54,7,3,17,10
0022300223,1610612746,LA,Clippers,LAC,clippers,240:00,24,15,12,54,13,16,16,46,3,7,10,17
0022300211,1610612761,Toronto,Raptors,TOR,raptors,240:00,22,7,27,70,7,9,16,52,5,3,23,23
0022300211,1610612765,Detroit,Pistons,DET,pistons,240:00,7,9,16,52,22,7,27,70,3,5,23,23
0022300225,1610612766,Charlotte,Hornets,CHA,hornets,240:00,14,17,7,52,17,16,18,60,4,3,15,18
0022300225,1610612764,Washington,Wizards,WAS,wizards,240:00,17,16,18,60,14,17,7,52,3,4,18,15
0022300049,1610612749,Milwaukee,Bucks,MIL,bucks,240:00,4,9,7,74,8,12,13,58,6,4,22,24
0022300049,1610612764,Washington,Wizards,WAS,wizards,240:00,8,12,13,58,4,9,7,74,4,6,24,22
0022300232,1610612750,Minnesota,Timberwolves,MIN,timberwolves,240:00,19,16,19,58,16,18,4,44,8,12,21,23
0022300232,1610612755,Philadelphia,76ers,PHI,sixers,240:00,16,18,4,44,19,16,19,58,12,8,23,21
0022300230,1610612754,Indiana,Pacers,IND,pacers,240:00,32,8,18,64,21,18,12,64,6,3,24,15
0022300230,1610612761,Toronto,Raptors,TOR,raptors,240:00,21,18,12,64,32,8,18,64,3,6,15,24
0022300052,1610612746,LA,Clippers,LAC,clippers,240:00,19,16,24,48,12,17,12,52,8,5,24,19
0022300052,1610612740,New Orleans,Pelicans,NOP,pelicans,240:00,12,17,12,52,19,16,24,48,5,8,19,24
0022300240,1610612751,Brooklyn,Nets,BKN,nets,240:00,18,6,11,50,12,25,7,42,9,3,18,18
0022300240,1610612748,Miami,Heat,MIA,heat,240:00,12,25,7,42,18,6,11,50,3,9,18,18
0022300044,1610612763,Memphis,Grizzlies,MEM,grizzlies,240:00,9,11,9,48,24,11,10,42,2,6,22,12
0022300044,1610612756,Phoenix,Suns,PHX,suns,240:00,24,11,10,42,9,11,9,48,6,2,12,22
0022300234,1610612760,Oklahoma City,Thunder,OKC,thunder,240:00,15,10,6,42,25,14,4,28,12,2,17,26
0022300234,1610612741,Chicago,Bulls,CHI,bulls,240:00,25,14,4,28,15,10,6,42,2,12,26,17
0022300045,1610612752,New York,Knicks,NYK,knicks,240:00,14,5,16,54,25,8,18,40,2,0,14,19
0022300045,1610612748,Miami,Heat,MIA,heat,240:00,25,8,18,40,14,5,16,54,0,2,19,14
0022300237,1610612757,Portland,Trail Blazers,POR,blazers,240:00,31,12,14,54,9,18,11,50,6,3,21,13
0022300237,1610612762,Utah,Jazz,UTA,jazz,240:00,9,18,11,50,31,12,14,54,3,6,13,21
0022300046,1610612761,Toronto,Raptors,TOR,raptors,240:00,15,17,11,50,20,14,9,46,6,2,14,20
0022300046,1610612741,Chicago,Bulls,CHI,bulls,240:00,20,14,9,46,15,17,11,50,2,6,20,14
0022300050,1610612750,Minnesota,Timberwolves,MIN,timberwolves,240:00,13,15,9,42,22,26,10,58,9,4,18,19
0022300050,1610612758,Sacramento,Kings,SAC,kings,240:00,22,26,10,58,13,15,9,42,4,9,19,18
0022300042,1610612747,Los Angeles,Lakers,LAL,lakers,240:00,21,8,24,76,19,22,8,54,5,3,15,22
0022300042,1610612762,Utah,Jazz,UTA,jazz,240:00,19,22,8,54,21,8,24,76,3,5,22,15
0022300243,1610612762,Utah,Jazz,UTA,jazz,240:00,15,12,26,40,22,7,13,42,6,4,13,17
0022300243,1610612740,New Orleans,Pelicans,NOP,pelicans,240:00,22,7,13,42,15,12,26,40,4,6,17,13
0022300038,1610612753,Orlando,Magic,ORL,magic,240:00,31,27,23,68,13,5,9,36,8,6,19,20
0022300038,1610612761,Toronto,Raptors,TOR,raptors,240:00,13,5,9,36,31,27,23,68,6,8,20,19
0022300229,1610612739,Cleveland,Cavaliers,CLE,cavaliers,240:00,13,5,9,36,28,19,12,38,6,7,17,19
0022300229,1610612748,Miami,Heat,MIA,heat,240:00,28,19,12,38,13,5,9,36,7,6,19,17
0022300242,1610612739,Cleveland,Cavaliers,CLE,cavaliers,240:00,17,11,20,62,16,17,12,70,4,8,16,15
0022300242,1610612747,Los Angeles,Lakers,LAL,lakers,240:00,16,17,12,70,17,11,20,62,8,4,15,16
0022300047,1610612754,Indiana,Pacers,IND,pacers,240:00,14,23,13,60,13,18,20,62,8,11,21,18
0022300047,1610612765,Detroit,Pistons,DET,pistons,240:00,13,18,20,62,14,23,13,60,11,8,18,21
0022300048,1610612745,Houston,Rockets,HOU,rockets,240:00,12,9,14,44,21,16,6,36,9,4,21,14
0022300048,1610612743,Denver,Nuggets,DEN,nuggets,240:00,21,16,6,36,12,9,14,44,4,9,14,21
0022300227,1610612737,Atlanta,Hawks,ATL,hawks,265:00,25,30,18,54,14,27,9,62,8,6,18,24
0022300227,1610612751,Brooklyn,Nets,BKN,nets,265:00,14,27,9,62,25,30,18,54,6,8,24,18
0022300228,1610612738,Boston,Celtics,BOS,celtics,240:00,14,9,12,46,16,19,9,58,5,2,15,19
0022300228,1610612749,Milwaukee,Bucks,MIL,bucks,240:00,16,19,9,58,14,9,12,46,2,5,19,15
0022300226,1610612753,Orlando,Magic,ORL,magic,240:00,17,22,12,60,12,20,4,44,7,2,21,25
0022300226,1610612743,Denver,Nuggets,DEN,nuggets,240:00,12,20,4,44,17,22,12,60,2,7,25,21
0022300238,1610612747,Los Angeles,Lakers,LAL,lakers,240:00,4,8,6,52,17,13,18,36,2,4,17,18
0022300238,1610612742,Dallas,Mavericks,DAL,mavericks,240:00,17,13,18,36,4,8,6,52,4,2,18,17
0022300043,1610612753,Orlando,Magic,ORL,magic,240:00,14,21,10,60,25,8,15,40,3,4,28,18
0022300043,1610612738,Boston,Celtics,BOS,celtics,240:00,25,8,15,40,14,21,10,60,4,3,18,28
0022300051,1610612744,Golden State,Warriors,GSW,warriors,240:00,20,8,11,30,34,18,13,48,2,3,21,18
0022300051,1610612759,San Antonio,Spurs,SAS,spurs,240:00,34,18,13,48,20,8,11,30,3,2,18,21
0022300236,1610612756,Phoenix,Suns,PHX,suns,240:00,27,10,11,40,17,9,19,56,8,3,22,34
0022300236,1610612744,Golden State,Warriors,GSW,warriors,240:00,17,9,19,56,27,10,11,40,3,8,34,22
0022300233,1610612740,New Orleans,Pelicans,NOP,pelicans,240:00,20,15,5,62,5,4,16,28,2,1,28,25
0022300233,1610612758,Sacramento,Kings,SAC,kings,240:00,5,4,16,28,20,15,5,62,1,2,25,28
0022300244,1610612746,LA,Clippers,LAC,clippers,240:00,7,25,19,54,11,10,17,32,6,5,16,24
0022300244,1610612742,Dallas,Mavericks,DAL,mavericks,240:00,11,10,17,32,7,25,19,54,5,6,24,16
0022300231,1610612745,Houston,Rockets,HOU,rockets,240:00,9,7,5,42,5,6,0,32,6,7,22,19
0022300231,1610612763,Memphis,Grizzlies,MEM,grizzlies,240:00,5,6,0,32,9,7,5,42,7,6,19,22
0022300241,1610612764,Washington,Wizards,WAS,wizards,240:00,15,13,9,58,27,19,18,62,6,2,17,15
0022300241,1610612737,Atlanta,Hawks,ATL,hawks,240:00,27,19,18,62,15,13,9,58,2,6,15,17
0022300239,1610612760,Oklahoma City,Thunder,OKC,thunder,240:00,22,12,12,50,5,21,7,38,3,9,27,26
0022300239,1610612755,Philadelphia,76ers,PHI,sixers,240:00,5,21,7,38,22,12,12,50,9,3,26,27
0022300235,1610612759,San Antonio,Spurs,SAS,spurs,240:00,8,9,17,44,16,10,25,44,6,3,24,23
0022300235,1610612746,LA,Clippers,LAC,clippers,240:00,16,10,25,44,8,9,17,44,3,6,23,24
0022300040,1610612755,Philadelphia,76ers,PHI,sixers,265:00,23,15,26,52,14,16,8,68,8,4,25,21
0022300040,1610612739,Cleveland,Cavaliers,CLE,cavaliers,265:00,14,16,8,68,23,15,26,52,4,8,21,25
0022300039,1610612737,Atlanta,Hawks,ATL,hawks,240:00,17,16,17,74,19,12,20,64,4,11,23,25
0022300039,1610612754,Indiana,Pacers,IND,pacers,240:00,19,12,20,64,17,16,17,74,11,4,25,23
0022300041,1610612756,Phoenix,Suns,PHX,suns,240:00,15,12,20,66,17,26,5,44,8,3,18,20
0022300041,1610612757,Portland,Trail Blazers,POR,blazers,240:00,17,26,5,44,15,12,20,66,3,8,20,18
0022300250,1610612751,Brooklyn,Nets,BKN,nets,240:00,20,13,7,30,13,14,7,34,2,2,19,18
0022300250,1610612741,Chicago,Bulls,CHI,bulls,240:00,13,14,7,34,20,13,7,30,2,2,18,19
0022300245,1610612749,Milwaukee,Bucks,MIL,bucks,240:00,23,15,11,40,27,14,21,40,11,4,20,26
0022300245,1610612757,Portland,Trail Blazers,POR,blazers,240:00,27,14,21,40,23,15,11,40,4,11,26,20
0022300247,1610612752,New York,Knicks,NYK,knicks,240:00,20,16,12,42,12,20,4,38,5,11,19,25
0022300247,1610612756,Phoenix,Suns,PHX,suns,240:00,12,20,4,38,20,16,12,42,11,5,25,19
0022300246,1610612738,Boston,Celtics,BOS,celtics,240:00,26,17,8,46,11,8,18,34,3,4,19,17
0022300246,1610612737,Atlanta,Hawks,ATL,hawks,240:00,11,8,18,34,26,17,8,46,4,3,17,19
0022300251,1610612739,Cleveland,Cavaliers,CLE,cavaliers,240:00,15,20,23,58,10,22,12,50,5,3,18,11
0022300251,1610612761,Toronto,Raptors,TOR,raptors,240:00,10,22,12,50,15,20,23,58,3,5,11,18
0022300252,1610612743,Denver,Nuggets,DEN,nuggets,240:00,18,20,17,66,26,12,24,48,3,6,25,22
0022300252,1610612759,San Antonio,Spurs,SAS,spurs,240:00,26,12,24,48,18,20,17,66,6,3,22,25
0022300248,1610612753,Orlando,Magic,ORL,magic,240:00,28,9,18,74,17,9,10,60,3,7,26,26
0022300248,1610612766,Charlotte,Hornets,CHA,hornets,240:00,17,9,10,60,28,9,18,74,7,3,26,26
0022300249,1610612763,Memphis,Grizzlies,MEM,grizzlies,240:00,15,21,11,36,14,7,11,48,4,5,18,26
0022300249,1610612750,Minnesota,Timberwolves,MIN,timberwolves,240:00,14,7,11,48,15,21,11,36,5,4,26,18
0022300254,1610612754,Indiana,Pacers,IND,pacers,240:00,15,12,9,58,20,13,4,44,6,4,24,21
0022300254,1610612757,Portland,Trail Blazers,POR,blazers,240:00,20,13,4,44,15,12,9,58,4,6,21,24
0022300255,1610612755,Philadelphia,76ers,PHI,sixers,240:00,24,26,13,38,9,9,20,58,2,4,17,18
0022300255,1610612747,Los Angeles,Lakers,LAL,lakers,240:00,9,9,20,58,24,26,13,38,4,2,18,17
0022300253,1610612765,Detroit,Pistons,DET,pistons,240:00,9,10,20,66,13,8,20,62,11,6,22,18
0022300253,1610612764,Washington,Wizards,WAS,wizards,240:00,13,8,20,62,9,10,20,66,6,11,18,22
0022300257,1610612746,LA,Clippers,LAC,clippers,240:00,18,10,8,50,17,12,6,54,9,6,23,22
0022300257,1610612743,Denver,Nuggets,DEN,nuggets,240:00,17,12,6,54,18,10,8,50,6,9,22,23
0022300256,1610612762,Utah,Jazz,UTA,jazz,240:00,7,20,19,38,18,9,14,68,4,1,23,25
0022300256,1610612740,New Orleans,Pelicans,NOP,pelicans,240:00,18,9,14,68,7,20,19,38,1,4,25,23
0022300058,1610612750,Minnesota,Timberwolves,MIN,timberwolves,240:00,12,19,5,32,21,4,9,36,9,4,17,23
0022300058,1610612760,Oklahoma City,Thunder,OKC,thunder,240:00,21,4,9,36,12,19,5,32,4,9,23,17
0022300060,1610612758,Sacramento,Kings,SAC,kings,240:00,26,9,10,50,13,7,7,38,7,6,23,31
0022300060,1610612744,Golden State,Warriors,GSW,warriors,240:00,13,7,7,38,26,9,10,50,6,7,31,23
0022300059,1610612742,Dallas,Mavericks,DAL,mavericks,240:00,16,20,10,50,11,22,10,56,4,6,25,27
0022300059,1610612745,Houston,Rockets,HOU,rockets,240:00,11,22,10,56,16,20,10,50,6,4,27,25
0022300055,1610612739,Cleveland,Cavaliers,CLE,cavaliers,240:00,12,14,19,64,14,20,12,32,12,3,20,16
0022300055,1610612737,Atlanta,Hawks,ATL,hawks,240:00,14,20,12,32,12,14,19,64,3,12,16,20
0022300056,1610612748,Miami,Heat,MIA,heat,240:00,10,15,9,62,9,14,16,54,5,4,22,21
0022300056,1610612749,Milwaukee,Bucks,MIL,bucks,240:00,9,14,16,54,10,15,9,62,4,5,21,22
0022300054,1610612751,Brooklyn,Nets,BKN,nets,240:00,8,8,14,50,20,15,12,34,8,3,17,21
0022300054,1610612761,Toronto,Raptors,TOR,raptors,240:00,20,15,12,34,8,8,14,50,3,8,21,17
0022300053,1610612738,Boston,Celtics,BOS,celtics,240:00,13,16,16,46,16,13,13,42,9,7,18,13
0022300053,1610612741,Chicago,Bulls,CHI,bulls,240:00,16,13,13,42,13,16,16,46,7,9,13,18
0022300057,1610612752,New York,Knicks,NYK,knicks,240:00,23,28,13,48,20,14,14,42,7,2,12,14
0022300057,1610612766,Charlotte,Hornets,CHA,hornets,240:00,20,14,14,42,23,28,13,48,2,7,14,12
0022300261,1610612763,Memphis,Grizzlies,MEM,grizzlies,240:00,16,17,23,58,16,19,9,36,10,8,15,14
0022300261,1610612762,Utah,Jazz,UTA,jazz,240:00,16,19,9,36,16,17,23,58,8,10,14,15
0022300260,1610612761,Toronto,Raptors,TOR,raptors,240:00,5,14,20,60,10,28,12,48,5,5,22,15
0022300260,1610612756,Phoenix,Suns,PHX,suns,240:00,10,28,12,48,5,14,20,60,5,5,15,22
0022300264,1610612758,Sacramento,Kings,SAC,kings,240:00,5,12,3,48,13,8,9,60,1,5,20,20
0022300264,1610612746,LA,Clippers,LAC,clippers,240:00,13,8,9,60,5,12,3,48,5,1,20,20
0022300259,1610612753,Orlando,Magic,ORL,magic,240:00,12,5,15,66,25,14,32,52,6,3,22,20
0022300259,1610612764,Washington,Wizards,WAS,wizards,240:00,25,14,32,52,12,5,15,66,3,6,20,22
0022300258,1610612765,Detroit,Pistons,DET,pistons,240:00,13,5,13,42,17,15,22,58,3,10,31,12
0022300258,1610612747,Los Angeles,Lakers,LAL,lakers,240:00,17,15,22,58,13,5,13,42,10,3,12,31
0022300263,1610612743,Denver,Nuggets,DEN,nuggets,240:00,13,27,9,54,2,15,10,44,2,5,18,20
0022300263,1610612745,Houston,Rockets,HOU,rockets,240:00,2,15,10,44,13,27,9,54,5,2,20,18
0022300262,1610612740,New Orleans,Pelicans,NOP,pelicans,240:00,29,14,17,60,24,17,9,50,4,7,22,26
0022300262,1610612755,Philadelphia,76ers,PHI,sixers,240:00,24,17,9,50,29,14,17,60,7,4,26,22
0022300276,1610612761,Toronto,Raptors,TOR,raptors,240:00,14,23,22,60,11,16,13,48,6,3,19,15
0022300276,1610612752,New York,Knicks,NYK,knicks,240:00,11,16,13,48,14,23,22,60,3,6,15,19
0022300272,1610612759,San Antonio,Spurs,SAS,spurs,240:00,10,11,20,48,14,9,13,56,7,2,22,25
0022300272,1610612737,Atlanta,Hawks,ATL,hawks,240:00,14,9,13,56,10,11,20,48,2,7,25,22
0022300275,1610612738,Boston,Celtics,BOS,celtics,240:00,26,14,19,42,23,16,14,50,8,5,18,24
0022300275,1610612755,Philadelphia,76ers,PHI,sixers,240:00,23,16,14,50,26,14,19,42,5,8,24,18
0022300268,1610612752,New York,Knicks,NYK,knicks,240:00,21,16,8,44,22,7,14,44,3,3,17,25
0022300268,1610612765,Detroit,Pistons,DET,pistons,240:00,22,7,14,44,21,16,8,44,3,3,25,17
0022300271,1610612760,Oklahoma City,Thunder,OKC,thunder,240:00,14,13,26,56,14,6,12,38,6,2,24,20
0022300271,1610612747,Los Angeles,Lakers,LAL,lakers,240:00,14,6,12,38,14,13,26,56,2,6,20,24
0022300265,1610612739,Cleveland,Cavaliers,CLE,cavaliers,240:00,31,24,19,50,23,16,17,46,2,4,15,17
0022300265,1610612757,Portland,Trail Blazers,POR,blazers,240:00,23,16,17,46,31,24,19,50,4,2,17,15
0022300270,1610612750,Minnesota,Timberwolves,MIN,timberwolves,240:00,20,8,25,50,10,15,8,42,7,4,16,19
0022300270,1610612762,Utah,Jazz,UTA,jazz,240:00,10,15,8,42,20,8,25,50,4,7,19,16
0022300274,1610612753,Orlando,Magic,ORL,magic,240:00,16,16,7,60,16,16,14,56,8,5,23,29
0022300274,1610612764,Washington,Wizards,WAS,wizards,240:00,16,16,14,56,16,16,7,60,5,8,29,23
0022300266,1610612751,Brooklyn,Nets,BKN,nets,240:00,13,32,20,66,12,18,11,38,4,7,11,16
0022300266,1610612766,Charlotte,Hornets,CHA,hornets,240:00,12,18,11,38,13,32,20,66,7,4,16,11
0022300278,1610612740,New Orleans,Pelicans,NOP,pelicans,240:00,24,18,13,52,14,14,5,38,6,5,15,21
0022300278,1610612759,San Antonio,Spurs,SAS,spurs,240:00,14,14,5,38,24,18,13,52,5,6,21,15
0022300279,1610612756,Phoenix,Suns,PHX,suns,240:00,11,10,12,56,11,8,10,56,8,4,17,21
0022300279,1610612743,Denver,Nuggets,DEN,nuggets,240:00,11,8,10,56,11,10,12,56,4,8,21,17
0022300267,1610612748,Miami,Heat,MIA,heat,240:00,10,22,15,70,22,21,22,74,1,5,28,31
0022300267,1610612754,Indiana,Pacers,IND,pacers,240:00,22,21,22,74,10,22,15,70,5,1,31,28
0022300273,1610612744,Golden State,Warriors,GSW,warriors,240:00,11,15,14,46,11,18,15,58,4,1,18,21
0022300273,1610612746,LA,Clippers,LAC,clippers,240:00,11,18,15,58,11,15,14,46,1,4,21,18
0022300269,1610612741,Chicago,Bulls,CHI,bulls,265:00,25,17,20,52,19,17,11,44,4,6,18,21
0022300269,1610612749,Milwaukee,Bucks,MIL,bucks,265:00,19,17,11,44,25,17,20,52,6,4,21,18
0022300277,1610612742,Dallas,Mavericks,DAL,mavericks,240:00,14,16,18,40,19,19,9,50,5,12,13,23
0022300277,1610612763,Memphis,Grizzlies,MEM,grizzlies,240:00,19,19,9,50,14,16,18,40,12,5,23,13
0022300287,1610612742,Dallas,Mavericks,DAL,mavericks,240:00,23,8,8,36,26,13,17,42,12,5,21,24
0022300287,1610612760,Oklahoma City,Thunder,OKC,thunder,240:00,26,13,17,42,23,8,8,36,5,12,24,21
0022300285,1610612741,Chicago,Bulls,CHI,bulls,240:00,18,16,14,48,15,10,16,56,8,1,21,17
0022300285,1610612740,New Orleans,Pelicans,NOP,pelicans,240:00,15,10,16,56,18,16,14,48,1,8,17,21
0022300282,1610612751,Brooklyn,Nets,BKN,nets,240:00,12,24,17,56,7,14,11,46,7,5,21,27
0022300282,1610612753,Orlando,Magic,ORL,magic,240:00,7,14,11,46,12,24,17,56,5,7,27,21
0022300288,1610612756,Phoenix,Suns,PHX,suns,240:00,13,20,9,40,25,4,13,56,5,8,21,31
0022300288,1610612763,Memphis,Grizzlies,MEM,grizzlies,240:00,25,4,13,56,13,20,9,40,8,5,31,21
0022300290,1610612758,Sacramento,Kings,SAC,kings,240:00,20,9,19,60,11,7,11,62,5,7,14,14
0022300290,1610612743,Denver,Nuggets,DEN,nuggets,240:00,11,7,11,62,20,9,19,60,7,5,14,14
0022300289,1610612762,Utah,Jazz,UTA,jazz,265:00,18,24,17,68,17,12,21,42,11,5,21,20
0022300289,1610612757,Portland,Trail Blazers,POR,blazers,265:00,17,12,21,42,18,24,17,68,5,11,20,21
0022300283,1610612765,Detroit,Pistons,DET,pistons,240:00,14,8,9,46,21,5,11,58,3,1,20,18
0022300283,1610612739,Cleveland,Cavaliers,CLE,cavaliers,240:00,21,5,11,58,14,8,9,46,1,3,18,20
0022300284,1610612748,Miami,Heat,MIA,heat,240:00,17,15,0,68,17,4,20,76,1,8,22,24
0022300284,1610612754,Indiana,Pacers,IND,pacers,240:00,17,4,20,76,17,15,0,68,8,1,24,22
0022300291,1610612747,Los Angeles,Lakers,LAL,lakers,240:00,21,13,8,54,11,8,20,34,7,7,17,23
0022300291,1610612745,Houston,Rockets,HOU,rockets,240:00,11,8,20,34,21,13,8,54,7,7,23,17
0022300286,1610612749,Milwaukee,Bucks,MIL,bucks,240:00,17,7,21,60,18,12,10,38,6,4,19,14
0022300286,1610612737,Atlanta,Hawks,ATL,hawks,240:00,18,12,10,38,17,7,21,60,4,6,14,19
0022300281,1610612766,Charlotte,Hornets,CHA,hornets,240:00,15,16,20,50,14,22,0,58,4,3,22,16
0022300281,1610612750,Minnesota,Timberwolves,MIN,timberwolves,240:00,14,22,0,58,15,16,20,50,3,4,16,22
0022300280,1610612746,LA,Clippers,LAC,clippers,240:00,11,4,15,56,16,12,12,38,6,4,21,15
0022300280,1610612744,Golden State,Warriors,GSW,warriors,240:00,16,12,12,38,11,4,15,56,4,6,15,21
0022301202,1610612754,Indiana,Pacers,IND,pacers,240:00,17,9,14,44,10,20,10,56,4,9,15,19
0022301202,1610612738,Boston,Celtics,BOS,celtics,240:00,10,20,10,56,17,9,14,44,9,4,19,15
0022301204,1610612758,Sacramento,Kings,SAC,kings,240:00,12,13,15,38,15,17,14,52,2,7,18,22
0022301204,1610612740,New Orleans,Pelicans,NOP,pelicans,240:00,15,17,14,52,12,13,15,38,7,2,22,18
0022301206,1610612765,Detroit,Pistons,DET,pistons,240:00,14,9,15,56,21,6,10,50,6,8,17,9
0022301206,1610612763,Memphis,Grizzlies,MEM,grizzlies,240:00,21,6,10,50,14,9,15,56,8,6,9,17
0022301230,1610612747,Los Angeles,Lakers,LAL,lakers,240:00,19,8,23,52,14,14,12,46,4,5,16,21
0022301230,1610612740,New Orleans,Pelicans,NOP,pelicans,240:00,14,14,12,46,19,8,23,52,5,4,21,16
0022301208,1610612764,Washington,Wizards,WAS,wizards,240:00,14,4,23,64,7,15,10,68,6,2,22,14
0022301208,1610612755,Philadelphia,76ers,PHI,sixers,240:00,7,15,10,68,14,4,23,64,2,6,14,22
0022301229,1610612749,Milwaukee,Bucks,MIL,bucks,240:00,16,16,7,60,20,23,11,74,9,8,17,21
0022301229,1610612754,Indiana,Pacers,IND,pacers,240:00,20,23,11,74,16,16,7,60,8,9,21,17
0022301210,1610612750,Minnesota,Timberwolves,MIN,timberwolves,240:00,14,12,9,48,18,10,17,56,10,4,16,17
0022301210,1610612759,San Antonio,Spurs,SAS,spurs,240:00,18,10,17,56,14,12,9,48,4,10,17,16
0022301215,1610612746,LA,Clippers,LAC,clippers,240:00,18,8,20,52,19,15,11,46,9,5,14,20
0022301215,1610612743,Denver,Nuggets,DEN,nuggets,240:00,19,15,11,46,18,8,20,52,5,9,20,14
0022301201,1610612749,Milwaukee,Bucks,MIL,bucks,240:00,27,22,11,50,17,19,11,60,6,4,23,17
0022301201,1610612752,New York,Knicks,NYK,knicks,240:00,17,19,11,60,27,22,11,50,4,6,17,23
0022301214,1610612744,Golden State,Warriors,GSW,warriors,240:00,16,22,7,46,23,13,9,40,3,3,19,30
0022301214,1610612757,Portland,Trail Blazers,POR,blazers,240:00,23,13,9,40,16,22,7,46,3,3,30,19
0022301209,1610612737,Atlanta,Hawks,ATL,hawks,240:00,9,13,18,46,13,12,17,50,4,6,23,19
0022301209,1610612751,Brooklyn,Nets,BKN,nets,240:00,13,12,17,50,9,13,18,46,6,4,19,23
0022301203,1610612747,Los Angeles,Lakers,LAL,lakers,240:00,25,19,20,54,18,10,27,42,2,5,19,21
0022301203,1610612756,Phoenix,Suns,PHX,suns,240:00,18,10,27,42,25,19,20,54,5,2,21,19
0022301205,1610612739,Cleveland,Cavaliers,CLE,cavaliers,240:00,13,19,5,58,20,11,10,68,2,6,27,21
0022301205,1610612753,Orlando,Magic,ORL,magic,240:00,20,11,10,68,13,19,5,58,6,2,21,27
0022301212,1610612745,Houston,Rockets,HOU,rockets,240:00,11,19,10,46,26,5,9,50,5,10,16,21
0022301212,1610612760,Oklahoma City,Thunder,OKC,thunder,240:00,26,5,9,50,11,19,10,46,10,5,21,16
0022301207,1610612761,Toronto,Raptors,TOR,raptors,240:00,8,17,5,42,15,12,4,48,8,4,18,18
0022301207,1610612748,Miami,Heat,MIA,heat,240:00,15,12,4,48,8,17,5,42,4,8,18,18
0022301213,1610612742,Dallas,Mavericks,DAL,mavericks,240:00,29,14,31,56,9,14,17,42,5,3,14,20
0022301213,1610612762,Utah,Jazz,UTA,jazz,240:00,9,14,17,42,29,14,31,56,3,5,20,14
0022301211,1610612741,Chicago,Bulls,CHI,bulls,240:00,18,16,13,44,19,12,15,52,6,9,16,24
0022301211,1610612766,Charlotte,Hornets,CHA,hornets,240:00,19,12,15,52,18,16,13,44,9,6,24,16
0022301218,1610612755,Philadelphia,76ers,PHI,sixers,240:00,13,17,17,48,11,24,11,48,8,4,14,23
0022301218,1610612737,Atlanta,Hawks,ATL,hawks,240:00,11,24,11,48,13,17,17,48,4,8,23,14
0022301226,1610612757,Portland,Trail Blazers,POR,blazers,240:00,17,23,22,30,22,21,11,62,1,5,24,23
0022301226,1610612742,Dallas,Mavericks,DAL,mavericks,240:00,22,21,11,62,17,23,22,30,5,1,23,24
0022301223,1610612759,San Antonio,Spurs,SAS,spurs,240:00,7,10,15,44,14,20,13,54,9,2,20,19
0022301223,1610612741,Chicago,Bulls,CHI,bulls,240:00,14,20,13,54,7,10,15,44,2,9,19,20
0022301227,1610612738,Boston,Celtics,BOS,celtics,240:00,14,13,13,52,7,21,15,50,5,3,19,20
0022301227,1610612752,New York,Knicks,NYK,knicks,240:00,7,21,15,50,14,13,13,52,3,5,20,19
0022301221,1610612763,Memphis,Grizzlies,MEM,grizzlies,240:00,12,9,11,42,13,23,10,48,4,8,23,17
0022301221,1610612750,Minnesota,Timberwolves,MIN,timberwolves,240:00,13,23,10,48,12,9,11,42,8,4,17,23
0022301222,1610612760,Oklahoma City,Thunder,OKC,thunder,265:00,35,11,27,78,6,20,4,50,7,2,22,28
0022301222,1610612744,Golden State,Warriors,GSW,warriors,265:00,6,20,4,50,35,11,27,78,2,7,28,22
0022301216,1610612766,Charlotte,Hornets,CHA,hornets,240:00,15,17,13,50,25,19,21,74,4,2,15,21
0022301216,1610612761,Toronto,Raptors,TOR,raptors,240:00,25,19,21,74,15,17,13,50,2,4,21,15
0022301219,1610612751,Brooklyn,Nets,BKN,nets,240:00,22,20,22,76,9,7,7,56,8,7,18,19
0022301219,1610612764,Washington,Wizards,WAS,wizards,240:00,9,7,7,56,22,20,22,76,7,8,19,18
0022301224,1610612743,Denver,Nuggets,DEN,nuggets,240:00,11,9,10,44,16,10,16,36,5,3,24,20
0022301224,1610612745,Houston,Rockets,HOU,rockets,240:00,16,10,16,36,11,9,10,44,3,5,20,24
0022301228,1610612756,Phoenix,Suns,PHX,suns,240:00,12,6,13,56,7,16,16,48,5,0,19,22
0022301228,1610612758,Sacramento,Kings,SAC,kings,240:00,7,16,16,48,12,6,13,56,0,5,22,19
0022301220,1610612748,Miami,Heat,MIA,heat,240:00,12,10,11,42,22,14,23,42,5,2,23,17
0022301220,1610612739,Cleveland,Cavaliers,CLE,cavaliers,240:00,22,14,23,42,12,10,11,42,2,5,17,23
0022301225,1610612762,Utah,Jazz,UTA,jazz,240:00,17,10,19,50,21,15,13,46,10,9,17,18
0022301225,1610612746,LA,Clippers,LAC,clippers,240:00,21,15,13,46,17,10,19,50,9,10,18,17
0022301217,1610612753,Orlando,Magic,ORL,magic,240:00,19,7,13,74,13,9,11,44,4,2,20,17
0022301217,1610612765,Detroit,Pistons,DET,pistons,240:00,13,9,11,44,19,7,13,74,2,4,17,20
0022300300,1610612749,Milwaukee,Bucks,MIL,bucks,265:00,9,12,13,50,8,21,7,42,4,4,21,27
0022300300,1610612741,Chicago,Bulls,CHI,bulls,265:00,8,21,7,42,9,12,13,50,4,4,27,21
0022300303,1610612758,Sacramento,Kings,SAC,kings,240:00,16,16,15,34,11,11,2,50,3,6,24,13
0022300303,1610612751,Brooklyn,Nets,BKN,nets,240:00,11,11,2,50,16,16,15,34,6,3,13,24
0022300292,1610612766,Charlotte,Hornets,CHA,hornets,240:00,22,7,8,34,9,7,11,42,2,3,22,22
0022300292,1610612748,Miami,Heat,MIA,heat,240:00,9,7,11,42,22,7,8,34,3,2,22,22
0022300301,1610612740,New Orleans,Pelicans,NOP,pelicans,240:00,21,18,4,56,20,17,8,50,7,3,20,28
0022300301,1610612750,Minnesota,Timberwolves,MIN,timberwolves,240:00,20,17,8,50,21,18,4,56,3,7,28,20
0022300295,1610612755,Philadelphia,76ers,PHI,sixers,240:00,31,11,15,54,21,7,17,50,6,2,27,19
0022300295,1610612764,Washington,Wizards,WAS,wizards,240:00,21,7,17,50,31,11,15,54,2,6,19,27
0022300294,1610612753,Orlando,Magic,ORL,magic,240:00,26,17,8,56,11,17,9,36,8,3,22,23
0022300294,1610612739,Cleveland,Cavaliers,CLE,cavaliers,240:00,11,17,9,36,26,17,8,56,3,8,23,22
0022300293,1610612765,Detroit,Pistons,DET,pistons,240:00,21,10,18,60,19,21,23,62,4,5,18,20
0022300293,1610612754,Indiana,Pacers,IND,pacers,240:00,19,21,23,62,21,10,18,60,5,4,20,18
0022300304,1610612746,LA,Clippers,LAC,clippers,,0,0,0,0,0,0,0,0,0,0,0,0
0022300304,1610612757,Portland,Trail Blazers,POR,blazers,,0,0,0,0,0,0,0,0,0,0,0,0
0022300299,1610612763,Memphis,Grizzlies,MEM,grizzlies,240:00,21,10,15,42,26,21,7,48,5,9,19,17
0022300299,1610612742,Dallas,Mavericks,DAL,mavericks,240:00,26,21,7,48,21,10,15,42,9,5,17,19
0022300298,1610612745,Houston,Rockets,HOU,rockets,240:00,10,11,10,34,4,8,11,46,2,5,18,14
0022300298,1610612759,San Antonio,Spurs,SAS,spurs,240:00,4,8,11,46,10,11,10,34,5,2,14,18
0022300297,1610612752,New York,Knicks,NYK,knicks,240:00,17,15,14,56,13,23,16,52,3,0,22,21
0022300297,1610612761,Toronto,Raptors,TOR,raptors,240:00,13,23,16,52,17,15,14,56,0,3,21,22
0022300296,1610612737,Atlanta,Hawks,ATL,hawks,240:00,25,20,14,46,14,19,11,64,2,8,21,19
0022300296,1610612743,Denver,Nuggets,DEN,nuggets,240:00,14,19,11,64,25,20,14,46,8,2,19,21
0022300302,1610612760,Oklahoma City,Thunder,OKC,thunder,240:00,28,11,21,58,15,7,15,62,7,9,17,21
0022300302,1610612762,Utah,Jazz,UTA,jazz,240:00,15,7,15,62,28,11,21,58,9,7,21,17
0022300307,1610612741,Chicago,Bulls,CHI,bulls,240:00,10,13,16,38,19,11,9,44,9,4,22,20
0022300307,1610612743,Denver,Nuggets,DEN,nuggets,240:00,19,11,9,44,10,13,16,38,4,9,20,22
0022300309,1610612746,LA,Clippers,LAC,clippers,240:00,18,14,7,62,20,13,12,48,2,2,17,19
0022300309,1610612758,Sacramento,Kings,SAC,kings,240:00,20,13,12,48,18,14,7,62,2,2,19,17
0022300306,1610612742,Dallas,Mavericks,DAL,mavericks,240:00,24,11,16,42,11,16,13,62,5,4,17,20
0022300306,1610612747,Los Angeles,Lakers,LAL,lakers,240:00,11,16,13,62,24,11,16,42,4,5,20,17
0022300305,1610612738,Boston,Celtics,BOS,celtics,240:00,19,13,9,34,15,15,9,34,9,4,13,18
0022300305,1610612739,Cleveland,Cavaliers,CLE,cavaliers,240:00,15,15,9,34,19,13,9,34,4,9,18,13
0022300308,1610612756,Phoenix,Suns,PHX,suns,240:00,17,7,9,36,25,10,16,46,7,1,22,28
0022300308,1610612744,Golden State,Warriors,GSW,warriors,240:00,25,10,16,46,17,7,9,36,1,7,28,22
0022300316,1610612759,San Antonio,Spurs,SAS,spurs,240:00,24,9,17,58,17,4,21,62,6,4,16,16
0022300316,1610612747,Los Angeles,Lakers,LAL,lakers,240:00,17,4,21,62,24,9,17,58,4,6,16,16
0022300311,1610612764,Washington,Wizards,WAS,wizards,240:00,16,2,13,38,27,13,16,56,6,3,16,17
0022300311,1610612740,New Orleans,Pelicans,NOP,pelicans,240:00,27,13,16,56,16,2,13,38,3,6,17,16
0022300313,1610612761,Toronto,Raptors,TOR,raptors,240:00,9,14,26,52,20,11,12,54,9,8,18,18
0022300313,1610612737,Atlanta,Hawks,ATL,hawks,240:00,20,11,12,54,9,14,26,52,8,9,18,18
0022300310,1610612765,Detroit,Pistons,DET,pistons,240:00,11,8,18,46,14,20,12,50,3,4,22,20
0022300310,1610612755,Philadelphia,76ers,PHI,sixers,240:00,14,20,12,50,11,8,18,46,4,3,20,22
0022300312,1610612748,Miami,Heat,MIA,heat,240:00,32,18,12,46,13,8,14,44,3,5,12,18
0022300312,1610612766,Charlotte,Hornets,CHA,hornets,240:00,13,8,14,44,32,18,12,46,5,3,18,12
0022300314,1610612745,Houston,Rockets,HOU,rockets,240:00,10,19,6,48,23,3,6,34,3,4,28,30
0022300314,1610612763,Memphis,Grizzlies,MEM,grizzlies,240:00,23,3,6,34,10,19,6,48,4,3,30,28
0022300315,1610612749,Milwaukee,Bucks,MIL,bucks,240:00,29,18,27,70,24,25,19,56,8,5,24,32
0022300315,1610612754,Indiana,Pacers,IND,pacers,240:00,24,25,19,56,29,18,27,70,5,8,32,24
0022300318,1610612762,Utah,Jazz,UTA,jazz,240:00,10,17,11,50,19,21,14,52,4,4,27,21
0022300318,1610612752,New York,Knicks,NYK,knicks,240:00,19,21,14,52,10,17,11,50,4,4,21,27
0022300317,1610612756,Phoenix,Suns,PHX,suns,240:00,4,8,13,50,15,16,13,50,4,4,20,17
0022300317,1610612751,Brooklyn,Nets,BKN,nets,240:00,15,16,13,50,4,8,13,50,4,4,17,20
0022300323,1610612757,Portland,Trail Blazers,POR,blazers,240:00,19,32,23,50,19,13,21,72,4,9,12,14
0022300323,1610612762,Utah,Jazz,UTA,jazz,240:00,19,13,21,72,19,32,23,50,9,4,14,12
0022300320,1610612748,Miami,Heat,MIA,heat,240:00,5,8,16,38,17,14,15,52,1,2,20,23
0022300320,1610612741,Chicago,Bulls,CHI,bulls,240:00,17,14,15,52,5,8,16,38,2,1,23,20
0022300332,1610612763,Memphis,Grizzlies,MEM,grizzlies,240:00,7,19,4,44,16,15,17,34,8,10,24,19
0022300332,1610612745,Houston,Rockets,HOU,rockets,240:00,16,15,17,34,7,19,4,44,10,8,19,24
0022300330,1610612761,Toronto,Raptors,TOR,raptors,240:00,19,3,16,52,13,24,10,64,6,4,19,19
0022300330,1610612737,Atlanta,Hawks,ATL,hawks,240:00,13,24,10,64,19,3,16,52,4,6,19,19
0022300329,1610612738,Boston,Celtics,BOS,celtics,240:00,26,15,18,52,17,17,8,52,7,2,22,22
0022300329,1610612753,Orlando,Magic,ORL,magic,240:00,17,17,8,52,26,15,18,52,2,7,22,22
0022300319,1610612738,Boston,Celtics,BOS,celtics,240:00,21,16,18,50,20,14,11,50,8,1,15,18
0022300319,1610612739,Cleveland,Cavaliers,CLE,cavaliers,240:00,20,14,11,50,21,16,18,50,1,8,18,15
0022300331,1610612759,San Antonio,Spurs,SAS,spurs,240:00,16,15,19,44,13,12,20,58,5,5,19,15
0022300331,1610612747,Los Angeles,Lakers,LAL,lakers,240:00,13,12,20,58,16,15,19,44,5,5,15,19
0022300324,1610612758,Sacramento,Kings,SAC,kings,240:00,12,22,7,50,20,12,14,62,4,7,22,25
0022300324,1610612760,Oklahoma City,Thunder,OKC,thunder,240:00,20,12,14,62,12,22,7,50,7,4,25,22
0022300327,1610612755,Philadelphia,76ers,PHI,sixers,240:00,24,26,32,40,5,10,15,54,8,7,23,25
0022300327,1610612765,Detroit,Pistons,DET,pistons,240:00,5,10,15,54,24,26,32,40,7,8,25,23
0022300328,1610612764,Washington,Wizards,WAS,wizards,240:00,16,22,26,68,20,19,13,56,8,8,18,25
0022300328,1610612754,Indiana,Pacers,IND,pacers,240:00,20,19,13,56,16,22,26,68,8,8,25,18
0022300333,1610612756,Phoenix,Suns,PHX,suns,240:00,20,14,7,60,20,17,11,56,3,5,17,20
0022300333,1610612752,New York,Knicks,NYK,knicks,240:00,20,17,11,56,20,14,7,60,5,3,20,17
0022300322,1610612743,Denver,Nuggets,DEN,nuggets,240:00,19,13,24,62,8,17,14,56,6,4,15,23
0022300322,1610612751,Brooklyn,Nets,BKN,nets,240:00,8,17,14,56,19,13,24,62,4,6,23,15
0022300321,1610612742,Dallas,Mavericks,DAL,mavericks,240:00,15,7,14,58,16,14,14,54,2,4,19,19
0022300321,1610612750,Minnesota,Timberwolves,MIN,timberwolves,240:00,16,14,14,54,15,7,14,58,4,2,19,19
0022300326,1610612766,Charlotte,Hornets,CHA,hornets,240:00,19,10,15,56,9,13,5,54,4,5,24,17
0022300326,1610612740,New Orleans,Pelicans,NOP,pelicans,240:00,9,13,5,54,19,10,15,56,5,4,17,24
0022300325,1610612746,LA,Clippers,LAC,clippers,240:00,13,15,9,48,9,15,10,40,9,2,20,24
0022300325,1610612744,Golden State,Warriors,GSW,warriors,240:00,9,15,10,40,13,15,9,48,2,9,24,20
0022300337,1610612748,Miami,Heat,MIA,heat,240:00,24,10,15,44,18,12,15,34,2,4,19,19
0022300337,1610612741,Chicago,Bulls,CHI,bulls,240:00,18,12,15,34,24,10,15,44,4,2,19,19
0022300335,1610612766,Charlotte,Hornets,CHA,hornets,240:00,9,6,5,46,12,12,16,64,4,6,14,17
0022300335,1610612755,Philadelphia,76ers,PHI,sixers,240:00,12,12,16,64,9,6,5,46,6,4,17,14
0022300346,1610612749,Milwaukee,Bucks,MIL,bucks,240:00,15,22,9,54,22,5,13,52,1,4,23,21
0022300346,1610612745,Houston,Rockets,HOU,rockets,240:00,22,5,13,52,15,22,9,54,4,1,21,23
0022300343,1610612746,LA,Clippers,LAC,clippers,240:00,13,12,20,60,13,15,21,62,6,4,21,22
0022300343,1610612752,New York,Knicks,NYK,knicks,240:00,13,15,21,62,13,12,20,60,4,6,22,21
0022300341,1610612757,Portland,Trail Blazers,POR,blazers,240:00,20,10,16,72,15,11,15,52,2,2,21,17
0022300341,1610612742,Dallas,Mavericks,DAL,mavericks,240:00,15,11,15,52,20,10,16,72,2,2,17,21
0022300345,1610612759,San Antonio,Spurs,SAS,spurs,240:00,20,7,3,46,16,16,19,56,6,3,15,19
0022300345,1610612740,New Orleans,Pelicans,NOP,pelicans,240:00,16,16,19,56,20,7,3,46,3,6,19,15
0022300339,1610612744,Golden State,Warriors,GSW,warriors,240:00,23,22,11,36,29,11,28,50,5,8,15,21
0022300339,1610612751,Brooklyn,Nets,BKN,nets,240:00,29,11,28,50,23,22,11,36,8,5,21,15
0022300338,1610612750,Minnesota,Timberwolves,MIN,timberwolves,240:00,14,8,2,50,15,17,16,72,4,6,16,15
0022300338,1610612754,Indiana,Pacers,IND,pacers,240:00,15,17,16,72,14,8,2,50,6,4,15,16
0022300347,1610612756,Phoenix,Suns,PHX,suns,240:00,9,19,17,50,19,12,11,46,6,6,16,25
0022300347,1610612764,Washington,Wizards,WAS,wizards,240:00,19,12,11,46,9,19,17,50,6,6,25,16
0022300342,1610612758,Sacramento,Kings,SAC,kings,240:00,20,13,16,48,17,15,2,52,2,3,17,12
0022300342,1610612762,Utah,Jazz,UTA,jazz,240:00,17,15,2,52,20,13,16,48,3,2,12,17
0022300334,1610612749,Milwaukee,Bucks,MIL,bucks,240:00,14,26,10,50,18,20,12,64,8,4,24,23
0022300334,1610612765,Detroit,Pistons,DET,pistons,240:00,18,20,12,64,14,26,10,50,4,8,23,24
0022300340,1610612743,Denver,Nuggets,DEN,nuggets,240:00,11,15,11,52,15,12,18,64,0,9,22,19
0022300340,1610612760,Oklahoma City,Thunder,OKC,thunder,240:00,15,12,18,64,11,15,11,52,9,0,19,22
0022300348,1610612757,Portland,Trail Blazers,POR,blazers,240:00,12,18,30,50,19,14,9,52,4,4,20,20
0022300348,1610612744,Golden State,Warriors,GSW,warriors,240:00,19,14,9,52,12,18,30,50,4,4,20,20
0022300336,1610612739,Cleveland,Cavaliers,CLE,cavaliers,240:00,19,33,4,60,16,9,7,42,3,4,22,21
0022300336,1610612737,Atlanta,Hawks,ATL,hawks,240:00,16,9,7,42,19,33,4,60,4,3,21,22
0022300344,1610612738,Boston,Celtics,BOS,celtics,240:00,6,17,23,44,15,11,14,34,10,4,19,16
0022300344,1610612753,Orlando,Magic,ORL,magic,240:00,15,11,14,34,6,17,23,44,4,10,16,19
0022300355,1610612760,Oklahoma City,Thunder,OKC,thunder,240:00,31,9,17,58,18,6,8,22,10,3,18,19
0022300355,1610612763,Memphis,Grizzlies,MEM,grizzlies,240:00,18,6,8,22,31,9,17,58,3,10,19,18
0022300359,1610612747,Los Angeles,Lakers,LAL,lakers,240:00,13,14,18,52,5,10,14,62,3,6,17,16
0022300359,1610612752,New York,Knicks,NYK,knicks,240:00,5,10,14,62,13,14,18,52,6,3,16,17
0022300353,1610612748,Miami,Heat,MIA,heat,240:00,20,10,12,54,18,12,22,56,4,9,18,19
0022300353,1610612750,Minnesota,Timberwolves,MIN,timberwolves,240:00,18,12,22,56,20,10,12,54,9,4,19,18
0022300351,1610612755,Philadelphia,76ers,PHI,sixers,240:00,13,15,13,44,14,9,13,46,8,9,17,15
0022300351,1610612741,Chicago,Bulls,CHI,bulls,240:00,14,9,13,46,13,15,13,44,9,8,15,17
0022300358,1610612758,Sacramento,Kings,SAC,kings,240:00,8,19,15,66,11,7,15,46,5,6,24,21
0022300358,1610612764,Washington,Wizards,WAS,wizards,240:00,11,7,15,46,8,19,15,66,6,5,21,24
0022300356,1610612743,Denver,Nuggets,DEN,nuggets,240:00,13,6,32,60,11,14,13,48,4,0,19,20
0022300356,1610612742,Dallas,Mavericks,DAL,mavericks,240:00,11,14,13,48,13,6,32,60,0,4,20,19
0022300357,1610612762,Utah,Jazz,UTA,jazz,240:00,13,16,30,54,16,15,10,38,8,9,20,17
0022300357,1610612751,Brooklyn,Nets,BKN,nets,240:00,16,15,10,38,13,16,30,54,9,8,17,20
0022300363,1610612757,Portland,Trail Blazers,POR,blazers,240:00,15,13,6,36,23,11,20,62,4,6,18,15
0022300363,1610612756,Phoenix,Suns,PHX,suns,240:00,23,11,20,62,15,13,6,36,6,4,15,18
0022300352,1610612737,Atlanta,Hawks,ATL,hawks,240:00,16,13,8,54,22,22,21,68,10,3,24,26
0022300352,1610612765,Detroit,Pistons,DET,pistons,240:00,22,22,21,68,16,13,8,54,3,10,26,24
0022300360,1610612740,New Orleans,Pelicans,NOP,pelicans,240:00,26,8,11,50,21,17,13,62,3,7,23,19
0022300360,1610612763,Memphis,Grizzlies,MEM,grizzlies,240:00,21,17,13,62,26,8,11,50,7,3,19,23
0022300349,1610612739,Cleveland,Cavaliers,CLE,cavaliers,265:00,19,26,12,50,15,20,13,60,8,5,25,32
0022300349,1610612745,Houston,Rockets,HOU,rockets,265:00,15,20,13,60,19,26,12,50,5,8,32,25
0022300350,1610612754,Indiana,Pacers,IND,pacers,240:00,18,15,20,62,17,14,11,60,7,9,21,19
0022300350,1610612746,LA,Clippers,LAC,clippers,240:00,17,14,11,60,18,15,20,62,9,7,19,21
0022300361,1610612749,Milwaukee,Bucks,MIL,bucks,240:00,18,16,22,48,9,10,14,66,7,4,15,17
0022300361,1610612759,San Antonio,Spurs,SAS,spurs,240:00,9,10,14,66,18,16,22,48,4,7,17,15
0022300362,1610612744,Golden State,Warriors,GSW,warriors,265:00,9,13,15,54,12,19,19,56,5,5,15,13
0022300362,1610612738,Boston,Celtics,BOS,celtics,265:00,12,19,19,56,9,13,15,54,5,5,13,15
0022300354,1610612761,Toronto,Raptors,TOR,raptors,240:00,17,20,15,64,23,14,17,52,4,6,16,19
0022300354,1610612766,Charlotte,Hornets,CHA,hornets,240:00,23,14,17,52,17,20,15,64,6,4,19,16
0022300389,1610612746,LA,Clippers,LAC,clippers,240:00,4,8,13,50,13,23,21,46,4,5,24,19
0022300389,1610612738,Boston,Celtics,BOS,celtics,240:00,13,23,21,46,4,8,13,50,5,4,19,24
0022300386,1610612744,Golden State,Warriors,GSW,warriors,240:00,5,13,18,50,19,19,23,60,2,4,17,16
0022300386,1610612764,Washington,Wizards,WAS,wizards,240:00,19,19,23,60,5,13,18,50,4,2,16,17
0022300373,1610612758,Sacramento,Kings,SAC,kings,240:00,10,20,6,40,14,18,30,48,8,10,15,17
0022300373,1610612738,Boston,Celtics,BOS,celtics,240:00,14,18,30,48,10,20,6,40,10,8,17,15
0022300372,1610612742,Dallas,Mavericks,DAL,mavericks,240:00,22,19,13,38,14,8,22,60,3,4,19,22
0022300372,1610612746,LA,Clippers,LAC,clippers,240:00,14,8,22,60,22,19,13,38,4,3,22,19
0022300393,1610612737,Atlanta,Hawks,ATL,hawks,240:00,19,21,12,58,24,19,21,76,5,7,22,16
0022300393,1610612763,Memphis,Grizzlies,MEM,grizzlies,240:00,24,19,21,76,19,21,12,58,7,5,16,22
0022300376,1610612741,Chicago,Bulls,CHI,bulls,240:00,20,8,11,58,8,8,21,46,5,7,18,11
0022300376,1610612759,San Antonio,Spurs,SAS,spurs,240:00,8,8,21,46,20,8,11,58,7,5,11,18
0022300377,1610612763,Memphis,Grizzlies,MEM,grizzlies,240:00,21,15,10,48,19,10,21,32,7,9,14,21
0022300377,1610612754,Indiana,Pacers,IND,pacers,240:00,19,10,21,32,21,15,10,48,9,7,21,14
0022300364,1610612739,Cleveland,Cavaliers,CLE,cavaliers,240:00,26,23,15,38,17,9,8,46,3,6,23,22
0022300364,1610612762,Utah,Jazz,UTA,jazz,240:00,17,9,8,46,26,23,15,38,6,3,22,23
0022300394,1610612751,Brooklyn,Nets,BKN,nets,240:00,22,18,12,64,8,9,20,42,3,3,22,25
0022300394,1610612765,Detroit,Pistons,DET,pistons,240:00,8,9,20,42,22,18,12,64,3,3,25,22
0022300378,1610612749,Milwaukee,Bucks,MIL,bucks,240:00,6,15,23,40,14,13,11,60,6,9,22,23
0022300378,1610612753,Orlando,Magic,ORL,magic,240:00,14,13,11,60,6,15,23,40,9,6,23,22
0022300367,1610612755,Philadelphia,76ers,PHI,sixers,240:00,28,15,9,48,17,10,14,58,3,2,25,22
0022300367,1610612750,Minnesota,Timberwolves,MIN,timberwolves,240:00,17,10,14,58,28,15,9,48,2,3,22,25
0022300391,1610612754,Indiana,Pacers,IND,pacers,240:00,21,8,15,40,22,16,14,64,6,5,30,18
0022300391,1610612753,Orlando,Magic,ORL,magic,240:00,22,16,14,64,21,8,15,40,5,6,18,30
0022300384,1610612748,Miami,Heat,MIA,heat,240:00,15,16,9,36,22,13,10,40,2,2,18,23
0022300384,1610612737,Atlanta,Hawks,ATL,hawks,240:00,22,13,10,40,15,16,9,36,2,2,23,18
0022300369,1610612761,Toronto,Raptors,TOR,raptors,240:00,15,10,12,56,16,18,22,62,5,9,12,13
0022300369,1610612743,Denver,Nuggets,DEN,nuggets,240:00,16,18,22,62,15,10,12,56,9,5,13,12
0022300383,1610612751,Brooklyn,Nets,BKN,nets,240:00,9,18,16,58,12,13,9,54,7,5,23,19
0022300383,1610612743,Denver,Nuggets,DEN,nuggets,240:00,12,13,9,54,9,18,16,58,5,7,19,23
0022300385,1610612745,Houston,Rockets,HOU,rockets,240:00,12,17,29,66,20,11,26,50,3,1,22,17
0022300385,1610612742,Dallas,Mavericks,DAL,mavericks,240:00,20,11,26,50,12,17,29,66,1,3,17,22
0022300371,1610612745,Houston,Rockets,HOU,rockets,240:00,16,17,15,50,12,15,7,50,6,3,23,18
0022300371,1610612737,Atlanta,Hawks,ATL,hawks,240:00,12,15,7,50,16,17,15,50,3,6,18,23
0022300365,1610612754,Indiana,Pacers,IND,pacers,240:00,20,19,13,52,21,22,6,60,8,0,20,18
0022300365,1610612766,Charlotte,Hornets,CHA,hornets,240:00,21,22,6,60,20,19,13,52,0,8,18,20
0022300379,1610612760,Oklahoma City,Thunder,OKC,thunder,240:00,20,11,17,58,14,18,15,50,5,5,11,18
0022300379,1610612746,LA,Clippers,LAC,clippers,240:00,14,18,15,50,20,11,17,58,5,5,18,11
0022300374,1610612765,Detroit,Pistons,DET,pistons,240:00,17,11,10,54,27,23,12,64,9,7,19,18
0022300374,1610612762,Utah,Jazz,UTA,jazz,240:00,27,23,12,64,17,11,10,54,7,9,18,19
0022300375,1610612739,Cleveland,Cavaliers,CLE,cavaliers,240:00,7,12,15,44,19,9,24,52,3,4,13,15
0022300375,1610612740,New Orleans,Pelicans,NOP,pelicans,240:00,19,9,24,52,7,12,15,44,4,3,15,13
0022300399,1610612744,Golden State,Warriors,GSW,warriors,240:00,22,15,9,62,14,8,8,42,2,3,14,20
0022300399,1610612757,Portland,Trail Blazers,POR,blazers,240:00,14,8,8,42,22,15,9,62,3,2,20,14
0022300368,1610612751,Brooklyn,Nets,BKN,nets,240:00,16,15,16,40,14,14,21,52,9,7,20,15
0022300368,1610612752,New York,Knicks,NYK,knicks,240:00,14,14,21,52,16,15,16,40,7,9,15,20
0022300398,1610612742,Dallas,Mavericks,DAL,mavericks,240:00,15,23,13,54,14,8,24,50,6,3,18,16
0022300398,1610612759,San Antonio,Spurs,SAS,spurs,240:00,14,8,24,50,15,23,13,54,3,6,16,18
0022300390,1610612766,Charlotte,Hornets,CHA,hornets,240:00,26,15,13,44,23,13,12,48,11,13,15,21
0022300390,1610612743,Denver,Nuggets,DEN,nuggets,240:00,23,13,12,48,26,15,13,44,13,11,21,15
0022300396,1610612741,Chicago,Bulls,CHI,bulls,240:00,19,4,16,42,12,30,6,44,5,4,22,16
0022300396,1610612739,Cleveland,Cavaliers,CLE,cavaliers,240:00,12,30,6,44,19,4,16,42,4,5,16,22
0022300400,1610612758,Sacramento,Kings,SAC,kings,240:00,10,6,5,52,16,4,28,66,2,5,20,18
0022300400,1610612750,Minnesota,Timberwolves,MIN,timberwolves,240:00,16,4,28,66,10,6,5,52,5,2,18,20
0022300370,1610612741,Chicago,Bulls,CHI,bulls,240:00,23,12,15,34,18,10,21,54,6,7,15,11
0022300370,1610612747,Los Angeles,Lakers,LAL,lakers,240:00,18,10,21,54,23,12,15,34,7,6,11,15
0022300392,1610612740,New Orleans,Pelicans,NOP,pelicans,240:00,5,14,0,58,23,17,11,46,7,2,22,20
0022300392,1610612745,Houston,Rockets,HOU,rockets,240:00,23,17,11,46,5,14,0,58,2,7,20,22
0022300380,1610612750,Minnesota,Timberwolves,MIN,timberwolves,240:00,17,17,10,50,13,7,16,40,7,6,19,18
0022300380,1610612747,Los Angeles,Lakers,LAL,lakers,240:00,13,7,16,40,17,17,10,50,6,7,18,19
0022300382,1610612755,Philadelphia,76ers,PHI,sixers,240:00,14,7,17,58,17,19,23,54,6,6,21,16
0022300382,1610612761,Toronto,Raptors,TOR,raptors,240:00,17,19,23,54,14,7,17,58,6,6,16,21
0022300395,1610612761,Toronto,Raptors,TOR,raptors,240:00,16,15,26,50,17,9,8,56,5,5,17,17
0022300395,1610612762,Utah,Jazz,UTA,jazz,240:00,17,9,8,56,16,15,26,50,5,5,17,17
0022300366,1610612753,Orlando,Magic,ORL,magic,240:00,14,16,12,54,8,13,11,34,5,2,24,17
0022300366,1610612748,Miami,Heat,MIA,heat,240:00,8,13,11,34,14,16,12,54,2,5,17,24
0022300388,1610612752,New York,Knicks,NYK,knicks,240:00,16,18,11,48,10,13,22,46,2,2,22,22
0022300388,1610612749,Milwaukee,Bucks,MIL,bucks,240:00,10,13,22,46,16,18,11,48,2,2,22,22
0022300387,1610612758,Sacramento,Kings,SAC,kings,240:00,21,6,21,56,15,18,11,60,7,4,24,19
0022300387,1610612756,Phoenix,Suns,PHX,suns,240:00,15,18,11,60,21,6,21,56,4,7,19,24
0022300381,1610612757,Portland,Trail Blazers,POR,blazers,240:00,15,32,8,50,21,11,23,56,6,6,27,17
0022300381,1610612764,Washington,Wizards,WAS,wizards,240:00,21,11,23,56,15,32,8,50,6,6,17,27
0022300397,1610612760,Oklahoma City,Thunder,OKC,thunder,240:00,10,17,6,52,6,8,16,46,7,7,17,13
0022300397,1610612747,Los Angeles,Lakers,LAL,lakers,240:00,6,8,16,46,10,17,6,52,7,7,13,17
0022300410,1610612740,New Orleans,Pelicans,NOP,pelicans,265:00,18,19,17,56,15,7,23,52,6,17,26,24
0022300410,1610612763,Memphis,Grizzlies,MEM,grizzlies,265:00,15,7,23,52,18,19,17,56,17,6,24,26
0022300447,1610612760,Oklahoma City,Thunder,OKC,thunder,240:00,4,9,16,44,19,15,9,48,6,2,24,21
0022300447,1610612751,Brooklyn,Nets,BKN,nets,240:00,19,15,9,48,4,9,16,44,2,6,21,24
0022300459,1610612755,Philadelphia,76ers,PHI,sixers,230:23,13,8,30,38,17,17,11,49,6,6,22,21
0022300459,1610612741,Chicago,Bulls,CHI,bulls,240:00,19,19,11,52,13,8,30,38,7,6,21,22
0022300448,1610612759,San Antonio,Spurs,SAS,spurs,240:00,14,4,22,50,21,17,11,58,1,7,17,12
0022300448,1610612738,Boston,Celtics,BOS,celtics,240:00,21,17,11,58,14,4,22,50,7,1,12,17
0022300442,1610612741,Chicago,Bulls,CHI,bulls,240:00,13,17,8,62,18,20,15,46,5,5,15,22
0022300442,1610612755,Philadelphia,76ers,PHI,sixers,240:00,18,20,15,46,13,17,8,62,5,5,22,15
0022300455,1610612743,Denver,Nuggets,DEN,nuggets,240:00,20,5,14,42,13,11,4,40,9,5,15,15
0022300455,1610612766,Charlotte,Hornets,CHA,hornets,240:00,13,11,4,40,20,5,14,42,5,9,15,15
0022300458,1610612746,LA,Clippers,LAC,clippers,240:00,24,9,19,52,22,20,4,42,3,3,20,17
0022300458,1610612748,Miami,Heat,MIA,heat,240:00,22,20,4,42,24,9,19,52,3,3,17,20
0022300453,1610612745,Houston,Rockets,HOU,rockets,240:00,33,9,17,68,14,12,15,50,1,4,19,21
0022300453,1610612765,Detroit,Pistons,DET,pistons,240:00,14,12,15,50,33,9,17,68,4,1,21,19
0022300425,1610612743,Denver,Nuggets,DEN,nuggets,240:00,16,15,20,64,17,10,12,46,7,5,19,13
0022300425,1610612763,Memphis,Grizzlies,MEM,grizzlies,240:00,17,10,12,46,16,15,20,64,5,7,13,19
0022300409,1610612745,Houston,Rockets,HOU,rockets,240:00,24,22,12,74,17,13,12,44,2,7,16,22
0022300409,1610612754,Indiana,Pacers,IND,pacers,240:00,17,13,12,44,24,22,12,74,7,2,22,16
0022300427,1610612757,Portland,Trail Blazers,POR,blazers,240:00,6,20,2,38,10,10,21,60,4,10,22,20
0022300427,1610612759,San Antonio,Spurs,SAS,spurs,240:00,10,10,21,60,6,20,2,38,10,4,20,22
0022300424,1610612740,New Orleans,Pelicans,NOP,pelicans,240:00,17,4,15,62,11,19,10,42,7,3,19,15
0022300424,1610612762,Utah,Jazz,UTA,jazz,240:00,11,19,10,42,17,4,15,62,3,7,15,19
0022300437,1610612757,Portland,Trail Blazers,POR,blazers,240:00,18,18,7,60,23,22,23,62,6,3,19,19
0022300437,1610612759,San Antonio,Spurs,SAS,spurs,240:00,23,22,23,62,18,18,7,60,3,6,19,19
0022300405,1610612756,Phoenix,Suns,PHX,suns,240:00,9,14,20,46,22,10,12,50,2,6,21,20
0022300405,1610612742,Dallas,Mavericks,DAL,mavericks,240:00,22,10,12,50,9,14,20,46,6,2,20,21
0022300422,1610612741,Chicago,Bulls,CHI,bulls,240:00,13,11,7,60,20,12,31,38,4,9,20,21
0022300422,1610612754,Indiana,Pacers,IND,pacers,240:00,20,12,31,38,13,11,7,60,9,4,21,20
0022300414,1610612746,LA,Clippers,LAC,clippers,240:00,18,15,14,42,17,11,19,62,3,6,14,23
0022300414,1610612766,Charlotte,Hornets,CHA,hornets,240:00,17,11,19,62,18,15,14,42,6,3,23,14
0022300415,1610612753,Orlando,Magic,ORL,magic,240:00,14,10,18,40,15,16,23,58,11,8,18,19
0022300415,1610612755,Philadelphia,76ers,PHI,sixers,240:00,15,16,23,58,14,10,18,40,8,11,19,18
0022300446,1610612740,New Orleans,Pelicans,NOP,pelicans,240:00,17,25,19,42,13,7,15,50,6,10,22,15
0022300446,1610612747,Los Angeles,Lakers,LAL,lakers,240:00,13,7,15,50,17,25,19,42,10,6,15,22
0022300429,1610612753,Orlando,Magic,ORL,magic,240:00,12,15,19,58,19,14,15,58,6,4,20,30
0022300429,1610612752,New York,Knicks,NYK,knicks,240:00,19,14,15,58,12,15,19,58,4,6,30,20
0022300444,1610612744,Golden State,Warriors,GSW,warriors,240:00,10,15,20,52,15,11,21,44,3,2,21,14
0022300444,1610612742,Dallas,Mavericks,DAL,mavericks,240:00,15,11,21,44,10,15,20,52,2,3,14,21
0022300464,1610612758,Sacramento,Kings,SAC,kings,240:00,15,22,11,48,17,2,12,48,2,10,23,15
0022300464,1610612766,Charlotte,Hornets,CHA,hornets,240:00,17,2,12,48,15,22,11,48,10,2,15,23
0022300430,1610612764,Washington,Wizards,WAS,wizards,240:00,9,4,10,50,9,26,4,50,5,4,19,13
0022300430,1610612751,Brooklyn,Nets,BKN,nets,240:00,9,26,4,50,9,4,10,50,4,5,13,19
0022300434,1610612745,Houston,Rockets,HOU,rockets,240:00,14,18,16,68,19,19,12,62,6,5,24,21
0022300434,1610612755,Philadelphia,76ers,PHI,sixers,240:00,19,19,12,62,14,18,16,68,5,6,21,24
0022300449,1610612763,Memphis,Grizzlies,MEM,grizzlies,240:00,10,2,7,32,11,15,15,58,1,4,14,22
0022300449,1610612758,Sacramento,Kings,SAC,kings,240:00,11,15,15,58,10,2,7,32,4,1,22,14
0022300463,1610612744,Golden State,Warriors,GSW,warriors,240:00,18,14,5,46,19,22,18,54,6,4,19,24
0022300463,1610612753,Orlando,Magic,ORL,magic,240:00,19,22,18,54,18,14,5,46,4,6,24,19
0022300461,1610612740,New Orleans,Pelicans,NOP,pelicans,240:00,14,15,19,42,12,16,2,44,9,4,12,13
0022300461,1610612751,Brooklyn,Nets,BKN,nets,240:00,12,16,2,44,14,15,19,42,4,9,13,12
0022300423,1610612750,Minnesota,Timberwolves,MIN,timberwolves,240:00,22,15,13,34,29,16,9,38,10,3,21,27
0022300423,1610612742,Dallas,Mavericks,DAL,mavericks,240:00,29,16,9,38,22,15,13,34,3,10,27,21
0022300443,1610612750,Minnesota,Timberwolves,MIN,timberwolves,240:00,12,11,6,48,19,15,18,52,8,4,26,15
0022300443,1610612747,Los Angeles,Lakers,LAL,lakers,240:00,19,15,18,52,12,11,6,48,4,8,15,26
0022300407,1610612764,Washington,Wizards,WAS,wizards,240:00,18,12,23,48,29,17,14,70,8,5,21,16
0022300407,1610612753,Orlando,Magic,ORL,magic,240:00,29,17,14,70,18,12,23,48,5,8,16,21
0022300450,1610612756,Phoenix,Suns,PHX,suns,240:00,16,9,18,56,8,22,15,58,4,4,17,18
0022300450,1610612753,Orlando,Magic,ORL,magic,240:00,8,22,15,58,16,9,18,56,4,4,18,17
0022300445,1610612764,Washington,Wizards,WAS,wizards,240:00,18,7,24,56,12,20,12,54,9,3,21,18
0022300445,1610612737,Atlanta,Hawks,ATL,hawks,240:00,12,20,12,54,18,7,24,56,3,9,18,21
0022300428,1610612747,Los Angeles,Lakers,LAL,lakers,240:00,21,8,20,62,13,8,23,46,7,5,21,14
0022300428,1610612766,Charlotte,Hornets,CHA,hornets,240:00,13,8,23,46,21,8,20,62,5,7,14,21
0022300436,1610612756,Phoenix,Suns,PHX,suns,240:00,5,13,13,40,22,4,9,34,11,3,14,17
0022300436,1610612766,Charlotte,Hornets,CHA,hornets,240:00,22,4,9,34,5,13,13,40,3,11,17,14
0022300420,1610612742,Dallas,Mavericks,DAL,mavericks,240:00,15,12,26,52,12,15,14,46,7,4,21,21
0022300420,1610612739,Cleveland,Cavaliers,CLE,cavaliers,240:00,12,15,14,46,15,12,26,52,4,7,21,21
0022300439,1610612762,Utah,Jazz,UTA,jazz,240:00,29,11,8,60,10,7,10,40,6,8,25,24
0022300439,1610612748,Miami,Heat,MIA,heat,240:00,10,7,10,40,29,11,8,60,8,6,24,25
0022300406,1610612765,Detroit,Pistons,DET,pistons,240:00,10,16,24,50,14,16,4,44,4,7,27,22
0022300406,1610612751,Brooklyn,Nets,BKN,nets,240:00,14,16,4,44,10,16,24,50,7,4,22,27
0022300403,1610612747,Los Angeles,Lakers,LAL,lakers,240:00,3,9,14,50,19,13,23,58,1,7,19,17
0022300403,1610612738,Boston,Celtics,BOS,celtics,240:00,19,13,23,58,3,9,14,50,7,1,17,19
0022300402,1610612743,Denver,Nuggets,DEN,nuggets,240:00,12,17,20,44,23,11,8,50,4,3,17,23
0022300402,1610612744,Golden State,Warriors,GSW,warriors,240:00,23,11,8,50,12,17,20,44,3,4,23,17
0022300438,1610612746,LA,Clippers,LAC,clippers,240:00,19,16,15,54,24,3,18,48,6,4,19,22
0022300438,1610612763,Memphis,Grizzlies,MEM,grizzlies,240:00,24,3,18,48,19,16,15,54,4,6,22,19
0022300457,1610612762,Utah,Jazz,UTA,jazz,240:00,18,15,15,66,8,10,6,48,6,5,15,15
0022300457,1610612742,Dallas,Mavericks,DAL,mavericks,240:00,8,10,6,48,18,15,15,66,5,6,15,15
0022300404,1610612748,Miami,Heat,MIA,heat,240:00,4,13,14,50,21,16,22,46,7,4,17,22
0022300404,1610612755,Philadelphia,76ers,PHI,sixers,240:00,21,16,22,46,4,13,14,50,4,7,22,17
0022300412,1610612759,San Antonio,Spurs,SAS,spurs,240:00,21,10,22,54,13,25,12,56,8,7,18,21
0022300412,1610612762,Utah,Jazz,UTA,jazz,240:00,13,25,12,56,21,10,22,54,7,8,21,18
0022300408,1610612741,Chicago,Bulls,CHI,bulls,240:00,17,24,9,56,16,21,7,52,2,3,17,21
0022300408,1610612737,Atlanta,Hawks,ATL,hawks,240:00,16,21,7,52,17,24,9,56,3,2,21,17
0022300452,1610612761,Toronto,Raptors,TOR,raptors,240:00,13,14,17,52,10,8,19,56,4,2,22,29
0022300452,1610612739,Cleveland,Cavaliers,CLE,cavaliers,240:00,10,8,19,56,13,14,17,52,2,4,29,22
0022300426,1610612744,Golden State,Warriors,GSW,warriors,240:00,18,12,12,50,15,12,10,60,7,1,19,19
0022300426,1610612748,Miami,Heat,MIA,heat,240:00,15,12,10,60,18,12,12,50,1,7,19,19
0022300419,1610612760,Oklahoma City,Thunder,OKC,thunder,240:00,21,6,22,62,5,12,12,50,10,2,21,21
0022300419,1610612752,New York,Knicks,NYK,knicks,240:00,5,12,12,50,21,6,22,62,2,10,21,21
0022300435,1610612743,Denver,Nuggets,DEN,nuggets,240:00,14,7,13,48,25,11,25,46,5,8,17,20
0022300435,1610612760,Oklahoma City,Thunder,OKC,thunder,240:00,25,11,25,46,14,7,13,48,8,5,20,17
0022300433,1610612739,Cleveland,Cavaliers,CLE,cavaliers,240:00,18,10,21,64,16,15,12,52,7,6,20,15
0022300433,1610612749,Milwaukee,Bucks,MIL,bucks,240:00,16,15,12,52,18,10,21,64,6,7,15,20
0022300456,1610612756,Phoenix,Suns,PHX,suns,240:00,30,12,19,38,15,6,19,36,5,10,20,19
0022300456,1610612757,Portland,Trail Blazers,POR,blazers,240:00,15,6,19,36,30,12,19,38,10,5,19,20
0022300432,1610612738,Boston,Celtics,BOS,celtics,240:00,4,21,7,52,22,13,14,48,6,6,17,15
0022300432,1610612761,Toronto,Raptors,TOR,raptors,240:00,22,13,14,48,4,21,7,52,6,6,15,17
0022300401,1610612752,New York,Knicks,NYK,knicks,240:00,14,15,23,72,11,23,12,50,4,4,18,23
0022300401,1610612749,Milwaukee,Bucks,MIL,bucks,240:00,11,23,12,50,14,15,23,72,4,4,23,18
0022300431,1610612737,Atlanta,Hawks,ATL,hawks,240:00,17,26,11,40,9,11,8,52,4,3,16,20
0022300431,1610612758,Sacramento,Kings,SAC,kings,240:00,9,11,8,52,17,26,11,40,3,4,20,16
0022300451,1610612752,New York,Knicks,NYK,knicks,240:00,23,22,13,46,14,10,11,48,4,4,24,22
0022300451,1610612750,Minnesota,Timberwolves,MIN,timberwolves,240:00,14,10,11,48,23,22,13,46,4,4,22,24
0022300411,1610612760,Oklahoma City,Thunder,OKC,thunder,240:00,23,5,11,60,12,8,3,44,7,1,24,16
0022300411,1610612750,Minnesota,Timberwolves,MIN,timberwolves,240:00,12,8,3,44,23,5,11,60,1,7,16,24
0022300417,1610612751,Brooklyn,Nets,BKN,nets,240:00,11,25,13,70,10,15,15,48,2,8,17,18
0022300417,1610612749,Milwaukee,Bucks,MIL,bucks,240:00,10,15,15,48,11,25,13,70,8,2,18,17
0022300460,1610612763,Memphis,Grizzlies,MEM,grizzlies,240:00,12,13,2,44,21,8,5,44,8,8,23,24
0022300460,1610612759,San Antonio,Spurs,SAS,spurs,240:00,21,8,5,44,12,13,2,44,8,8,24,23
0022300421,1610612738,Boston,Celtics,BOS,celtics,265:00,27,17,14,66,17,31,11,54,4,4,15,21
0022300421,1610612765,Detroit,Pistons,DET,pistons,265:00,17,31,11,54,27,17,14,66,4,4,21,15
0022300441,1610612754,Indiana,Pacers,IND,pacers,240:00,16,9,21,50,22,22,18,48,7,2,18,19
0022300441,1610612752,New York,Knicks,NYK,knicks,240:00,22,22,18,48,16,9,21,50,2,7,19,18
0022300418,1610612745,Houston,Rockets,HOU,rockets,240:00,27,9,6,34,12,12,10,50,3,11,21,17
0022300418,1610612756,Phoenix,Suns,PHX,suns,240:00,12,12,10,50,27,9,6,34,11,3,17,21
0022300462,1610612760,Oklahoma City,Thunder,OKC,thunder,240:00,16,4,15,50,18,16,15,46,10,10,22,15
0022300462,1610612738,Boston,Celtics,BOS,celtics,240:00,18,16,15,46,16,4,15,50,10,10,15,22
0022300416,1610612764,Washington,Wizards,WAS,wizards,240:00,21,5,8,56,25,22,28,62,3,5,17,18
0022300416,1610612761,Toronto,Raptors,TOR,raptors,240:00,25,22,28,62,21,5,8,56,5,3,18,17
0022300440,1610612765,Detroit,Pistons,DET,pistons,240:00,8,14,14,50,14,5,20,56,4,5,22,27
0022300440,1610612761,Toronto,Raptors,TOR,raptors,240:00,14,5,20,56,8,14,14,50,5,4,27,22
0022300454,1610612749,Milwaukee,Bucks,MIL,bucks,240:00,11,14,8,50,17,24,16,64,8,5,26,24
0022300454,1610612754,Indiana,Pacers,IND,pacers,240:00,17,24,16,64,11,14,8,50,5,8,24,26
0022300413,1610612757,Portland,Trail Blazers,POR,blazers,240:00,18,15,18,60,12,17,20,62,5,7,17,16
0022300413,1610612758,Sacramento,Kings,SAC,kings,240:00,12,17,20,62,18,15,18,60,7,5,16,17
