gameId,teamId,teamCity,teamName,teamTricode,teamSlug,personId,firstName,familyName,nameI,playerSlug,position,comment,jerseyNum,minutes,speed,distance,reboundChancesOffensive,reboundChancesDefensive,reboundChancesTotal,touches,secondaryAssists,freeThrowAssists,passes,assists,contestedFieldGoalsMade,contestedFieldGoalsAttempted,contestedFieldGoalPercentage,uncontestedFieldGoalsMade,uncontestedFieldGoalsAttempted,uncontestedFieldGoalsPercentage,fieldGoalPercentage,defendedAtRimFieldGoalsMade,defendedAtRimFieldGoalsAttempted,defendedAtRimFieldGoalPercentage
0022500001,1610612745,Houston,Rockets,HOU,rockets,1631095,Jabari,Smith Jr.,J. Smith Jr.,jabari-smith-jr,F,,10,41:45,0.0,0.0,0,0,0,0,0,0,0,0,0,0,0.0,0,0,0.0,0.467,0,0,0.0
0022500001,1610612745,Houston,Rockets,HOU,rockets,1630578,Alperen,Sengun,A. Sengun,alperen-sengun,F,,28,48:53,0.0,0.0,0,0,0,0,0,0,0,7,0,0,0.0,0,0,0.0,0.5,0,0,0.0
0022500001,1610612745,Houston,Rockets,HOU,rockets,203500,Steven,Adams,S. Adams,steven-adams,C,,12,36:30,0.0,0.0,0,0,0,0,0,0,0,3,0,0,0.0,0,0,0.0,0.25,0,0,0.0
0022500001,1610612745,Houston,Rockets,HOU,rockets,201142,Kevin,Durant,K. Durant,kevin-durant,G,,7,47:03,0.0,0.0,0,0,0,0,0,0,0,3,0,0,0.0,0,0,0.0,0.563,0,0,0.0
0022500001,1610612745,Houston,Rockets,HOU,rockets,1641708,Amen,Thompson,A. Thompson,amen-thompson,G,,1,38:36,0.0,0.0,0,0,0,0,0,0,0,5,0,0,0.0,0,0,0.0,0.471,0,0,0.0
0022500001,1610612745,Houston,Rockets,HOU,rockets,1631106,Tari,Eason,T. Eason,tari-eason,,,17,21:36,0.0,0.0,0,0,0,0,0,0,0,0,0,0,0.0,0,0,0.0,0.167,0,0,0.0
0022500001,1610612745,Houston,Rockets,HOU,rockets,1642263,Reed,Sheppard,R. Sheppard,reed-sheppard,,,15,27:47,0.0,0.0,0,0,0,0,0,0,0,4,0,0,0.0,0,0,0.0,0.273,0,0,0.0
0022500001,1610612745,Houston,Rockets,HOU,rockets,203991,Clint,Capela,C. Capela,clint-capela,,,30,7:52,0.0,0.0,0,0,0,0,0,0,0,0,0,0,0.0,0,0,0.0,1.0,0,0,0.0
0022500001,1610612745,Houston,Rockets,HOU,rockets,1629006,Josh,Okogie,J. Okogie,josh-okogie,,,20,19:58,0.0,0.0,0,0,0,0,0,0,0,1,0,0,0.0,0,0,0.0,0.333,0,0,0.0
0022500001,1610612745,Houston,Rockets,HOU,rockets,1631120,JD,Davison,J. Davison,jd-davison,,DNP - Coach's Decision,20,0:00,0.0,0.0,0,0,0,0,0,0,0,0,0,0,0.0,0,0,0.0,0.0,0,0,0.0
0022500001,1610612745,Houston,Rockets,HOU,rockets,1627827,Dorian,Finney-Smith,D. Finney-Smith,dorian-finney-smith,,DND - Injury/Illness,2,0:00,0.0,0.0,0,0,0,0,0,0,0,0,0,0,0.0,0,0,0.0,0.0,0,0,0.0
0022500001,1610612745,Houston,Rockets,HOU,rockets,201145,Jeff,Green,J. Green,jeff-green,,DNP - Coach's Decision,32,0:00,0.0,0.0,0,0,0,0,0,0,0,0,0,0,0.0,0,0,0.0,0.0,0,0,0.0
0022500001,1610612745,Houston,Rockets,HOU,rockets,1630284,Kevon,Harris,K. Harris,kevon-harris,,DNP - Coach's Decision,8,0:00,0.0,0.0,0,0,0,0,0,0,0,0,0,0,0.0,0,0,0.0,0.0,0,0,0.0
0022500001,1610612745,Houston,Rockets,HOU,rockets,1628988,Aaron,Holiday,A. Holiday,aaron-holiday,,DNP - Coach's Decision,0,0:00,0.0,0.0,0,0,0,0,0,0,0,0,0,0,0.0,0,0,0.0,0.0,0,0,0.0
0022500001,1610612745,Houston,Rockets,HOU,rockets,1630256,Jae'Sean,Tate,J. Tate,jaesean-tate,,DND - Injury/Illness,8,0:00,0.0,0.0,0,0,0,0,0,0,0,0,0,0,0.0,0,0,0.0,0.0,0,0,0.0
0022500001,1610612760,Oklahoma City,Thunder,OKC,thunder,1629652,Luguentz,Dort,L. Dort,luguentz-dort,F,,5,45:15,0.0,0.0,0,0,0,0,0,0,0,5,0,0,0.0,0,0,0.0,0.167,0,0,0.0
0022500001,1610612760,Oklahoma City,Thunder,OKC,thunder,1631096,Chet,Holmgren,C. Holmgren,chet-holmgren,F,,7,38:30,0.0,0.0,0,0,0,0,0,0,0,2,0,0,0.0,0,0,0.0,0.647,0,0,0.0
0022500001,1610612760,Oklahoma City,Thunder,OKC,thunder,1628392,Isaiah,Hartenstein,I. Hartenstein,isaiah-hartenstein,C,,55,36:51,0.0,0.0,0,0,0,0,0,0,0,5,0,0,0.0,0,0,0.0,0.4,0,0,0.0
0022500001,1610612760,Oklahoma City,Thunder,OKC,thunder,1641717,Cason,Wallace,C. Wallace,cason-wallace,G,,22,41:39,0.0,0.0,0,0,0,0,0,0,0,5,0,0,0.0,0,0,0.0,0.5,0,0,0.0
0022500001,1610612760,Oklahoma City,Thunder,OKC,thunder,1628983,Shai,Gilgeous-Alexander,S. Gilgeous-Alexander,shai-gilgeous-alexander,G,,2,47:13,0.0,0.0,0,0,0,0,0,0,0,5,0,0,0.0,0,0,0.0,0.462,0,0,0.0
0022500001,1610612760,Oklahoma City,Thunder,OKC,thunder,1631119,Jaylin,Williams,J. Williams,jaylin-williams,,,6,12:53,0.0,0.0,0,0,0,0,0,0,0,1,0,0,0.0,0,0,0.0,0.2,0,0,0.0
0022500001,1610612760,Oklahoma City,Thunder,OKC,thunder,1630598,Aaron,Wiggins,A. Wiggins,aaron-wiggins,,,21,20:32,0.0,0.0,0,0,0,0,0,0,0,1,0,0,0.0,0,0,0.0,0.5,0,0,0.0
0022500001,1610612760,Oklahoma City,Thunder,OKC,thunder,1627936,Alex,Caruso,A. Caruso,alex-caruso,,,9,30:11,0.0,0.0,0,0,0,0,0,0,0,3,0,0,0.0,0,0,0.0,0.333,0,0,0.0
0022500001,1610612760,Oklahoma City,Thunder,OKC,thunder,1642964,Brooks,Barnhizer,B. Barnhizer,brooks-barnhizer,,,23,2:15,0.0,0.0,0,0,0,0,0,0,0,0,0,0,0.0,0,0,0.0,0.0,0,0,0.0
0022500001,1610612760,Oklahoma City,Thunder,OKC,thunder,1642349,Ajay,Mitchell,A. Mitchell,ajay-mitchell,,,25,14:36,0.0,0.0,0,0,0,0,0,0,0,2,0,0,0.0,0,0,0.0,0.5,0,0,0.0
0022500001,1610612760,Oklahoma City,Thunder,OKC,thunder,1642959,Chris,Youngblood,C. Youngblood,chris-youngblood,,,3,0:06,0.0,0.0,0,0,0,0,0,0,0,0,0,0,0.0,0,0,0.0,0.0,0,0,0.0
0022500001,1610612760,Oklahoma City,Thunder,OKC,thunder,1631172,Ousmane,Dieng,O. Dieng,ousmane-dieng,,DNP - Coach's Decision,13,0:00,0.0,0.0,0,0,0,0,0,0,0,0,0,0,0.0,0,0,0.0,0.0,0,0,0.0
0022500002,1610612744,Golden State,Warriors,GSW,warriors,202710,Jimmy,Butler III,J. Butler III,jimmy-butler-iii,F,,10,34:44,0.0,0.0,0,0,0,0,0,0,0,4,0,0,0.0,0,0,0.0,0.5,0,0,0.0
0022500002,1610612744,Golden State,Warriors,GSW,warriors,1630228,Jonathan,Kuminga,J. Kuminga,jonathan-kuminga,F,,1,32:54,0.0,0.0,0,0,0,0,0,0,0,6,0,0,0.0,0,0,0.0,0.545,0,0,0.0
0022500002,1610612744,Golden State,Warriors,GSW,warriors,203110,Draymond,Green,D. Green,draymond-green,C,,23,28:24,0.0,0.0,0,0,0,0,0,0,0,9,0,0,0.0,0,0,0.0,0.5,0,0,0.0
0022500002,1610612744,Golden State,Warriors,GSW,warriors,1641764,Brandin,Podziemski,B. Podziemski,brandin-podziemski,G,,2,32:32,0.0,0.0,0,0,0,0,0,0,0,2,0,0,0.0,0,0,0.0,0.429,0,0,0.0
0022500002,1610612744,Golden State,Warriors,GSW,warriors,201939,Stephen,Curry,S. Curry,stephen-curry,G,,30,32:04,0.0,0.0,0,0,0,0,0,0,0,4,0,0,0.0,0,0,0.0,0.429,0,0,0.0
0022500002,1610612744,Golden State,Warriors,GSW,warriors,1627741,Buddy,Hield,B. Hield,buddy-hield,,,7,22:15,0.0,0.0,0,0,0,0,0,0,0,0,0,0,0.0,0,0,0.0,0.545,0,0,0.0
0022500002,1610612744,Golden State,Warriors,GSW,warriors,1627780,Gary,Payton II,G. Payton II,gary-payton-ii,,,0,12:04,0.0,0.0,0,0,0,0,0,0,0,1,0,0,0.0,0,0,0.0,0.5,0,0,0.0
0022500002,1610612744,Golden State,Warriors,GSW,warriors,201143,Al,Horford,A. Horford,al-horford,,,20,20:15,0.0,0.0,0,0,0,0,0,0,0,1,0,0,0.0,0,0,0.0,0.286,0,0,0.0
0022500002,1610612744,Golden State,Warriors,GSW,warriors,1630611,Gui,Santos,G. Santos,gui-santos,,,15,2:39,0.0,0.0,0,0,0,0,0,0,0,0,0,0,0.0,0,0,0.0,0.0,0,0,0.0
0022500002,1610612744,Golden State,Warriors,GSW,warriors,1642954,Will,Richard,W. Richard,will-richard,,,3,13:35,0.0,0.0,0,0,0,0,0,0,0,1,0,0,0.0,0,0,0.0,1.0,0,0,0.0
0022500002,1610612744,Golden State,Warriors,GSW,warriors,1642366,Quinten,Post,Q. Post,quinten-post,,,21,8:34,0.0,0.0,0,0,0,0,0,0,0,1,0,0,0.0,0,0,0.0,0.0,0,0,0.0
0022500002,1610612744,Golden State,Warriors,GSW,warriors,1631218,Trayce,Jackson-Davis,T. Jackson-Davis,trayce-jackson-davis,,DNP - Coach's Decision,32,0:00,0.0,0.0,0,0,0,0,0,0,0,0,0,0,0.0,0,0,0.0,0.0,0,0,0.0
0022500002,1610612744,Golden State,Warriors,GSW,warriors,1630311,Pat,Spencer,P. Spencer,pat-spencer,,DNP - Coach's Decision,61,0:00,0.0,0.0,0,0,0,0,0,0,0,0,0,0,0.0,0,0,0.0,0.0,0,0,0.0
0022500002,1610612747,Los Angeles,Lakers,LAL,lakers,1630559,Austin,Reaves,A. Reaves,austin-reaves,F,,15,36:20,0.0,0.0,0,0,0,0,0,0,0,9,0,0,0.0,0,0,0.0,0.563,0,0,0.0
0022500002,1610612747,Los Angeles,Lakers,LAL,lakers,1629060,Rui,Hachimura,R. Hachimura,rui-hachimura,F,,28,35:25,0.0,0.0,0,0,0,0,0,0,0,3,0,0,0.0,0,0,0.0,0.5,0,0,0.0
0022500002,1610612747,Los Angeles,Lakers,LAL,lakers,1629028,Deandre,Ayton,D. Ayton,deandre-ayton,C,,5,33:53,0.0,0.0,0,0,0,0,0,0,0,0,0,0,0.0,0,0,0.0,0.714,0,0,0.0
0022500002,1610612747,Los Angeles,Lakers,LAL,lakers,1629216,Gabe,Vincent,G. Vincent,gabe-vincent,G,,7,28:44,0.0,0.0,0,0,0,0,0,0,0,1,0,0,0.0,0,0,0.0,0.25,0,0,0.0
0022500002,1610612747,Los Angeles,Lakers,LAL,lakers,1629029,Luka,Dončić,L. Dončić,luka-dončić,G,,77,40:59,0.0,0.0,0,0,0,0,0,0,0,9,0,0,0.0,0,0,0.0,0.63,0,0,0.0
0022500002,1610612747,Los Angeles,Lakers,LAL,lakers,203935,Marcus,Smart,M. Smart,marcus-smart,,,36,22:46,0.0,0.0,0,0,0,0,0,0,0,0,0,0,0.0,0,0,0.0,0.5,0,0,0.0
0022500002,1610612747,Los Angeles,Lakers,LAL,lakers,1631222,Jake,LaRavia,J. LaRavia,jake-laravia,,,12,15:50,0.0,0.0,0,0,0,0,0,0,0,0,0,0,0.0,0,0,0.0,0.5,0,0,0.0
0022500002,1610612747,Los Angeles,Lakers,LAL,lakers,1629637,Jaxson,Hayes,J. Hayes,jaxson-hayes,,,11,14:07,0.0,0.0,0,0,0,0,0,0,0,1,0,0,0.0,0,0,0.0,0.667,0,0,0.0
0022500002,1610612747,Los Angeles,Lakers,LAL,lakers,1629020,Jarred,Vanderbilt,J. Vanderbilt,jarred-vanderbilt,,,2,11:56,0.0,0.0,0,0,0,0,0,0,0,0,0,0,0.0,0,0,0.0,0.0,0,0,0.0
0022500002,1610612747,Los Angeles,Lakers,LAL,lakers,1642355,Bronny,James,B. James,bronny-james,,DNP - Coach's Decision,9,0:00,0.0,0.0,0,0,0,0,0,0,0,0,0,0,0.0,0,0,0.0,0.0,0,0,0.0
0022500002,1610612747,Los Angeles,Lakers,LAL,lakers,1642261,Dalton,Knecht,D. Knecht,dalton-knecht,,DNP - Coach's Decision,4,0:00,0.0,0.0,0,0,0,0,0,0,0,0,0,0,0.0,0,0,0.0,0.0,0,0,0.0
0022500002,1610612747,Los Angeles,Lakers,LAL,lakers,1631132,Christian,Koloko,C. Koloko,christian-koloko,,DNP - Coach's Decision,10,0:00,0.0,0.0,0,0,0,0,0,0,0,0,0,0,0.0,0,0,0.0,0.0,0,0,0.0
